campaign;campaignId;date;Success Metric Type;Success Metric Value;conversions;unfilteredImpressions;clicks;ctr;cvr (clicks);budgetSpend;gmv;roas;productId;ean;cpc
it_CrossSellReRank_Vegavero (Marketplace Seller)_VEGAVERO Mushroom Mix Complex;649102044;2.6.2026;cpc;0,31;;318;1;0,395257;0;0,31;0;0;upm4XDXPR;4260557422045;0,31
it_MarketplaceBooster_Vegavero (Marketplace Seller)_VEGAVERO Omega 3;626451248;2.6.2026;cpc;0,81;;196;3;1,530612;0;2,43;0;0;upm9KDWAZ;4260557421383;0,81
it_CrossSellReRank_Vegavero (Marketplace Seller)_VEGAVERO Ashwagandha BIO;649076814;2.6.2026;cpc;0,31;;265;3;1,538462;0;0,93;0;0;upmUPLLZH;4260557420676;0,31
it_MarketplaceBooster_Vegavero (Marketplace Seller)_VEGAVERO Olio di Semi di Chia;641627926;2.6.2026;cpc;0,51;;188;0;0;0;0;0;0;upmK7YWLD;4260557422649;0
it_CrossSellReRank_Vegavero (Marketplace Seller)_VEGAVERO Venaflux Complex;649103716;2.6.2026;cpc;0,31;;212;0;0;0;0;0;0;upmKY422A;4260557422212;0
it_MarketplaceBooster_Vegavero (Marketplace Seller)_VEGAVERO Magnesio Complex;620566101;2.6.2026;cpc;0,51;;162;6;3,703704;0;3,06;0;0;upmUZUHTT;4260557421888;0,51
it_MarketplaceBooster_Vegavero (Marketplace Seller)_VEGAVERO Magnesio + Potassio;620566099;2.6.2026;cpc;0,51;;147;2;1,360544;0;1,02;0;0;upm32MART;4260557420287;0,51
it_CrossSellReRank_Vegavero (Marketplace Seller)_VEGAVERO Omega 3;658752940;2.6.2026;cpc;0,81;;195;1;0,729927;0;0,81;0;0;upm9KDWAZ;4260557421383;0,81
it_CrossSellReRank_Vegavero (Marketplace Seller)_VEGAVERO Cysti-Aid Complex;649102998;2.6.2026;cpc;0,31;;168;2;1,5625;0;0,62;0;0;upmTZFCGA;4260557422199;0,31
at_MarketplaceBooster_Vegavero (Marketplace Seller)_VEGAVERO Elektrolyte Plus;620596596;2.6.2026;cpc;0,51;;119;2;1,680672;0;1,02;0;0;upmD23XCL;4260557422823;0,51
com_MarketplaceBooster_Vegavero (Marketplace Seller)_VEGAVERO Drenaflux Complex;629500801;2.6.2026;cpc;1,01;;115;4;3,478261;0;4,04;0;0;upm2XGYDU;4260557422489;1,01
at_CrossSellReRank_Vegavero (Marketplace Seller)_VEGAVERO Beta Carotin;643057199;2.6.2026;cpc;0,31;;130;0;0;0;0;0;0;14250551;4260309484208;0
it_MarketplaceBooster_Vegavero (Marketplace Seller)_VEGAVERO Female Balance Complex;658381497;2.6.2026;cpc;0,51;;103;0;0;0;0;0;0;upmUX2FW3;4260557420638;0
at_CrossSellReRank_Vegavero (Marketplace Seller)_VEGAVERO Female Balance Complex;658280004;2.6.2026;cpc;0,91;;136;1;1;0;0,91;0;0;upmUX2FW3;4260557420638;0,91
it_MarketplaceBooster_Vegavero (Marketplace Seller)_VEGAVERO Riso Rosso Plus;641644118;2.6.2026;cpc;0,51;;92;2;2,173913;0;1,02;0;0;upmDFWTTT;4260557423110;0,51
it_MarketplaceBooster_Vegavero (Marketplace Seller)_VEGAVERO Venaflux Complex;649103715;2.6.2026;cpc;0,51;;85;1;1,176471;0;0,51;0;0;upmKY422A;4260557422212;0,51
at_MarketplaceBooster_Vegavero (Marketplace Seller)_VEGAVERO Omega-3 ?l;625779008;2.6.2026;cpc;1,71;;85;1;1,190476;0;1,71;0;0;upm9KDWAZ;4260557421383;1,71
it_MarketplaceBooster_Vegavero (Marketplace Seller)_VEGAVERO Quercetina Complex;658381383;2.6.2026;cpc;0,51;;82;0;0;0;0;0;0;upmF2AFXC;4260557423509;0
it_CrossSellReRank_Vegavero (Marketplace Seller)_VEGAVERO Light Legs Complex;658381503;2.6.2026;cpc;0,31;;116;0;0;0;0;0;0;upmD7EWMP;4260557420454;0
it_MarketplaceBooster_Vegavero (Marketplace Seller)_VEGAVERO Bromelina;620571075;2.6.2026;cpc;0,51;;78;0;0;0;0;0;0;upm43HM34;4260557421130;0
it_MarketplaceBooster_Vegavero (Marketplace Seller)_VEGAVERO Serenity Complex;641646664;2.6.2026;cpc;0,51;;77;1;1,298701;0;0,51;0;0;upmZFGPHR;4260557422830;0,51
com_CrossSellReRank_Vegavero (Marketplace Seller)_VEGAVERO Cholin Bitartrat;658347159;2.6.2026;cpc;0,31;;102;2;2,702703;0;0,62;0;0;upmU9FP9M;4260557423325;0,31
at_CrossSellReRank_Vegavero (Marketplace Seller)_VEGAVERO Elektrolyte Plus;658280160;2.6.2026;cpc;0,31;;74;1;1,492537;0;0,31;0;0;upmD23XCL;4260557422823;0,31
com_MarketplaceBooster_Vegavero (Marketplace Seller)_VEGAVERO Beta Carotin;620501440;2.6.2026;cpc;1,01;;67;2;2,985075;0;2,02;0;0;14250551;4260309484208;1,01
com_MarketplaceBooster_Vegavero (Marketplace Seller)_VEGAVERO Reflu-X Complex;619682540;2.6.2026;cpc;0,91;;64;1;1,5625;0;0,91;0;0;upm4ZWYPF;4260557420980;0,91
it_CrossSellReRank_Vegavero (Marketplace Seller)_VEGAVERO Astaxantina BIO;649155147;2.6.2026;cpc;0,61;;89;1;1,587302;0;0,61;0;0;upm7GZX42;4260557423165;0,61
it_MarketplaceBooster_Vegavero (Marketplace Seller)_VEGAVERO Griffonia Plus;641628925;2.6.2026;cpc;0,51;;62;1;1,612903;0;0,51;0;0;upmHCULGA;4260557422755;0,51
it_CrossSellReRank_Vegavero (Marketplace Seller)_VEGAVERO Maca Nera Plus;649149549;2.6.2026;cpc;0,81;;84;1;1,639344;0;0,81;0;0;upmG4PKUG;4260557423042;0,81
com_MarketplaceBooster_Vegavero (Marketplace Seller)_VEGAVERO Magnesium Bisglycinat;617842637;2.6.2026;cpc;2,11;;62;2;3,278689;0;4,22;0;0;upmX4LT4H;4260557423257;2,11
it_MarketplaceBooster_Vegavero (Marketplace Seller)_VEGAVERO Sun Care Complex;649077191;2.6.2026;cpc;0,51;;59;1;1,694915;0;0,51;0;0;upm7C9XR2;4260557420836;0,51
it_CrossSellReRank_Vegavero (Marketplace Seller)_VEGAVERO Magnesio Complex;649091773;2.6.2026;cpc;0,31;;86;0;0;0;0;0;0;upmUZUHTT;4260557421888;0
it_CrossSellReRank_Vegavero (Marketplace Seller)_VEGAVERO Vitamina B12 Spray;658334267;2.6.2026;cpc;0,31;;88;0;0;0;0;0;0;14251102;4260557420027;0
com_CrossSellReRank_Vegavero (Marketplace Seller)_VEGAVERO Lecithin BIO;643093526;2.6.2026;cpc;0,61;;100;1;1,754386;0;0,61;0;0;upm2HFKPC;4260557422021;0,61
it_MarketplaceBooster_Vegavero (Marketplace Seller)_VEGAVERO Vitamina B12 Spray;658334266;2.6.2026;cpc;0,51;;57;1;1,754386;0;0,51;0;0;14251102;4260557420027;0,51
it_MarketplaceBooster_Vegavero (Marketplace Seller)_VEGAVERO Prosta-X;658381378;2.6.2026;cpc;1,01;;56;0;0;0;0;0;0;upmKYYZM4;4260557423486;0
it_MarketplaceBooster_Vegavero (Marketplace Seller)_VEGAVERO Vitamina D3 + K2;641650859;2.6.2026;cpc;1,21;;55;1;1,818182;0;1,21;0;0;upm7FHKKZ;4260557421437;1,21
com_MarketplaceBooster_Vegavero (Marketplace Seller)_VEGAVERO Vegan Essentials Complex;627592060;2.6.2026;cpc;0,51;;54;1;1,851852;0;0,51;0;0;upmHHT433;4260557421390;0,51
com_CrossSellReRank_Vegavero (Marketplace Seller)_VEGAVERO Cholin Trio;643092529;2.6.2026;cpc;0,31;;73;2;3,846154;0;0,62;0;0;upm97PFY9;4260557421826;0,31
at_CrossSellReRank_Vegavero (Marketplace Seller)_VEGAVERO Schwarzk?mmel?l BIO;658280057;2.6.2026;cpc;0,61;;74;1;1,923077;0;0,61;0;0;upmEUZ9F7;4260557421376;0,61
com_CrossSellReRank_Vegavero (Marketplace Seller)_VEGAVERO Venaflux Complex;643093981;2.6.2026;cpc;1,41;;62;2;3,921569;0;2,82;0;0;upmKY422A;4260557422212;1,41
it_MarketplaceBooster_Vegavero (Marketplace Seller)_VEGAVERO Ferro;658331730;2.6.2026;cpc;0,51;;51;1;1,960784;0;0,51;0;0;14250692;4260309483065;0,51
com_MarketplaceBooster_Vegavero (Marketplace Seller)_VEGAVERO Omega-3 ?l;620545279;2.6.2026;cpc;1,71;;50;1;2;0;1,71;0;0;upm9KDWAZ;4260557421383;1,71
com_MarketplaceBooster_Vegavero (Marketplace Seller)_VEGAVERO Female Balance Complex;629496626;2.6.2026;cpc;1,21;;50;2;4;0;2,42;0;0;upmUX2FW3;4260557420638;1,21
com_MarketplaceBooster_Vegavero (Marketplace Seller)_VEGAVERO Vitamin B12 Spray Cherry;629516457;2.6.2026;cpc;0,51;;49;1;2,040816;0;0,51;0;0;14251102;4260557420027;0,51
at_MarketplaceBooster_Vegavero (Marketplace Seller)_VEGAVERO Myo-Inositol Complex;625786532;2.6.2026;cpc;1,01;;49;1;2,040816;0;1,01;0;0;upm7PGM77;4260557421765;1,01
com_CrossSellReRank_Vegavero (Marketplace Seller)_VEGAVERO Beta Carotin;643079421;2.6.2026;cpc;0,31;;67;0;0;0;0;0;0;14250551;4260309484208;0
it_CrossSellReRank_Vegavero (Marketplace Seller)_VEGAVERO Prosta-X;658381379;2.6.2026;cpc;0,61;;78;1;2,083333;0;0,61;0;0;upmKYYZM4;4260557423486;0,61
SOLD_OUT_it_MarketplaceBooster_Vegavero (Marketplace Seller)_VEGAVERO Collagene Vegano + Acido Ialuronico;658334348;2.6.2026;cpc;1,21;1;48;3;6,25;33,333333;3,63;53,8;1482,093664;upmK3CG99;4260557422656;1,21
com_CrossSellReRank_Vegavero (Marketplace Seller)_VEGAVERO Drenaflux Complex;643094174;2.6.2026;cpc;0,31;;102;0;0;0;0;0;0;upm2XGYDU;4260557422489;0
it_CrossSellReRank_Vegavero (Marketplace Seller)_VEGAVERO Magnesio Bisglicinato;649159286;2.6.2026;cpc;1,31;;74;2;4,255319;0;2,62;0;0;upmX4LT4H;4260557423257;1,31
com_CrossSellReRank_Vegavero (Marketplace Seller)_VEGAVERO Rosskastanie Plus BIO;643090783;2.6.2026;cpc;0,41;;65;2;4,255319;0;0,82;0;0;upmUR4ZK4;4260557421239;0,41
it_MarketplaceBooster_Vegavero (Marketplace Seller)_VEGAVERO Vitamine B Complex;658331659;2.6.2026;cpc;0,51;;47;2;4,255319;0;1,02;0;0;14251094;4260309482754;0,51
at_MarketplaceBooster_Vegavero (Marketplace Seller)_VEGAVERO Schwarzk?mmel?l BIO;625778996;2.6.2026;cpc;0,81;;46;1;2,173913;0;0,81;0;0;upmEUZ9F7;4260557421376;0,81
at_MarketplaceBooster_Vegavero (Marketplace Seller)_VEGAVERO Reflu-X Complex;658280034;2.6.2026;cpc;0,91;;46;3;6,521739;0;2,73;0;0;upm4ZWYPF;4260557420980;0,91
at_MarketplaceBooster_Vegavero (Marketplace Seller)_VEGAVERO Beta Carotin;620605193;2.6.2026;cpc;1,01;;46;1;2,173913;0;1,01;0;0;14250551;4260309484208;1,01
at_MarketplaceBooster_Vegavero (Marketplace Seller)_VEGAVERO Glucosamin Complex;620608017;2.6.2026;cpc;0,51;;48;0;0;0;0;0;0;upmTYL3Y7;4260557420737;0
com_MarketplaceBooster_Vegavero (Marketplace Seller)_VEGAVERO Natural Jod BIO;619661620;2.6.2026;cpc;0,51;;45;1;2,222222;0;0,51;0;0;14250769;4260557420256;0,51
at_MarketplaceBooster_Vegavero (Marketplace Seller)_VEGAVERO Eisen Bisglycinat;620612855;2.6.2026;cpc;0,51;1;44;2;4,545455;50;1,02;20,9;2049,019608;14250692;4260309483065;0,51
at_CrossSellReRank_Vegavero (Marketplace Seller)_VEGAVERO Eisen Bisglycinat;643050566;2.6.2026;cpc;0,31;;57;0;0;0;0;0;0;14250692;4260309483065;0
it_CrossSellReRank_Vegavero (Marketplace Seller)_VEGAVERO Female Balance Complex;658381499;2.6.2026;cpc;0,31;;85;0;0;0;0;0;0;upmUX2FW3;4260557420638;0
it_MarketplaceBooster_Vegavero (Marketplace Seller)_VEGAVERO Ashwagandha BIO;620566536;2.6.2026;cpc;0,51;;43;1;2,325581;0;0,51;0;0;upmUPLLZH;4260557420676;0,51
SOLD_OUT_com_MarketplaceBooster_Vegavero (Marketplace Seller)_VEGAVERO Vegan Collagen+Hyaluronic Acid;620530762;2.6.2026;cpc;1,51;;43;0;0;0;0;0;0;upmK3CG99;4260557422656;0
at_CrossSellReRank_Vegavero (Marketplace Seller)_VEGAVERO Lecithin BIO;658280090;2.6.2026;cpc;0,71;;52;1;2,325581;0;0,71;0;0;upm2HFKPC;4260557422021;0,71
it_CrossSellReRank_Vegavero (Marketplace Seller)_VEGAVERO Rhodiola Rosea;658445094;2.6.2026;cpc;0,31;;72;1;2,380952;0;0,31;0;0;14251036;4260557420102;0,31
com_MarketplaceBooster_Vegavero (Marketplace Seller)_VEGAVERO Olivenblatt (40% Oleuropein);619682203;2.6.2026;cpc;0,51;;42;0;0;0;0;0;0;upmZ43LYR;4260557420898;0
it_MarketplaceBooster_Vegavero (Marketplace Seller)_VEGAVERO Cardo Mariano Plus;641649766;2.6.2026;cpc;0,51;;42;1;2,380952;0;0,51;0;0;upmR9H2HU;4260557422892;0,51
it_CrossSellReRank_Vegavero (Marketplace Seller)_VEGAVERO Astaxantina;649092862;2.6.2026;cpc;0,41;;63;0;0;0;0;0;0;upmYPTY2W;4260557421925;0
at_MarketplaceBooster_Vegavero (Marketplace Seller)_VEGAVERO D-Mannose Complex;620609091;2.6.2026;cpc;0,51;;42;0;0;0;0;0;0;14250640;4260309482747;0
at_MarketplaceBooster_Vegavero (Marketplace Seller)_VEGAVERO Prostaid Complex;658727261;2.6.2026;cpc;1,31;;40;0;0;0;0;0;0;upmCEE43U;4260557420515;0
at_CrossSellReRank_Vegavero (Marketplace Seller)_VEGAVERO Teufelskralle Plus;658280050;2.6.2026;cpc;0,31;;49;0;0;0;0;0;0;upmD3U322;4260557421192;0
com_CrossSellReRank_Vegavero (Marketplace Seller)_VEGAVERO Eisen Bisglycinat;643077960;2.6.2026;cpc;0,31;;54;0;0;0;0;0;0;14250692;4260309483065;0
at_MarketplaceBooster_Vegavero (Marketplace Seller)_VEGAVERO Female Harmony Complex;658279991;2.6.2026;cpc;0,51;;40;2;5;0;1,02;0;0;upmUFEEWW;4260557420300;0,51
it_MarketplaceBooster_Vegavero (Marketplace Seller)_VEGAVERO Resveratrolo Plus;620567258;2.6.2026;cpc;0,51;;39;0;0;0;0;0;0;upmGDDD7G;4260557420805;0
at_MarketplaceBooster_Vegavero (Marketplace Seller)_VEGAVERO Light Legs Complex;658347596;2.6.2026;cpc;0,51;;40;0;0;0;0;0;0;upmD7EWMP;4260557420454;0
it_CrossSellReRank_Vegavero (Marketplace Seller)_VEGAVERO Sun Care Complex;649077192;2.6.2026;cpc;0,31;;49;0;0;0;0;0;0;upm7C9XR2;4260557420836;0
it_CrossSellReRank_Vegavero (Marketplace Seller)_VEGAVERO Probiotici e Prebiotici BIO;658296371;2.6.2026;cpc;0,31;;54;1;2,702703;0;0,31;0;0;14250976;4260557420034;0,31
it_CrossSellReRank_Vegavero (Marketplace Seller)_VEGAVERO Cordyceps;658334303;2.6.2026;cpc;0,31;;54;0;0;0;0;0;0;14250611;4260309483218;0
it_MarketplaceBooster_Vegavero (Marketplace Seller)_VEGAVERO Cysti-Aid Complex;641622752;2.6.2026;cpc;0,51;;37;3;8,108108;0;1,53;0;0;upmTZFCGA;4260557422199;0,51
com_MarketplaceBooster_Vegavero (Marketplace Seller)_VEGAVERO Rhodiola rosea Extrakt;619660946;2.6.2026;cpc;1,01;;36;0;0;0;0;0;0;14251036;4260557420102;0
com_MarketplaceBooster_Vegavero (Marketplace Seller)_VEGAVERO Sun Care Complex;620501459;2.6.2026;cpc;0,51;;36;2;5,555556;0;1,02;0;0;upm7C9XR2;4260557420836;0,51
com_CrossSellReRank_Vegavero (Marketplace Seller)_VEGAVERO Sun Care Complex;643089603;2.6.2026;cpc;0,31;;48;0;0;0;0;0;0;upm7C9XR2;4260557420836;0
it_MarketplaceBooster_Vegavero (Marketplace Seller)_VEGAVERO Cumino Nero BIO;658352477;2.6.2026;cpc;0,51;;35;0;0;0;0;0;0;upmEUZ9F7;4260557421376;0
it_CrossSellReRank_Vegavero (Marketplace Seller)_VEGAVERO Spirulina BIO +  Clorella BIO;658331804;2.6.2026;cpc;0,31;;49;2;5,714286;0;0,62;0;0;14250597;4260309484185;0,31
it_MarketplaceBooster_Vegavero (Marketplace Seller)_VEGAVERO Liver Active Complex;658445099;2.6.2026;cpc;1,01;;34;0;0;0;0;0;0;14250812;4260557420188;0
at_MarketplaceBooster_Vegavero (Marketplace Seller)_VEGAVERO Sun Care Complex;658280011;2.6.2026;cpc;0,51;;34;0;0;0;0;0;0;upm7C9XR2;4260557420836;0
it_CrossSellReRank_Vegavero (Marketplace Seller)_VEGAVERO Iperico + Passiflora BIO;649077470;2.6.2026;cpc;0,31;;48;0;0;0;0;0;0;upmYMX3D7;4260557421147;0
it_MarketplaceBooster_Vegavero (Marketplace Seller)_VEGAVERO Glucosamin Complex;620567054;2.6.2026;cpc;0,51;;34;1;2,941176;0;0,51;0;0;upmTYL3Y7;4260557420737;0,51
at_MarketplaceBooster_Vegavero (Marketplace Seller)_VEGAVERO Vegan Essentials Complex;620605288;2.6.2026;cpc;0,51;;35;0;0;0;0;0;0;upmHHT433;4260557421390;0
it_CrossSellReRank_Vegavero (Marketplace Seller)_VEGAVERO Cardo Mariano;658352468;2.6.2026;cpc;0,31;;41;0;0;0;0;0;0;upmGMGWYP;4260309481979;0
com_CrossSellReRank_Vegavero (Marketplace Seller)_VEGAVERO Teufelskralle Plus;643090107;2.6.2026;cpc;0,31;;47;1;3,030303;0;0,31;0;0;upmD3U322;4260557421192;0,31
com_MarketplaceBooster_Vegavero (Marketplace Seller)_VEGAVERO Colon Care Complex;627014864;2.6.2026;cpc;0,51;;33;1;3,030303;0;0,51;0;0;14250605;4260557420201;0,51
at_MarketplaceBooster_Vegavero (Marketplace Seller)_VEGAVERO Colon Care Complex;625767929;2.6.2026;cpc;0,51;;33;1;3,030303;0;0,51;0;0;14250605;4260557420201;0,51
it_CrossSellReRank_Vegavero (Marketplace Seller)_VEGAVERO EAA - Aminoacidi Essenziali;649077110;2.6.2026;cpc;1,11;;42;0;0;0;0;0;0;upmGMXXY9;4260557420744;0
com_CrossSellReRank_Vegavero (Marketplace Seller)_VEGAVERO Rhodiola rosea Extrakt;643082833;2.6.2026;cpc;0,31;;49;0;0;0;0;0;0;14251036;4260557420102;0
com_CrossSellReRank_Vegavero (Marketplace Seller)_VEGAVERO Kudzu Plus;643090845;2.6.2026;cpc;0,31;;45;0;0;0;0;0;0;upmRLD9ZM;4260557421314;0
com_MarketplaceBooster_Vegavero (Marketplace Seller)_VEGAVERO Multivitamin Spray Junior;649171519;2.6.2026;cpc;0,51;;31;0;0;0;0;0;0;upm9ZTF3H;4260557421178;0
at_MarketplaceBooster_Vegavero (Marketplace Seller)_VEGAVERO L-Tryptophan;625767437;2.6.2026;cpc;0,51;;31;1;3,225806;0;0,51;0;0;14250841;4260309481108;0,51
com_CrossSellReRank_Vegavero (Marketplace Seller)_VEGAVERO Party Hero;653854384;2.6.2026;cpc;0,31;;52;0;0;0;0;0;0;upmFACEA7;4260557423356;0
it_MarketplaceBooster_Vegavero (Marketplace Seller)_VEGAVERO Probiotici e Prebiotici BIO;658296369;2.6.2026;cpc;0,51;;31;1;3,225806;0;0,51;0;0;14250976;4260557420034;0,51
it_CrossSellReRank_Vegavero (Marketplace Seller)_VEGAVERO Riso Rosso Plus;649150541;2.6.2026;cpc;0,31;;52;0;0;0;0;0;0;upmDFWTTT;4260557423110;0
it_MarketplaceBooster_Vegavero (Marketplace Seller)_VEGAVERO Moringa BIO;658388273;2.6.2026;cpc;0,71;;30;2;6,666667;0;1,42;0;0;14250893;4260309481115;0,71
it_CrossSellReRank_Vegavero (Marketplace Seller)_VEGAVERO Tribulus Terrestris;658296416;2.6.2026;cpc;0,31;;43;0;0;0;0;0;0;14251088;4260309481313;0
com_MarketplaceBooster_Vegavero (Marketplace Seller)_VEGAVERO Schwarzk?mmel?l BIO;658295946;2.6.2026;cpc;0,91;1;30;3;10;33,333333;2,73;53,8;1970,695971;upmEUZ9F7;4260557421376;0,91
it_CrossSellReRank_Vegavero (Marketplace Seller)_VEGAVERO Serenity Complex;649145562;2.6.2026;cpc;0,31;;62;0;0;0;0;0;0;upmZFGPHR;4260557422830;0
it_CrossSellReRank_Vegavero (Marketplace Seller)_VEGAVERO Myo-Inositol Complex;658353200;2.6.2026;cpc;0,61;;45;0;0;0;0;0;0;upm7PGM77;4260557421765;0
com_MarketplaceBooster_Vegavero (Marketplace Seller)_VEGAVERO Elektrolyte Plus;617842699;2.6.2026;cpc;0,51;;29;0;0;0;0;0;0;upmD23XCL;4260557422823;0
it_MarketplaceBooster_Vegavero (Marketplace Seller)_VEGAVERO Myo-Inositol Complex;658353199;2.6.2026;cpc;1,51;;29;1;3,448276;0;1,51;0;0;upm7PGM77;4260557421765;1,51
com_MarketplaceBooster_Vegavero (Marketplace Seller)_VEGAVERO Female Harmony Complex;629496627;2.6.2026;cpc;0,51;;29;1;3,448276;0;0,51;0;0;upmUFEEWW;4260557420300;0,51
com_MarketplaceBooster_Vegavero (Marketplace Seller)_VEGAVERO Vitamin D3+K2 Tropfen;620538813;2.6.2026;cpc;1,51;;29;3;10,344828;0;4,53;0;0;upmKAXT9Y;4260557422915;1,51
it_MarketplaceBooster_Vegavero (Marketplace Seller)_VEGAVERO Vitamina D3 + K2;649145075;2.6.2026;cpc;0,91;;29;1;3,448276;0;0,91;0;0;upmKAXT9Y;4260557422915;0,91
it_CrossSellReRank_Vegavero (Marketplace Seller)_VEGAVERO Magnesio + Potassio;649076465;2.6.2026;cpc;0,31;;56;0;0;0;0;0;0;upm32MART;4260557420287;0
it_MarketplaceBooster_Vegavero (Marketplace Seller)_VEGAVERO Artiglio del Diavolo Plus;620572756;2.6.2026;cpc;0,51;;28;1;3,571429;0;0,51;0;0;upmD3U322;4260557421192;0,51
com_MarketplaceBooster_Vegavero (Marketplace Seller)_VEGAVERO D-Mannose Complex;619660802;2.6.2026;cpc;1,51;1;28;1;3,571429;100;1,51;24,9;1649,006623;14250640;4260309482747;1,51
at_MarketplaceBooster_Vegavero (Marketplace Seller)_VEGAVERO Vitamin D3+K2 Tropfen;626442372;2.6.2026;cpc;1,51;;28;3;10,714286;0;4,53;0;0;upmKAXT9Y;4260557422915;1,51
at_CrossSellReRank_Vegavero (Marketplace Seller)_VEGAVERO Beifu? Extrakt;658280102;2.6.2026;cpc;0,41;;33;0;0;0;0;0;0;upmWMGCRY;4260557422090;0
at_CrossSellReRank_Vegavero (Marketplace Seller)_VEGAVERO Omega-3 ?l;658280058;2.6.2026;cpc;1,31;;39;0;0;0;0;0;0;upm9KDWAZ;4260557421383;0
com_MarketplaceBooster_Vegavero (Marketplace Seller)_VEGAVERO Vitamin B12 Spray Junior;619721771;2.6.2026;cpc;0,51;;27;0;0;0;0;0;0;upm3RXHUC;4260557422229;0
com_MarketplaceBooster_Vegavero (Marketplace Seller)_VEGAVERO MSM Pulver;620565741;2.6.2026;cpc;1,21;;27;0;0;0;0;0;0;upmWCKTTE;4260309481214;0
it_CrossSellReRank_Vegavero (Marketplace Seller)_VEGAVERO Reishi;658296413;2.6.2026;cpc;0,31;;48;0;0;0;0;0;0;14251013;4260309481665;0
it_MarketplaceBooster_Vegavero (Marketplace Seller)_VEGAVERO Ginkgo Biloba;620565877;2.6.2026;cpc;0,51;;27;0;0;0;0;0;0;upmDYUXLH;4260557420119;0
com_MarketplaceBooster_Vegavero (Marketplace Seller)_VEGAVERO Myo-Inositol Complex;658295457;2.6.2026;cpc;1,71;;27;2;7,407407;0;3,42;0;0;upm7PGM77;4260557421765;1,71
com_MarketplaceBooster_Vegavero (Marketplace Seller)_VEGAVERO D-Mannose Pulver;619660673;2.6.2026;cpc;1,51;;26;0;0;0;0;0;0;14250686;4260309481603;0
com_CrossSellReRank_Vegavero (Marketplace Seller)_VEGAVERO Oregano ?l BIO;643093284;2.6.2026;cpc;0,51;;38;1;3,846154;0;0,51;0;0;upmYCXAL7;4260557421932;0,51
com_MarketplaceBooster_Vegavero (Marketplace Seller)_VEGAVERO Papaya BIO;620527447;2.6.2026;cpc;0,51;;26;0;0;0;0;0;0;upm9HWLUD;4260557421055;0
it_MarketplaceBooster_Vegavero (Marketplace Seller)_VEGAVERO NAC;641624234;2.6.2026;cpc;0,51;;26;0;0;0;0;0;0;upmMWPTCY;4260557422564;0
it_MarketplaceBooster_Vegavero (Marketplace Seller)_VEGAVERO Aglio Plus;641627386;2.6.2026;cpc;0,51;;26;1;3,846154;0;0,51;0;0;upm2WRLPU;4260557422632;0,51
it_MarketplaceBooster_Vegavero (Marketplace Seller)_VEGAVERO ZMA;641623418;2.6.2026;cpc;0,51;;26;3;11,538462;0;1,53;0;0;upmRXLDAR;4260557422465;0,51
at_MarketplaceBooster_Vegavero (Marketplace Seller)_VEGAVERO Vitamin D3 und K2 ?l;658280064;2.6.2026;cpc;1,31;1;26;1;3,846154;100;1,31;24,9;1900,763359;upm7FHKKZ;4260557421437;1,31
at_MarketplaceBooster_Vegavero (Marketplace Seller)_VEGAVERO Liver Active Complex;625768092;2.6.2026;cpc;0,51;;26;0;0;0;0;0;0;14250812;4260557420188;0
at_MarketplaceBooster_Vegavero (Marketplace Seller)_VEGAVERO Rhodiola rosea Extrakt;620605153;2.6.2026;cpc;0,51;;26;0;0;0;0;0;0;14251036;4260557420102;0
com_MarketplaceBooster_Vegavero (Marketplace Seller)_VEGAVERO Keto Power;658283042;2.6.2026;cpc;0,51;;25;0;0;0;0;0;0;upmP77L3M;4260557423288;0
it_MarketplaceBooster_Vegavero (Marketplace Seller)_VEGAVERO Vitamina D3 + K2;641650857;2.6.2026;cpc;0,51;;25;0;0;0;0;0;0;upmKAXT9Y;4260557422915;0
at_CrossSellReRank_Vegavero (Marketplace Seller)_VEGAVERO Myo-Inositol Complex;658280066;2.6.2026;cpc;1,21;;34;0;0;0;0;0;0;upm7PGM77;4260557421765;0
it_CrossSellReRank_Vegavero (Marketplace Seller)_VEGAVERO Origano BIO;649094039;2.6.2026;cpc;0,31;;40;1;4,166667;0;0,31;0;0;upmYCXAL7;4260557421932;0,31
com_MarketplaceBooster_Vegavero (Marketplace Seller)_VEGAVERO Pro Bio Kulturenkomplex;618496725;2.6.2026;cpc;0,51;;24;0;0;0;0;0;0;14250976;4260557420034;0
at_MarketplaceBooster_Vegavero (Marketplace Seller)_VEGAVERO Pro Bio Kulturenkomplex;620609408;2.6.2026;cpc;0,51;;28;1;4,166667;0;0,51;0;0;14250976;4260557420034;0,51
at_MarketplaceBooster_Vegavero (Marketplace Seller)_VEGAVERO Papaya BIO;658295837;2.6.2026;cpc;0,51;;24;0;0;0;0;0;0;upm9HWLUD;4260557421055;0
it_CrossSellReRank_Vegavero (Marketplace Seller)_VEGAVERO Biancospino BIO;649076903;2.6.2026;cpc;0,31;;29;0;0;0;0;0;0;upmXW7KXD;4260557420720;0
at_MarketplaceBooster_Vegavero (Marketplace Seller)_VEGAVERO Vitamin B12 Spray Junior;625789014;2.6.2026;cpc;0,51;;24;0;0;0;0;0;0;upm3RXHUC;4260557422229;0
it_CrossSellReRank_Vegavero (Marketplace Seller)_VEGAVERO Vitamina C Naturale BIO;649076562;2.6.2026;cpc;1,31;;40;0;0;0;0;0;0;upmFY9KW9;4260557420331;0
it_CrossSellReRank_Vegavero (Marketplace Seller)_VEGAVERO Betacarotene;653866107;2.6.2026;cpc;0,31;;51;0;0;0;0;0;0;14250551;4260309484208;0
com_MarketplaceBooster_Vegavero (Marketplace Seller)_VEGAVERO OPC Trio;620554337;2.6.2026;cpc;0,51;;24;1;4,166667;0;0,51;0;0;upmWFGGMG;4260557423097;0,51
it_CrossSellReRank_Vegavero (Marketplace Seller)_VEGAVERO Glicina in Polvere;658334363;2.6.2026;cpc;0,31;;32;0;0;0;0;0;0;upmR9H4DE;4260557422595;0
it_MarketplaceBooster_Vegavero (Marketplace Seller)_VEGAVERO Vitamina C Liposomiale;620566158;2.6.2026;cpc;0,81;;24;6;25;0;4,86;0;0;upm77WEEP;4260557422786;0,81
it_MarketplaceBooster_Vegavero (Marketplace Seller)_VEGAVERO Glucomammano BIO;641643679;2.6.2026;cpc;0,51;;24;0;0;0;0;0;0;upmLXEUT7;4260557423240;0
at_CrossSellReRank_Vegavero (Marketplace Seller)_VEGAVERO Sun Care Complex;658280012;2.6.2026;cpc;0,31;;28;1;4,166667;0;0,31;0;0;upm7C9XR2;4260557420836;0,31
at_CrossSellReRank_Vegavero (Marketplace Seller)_VEGAVERO Female Harmony Complex;658279992;2.6.2026;cpc;0,31;;28;1;4,347826;0;0,31;0;0;upmUFEEWW;4260557420300;0,31
it_MarketplaceBooster_Vegavero (Marketplace Seller)_VEGAVERO Mirtillo Nero + Corteccia di Pino BIO\,;649102088;2.6.2026;cpc;0,51;;23;2;8,695652;0;1,02;0;0;upm2LFWC7;4260557422076;0,51
com_CrossSellReRank_Vegavero (Marketplace Seller)_VEGAVERO Female Balance Complex;643085982;2.6.2026;cpc;0,71;;38;1;4,347826;0;0,71;0;0;upmUX2FW3;4260557420638;0,71
it_CrossSellReRank_Vegavero (Marketplace Seller)_VEGAVERO Glicina in Polvere;658296353;2.6.2026;cpc;0,31;;39;0;0;0;0;0;0;upmTGWG29;4260557423479;0
com_MarketplaceBooster_Vegavero (Marketplace Seller)_VEGAVERO Leinsamen?l BIO;629497213;2.6.2026;cpc;0,51;;23;0;0;0;0;0;0;upmKU4FAU;4260557422038;0
it_MarketplaceBooster_Vegavero (Marketplace Seller)_VEGAVERO Bergamotto;641624106;2.6.2026;cpc;0,51;;23;0;0;0;0;0;0;upmRKUZYE;4260557422557;0
at_MarketplaceBooster_Vegavero (Marketplace Seller)_VEGAVERO Multivitamin Spray Junior;625777201;2.6.2026;cpc;0,51;;23;0;0;0;0;0;0;upm9ZTF3H;4260557421178;0
at_MarketplaceBooster_Vegavero (Marketplace Seller)_VEGAVERO Vitamin B12 Spray Cherry;620611413;2.6.2026;cpc;0,51;;23;0;0;0;0;0;0;14251102;4260557420027;0
at_MarketplaceBooster_Vegavero (Marketplace Seller)_VEGAVERO Magnesium Bisglycinat;620592111;2.6.2026;cpc;1,71;;23;4;17,391304;0;6,84;0;0;upmX4LT4H;4260557423257;1,71
it_CrossSellReRank_Vegavero (Marketplace Seller)_VEGAVERO Elettroliti Complex;649122256;2.6.2026;cpc;0,31;;30;0;0;0;0;0;0;upmD23XCL;4260557422823;0
it_MarketplaceBooster_Vegavero (Marketplace Seller)_VEGAVERO Biancospino BIO;620566747;2.6.2026;cpc;0,51;;22;2;9,090909;0;1,02;0;0;upmXW7KXD;4260557420720;0,51
com_MarketplaceBooster_Vegavero (Marketplace Seller)_VEGAVERO Multi Magnesium Complex;617842636;2.6.2026;cpc;1,01;;22;0;0;0;0;0;0;upmUZUHTT;4260557421888;0
at_MarketplaceBooster_Vegavero (Marketplace Seller)_VEGAVERO Magnesium + Kalium;620594279;2.6.2026;cpc;0,51;;22;1;4,545455;0;0,51;0;0;upm32MART;4260557420287;0,51
com_MarketplaceBooster_Vegavero (Marketplace Seller)_VEGAVERO K?rbiskern?l BIO;619721382;2.6.2026;cpc;0,51;;22;1;4,545455;0;0,51;0;0;upmY7MX4C;4260557422014;0,51
com_MarketplaceBooster_Vegavero (Marketplace Seller)_VEGAVERO Creatin Monohydrat Pulver;658295750;2.6.2026;cpc;1,01;;22;0;0;0;0;0;0;upmFRZEFX;4260557423226;0
it_CrossSellReRank_Vegavero (Marketplace Seller)_VEGAVERO Ginseng Rosso Coreano;649076431;2.6.2026;cpc;0,31;;30;0;0;0;0;0;0;upm2CZXC9;4260557420140;0
at_MarketplaceBooster_Vegavero (Marketplace Seller)_VEGAVERO Knoblauch Plus;626438714;2.6.2026;cpc;0,51;;22;0;0;0;0;0;0;upm2WRLPU;4260557422632;0
com_MarketplaceBooster_Vegavero (Marketplace Seller)_VEGAVERO Magnesium + Kalium;617842638;2.6.2026;cpc;1,01;;22;1;4,545455;0;1,01;0;0;upm32MART;4260557420287;1,01
it_MarketplaceBooster_Vegavero (Marketplace Seller)_VEGAVERO Astaxantina BIO;620574573;2.6.2026;cpc;0,71;;21;1;4,761905;0;0,71;0;0;upm7GZX42;4260557423165;0,71
it_MarketplaceBooster_Vegavero (Marketplace Seller)_VEGAVERO Tribulus Terrestris;658296415;2.6.2026;cpc;0,51;;21;1;4,761905;0;0,51;0;0;14251088;4260309481313;0,51
it_MarketplaceBooster_Vegavero (Marketplace Seller)_VEGAVERO Light Legs Complex;658381501;2.6.2026;cpc;0,51;;21;3;14,285714;0;1,53;0;0;upmD7EWMP;4260557420454;0,51
at_CrossSellReRank_Vegavero (Marketplace Seller)_VEGAVERO Oregano ?l BIO;658280077;2.6.2026;cpc;0,31;;26;1;4,761905;0;0,31;0;0;upmYCXAL7;4260557421932;0,31
com_CrossSellReRank_Vegavero (Marketplace Seller)_VEGAVERO Vitamin B3 (Nicotinamid);643089676;2.6.2026;cpc;0,51;;27;0;0;0;0;0;0;upmUEXHE2;4260557420850;0
at_MarketplaceBooster_Vegavero (Marketplace Seller)_VEGAVERO Oregano ?l BIO;658280076;2.6.2026;cpc;0,51;;21;1;4,761905;0;0,51;0;0;upmYCXAL7;4260557421932;0,51
at_MarketplaceBooster_Vegavero (Marketplace Seller)_VEGAVERO Johanniskraut mit Passionsblume BIO;658280044;2.6.2026;cpc;0,51;;21;0;0;0;0;0;0;upmYMX3D7;4260557421147;0
com_MarketplaceBooster_Vegavero (Marketplace Seller)_VEGAVERO Vitamin D3 + K2 Depot;658295755;2.6.2026;cpc;0,51;;21;0;0;0;0;0;0;upmC2RH39;4260557423271;0
at_MarketplaceBooster_Vegavero (Marketplace Seller)_VEGAVERO Multi Magnesium Complex;620592800;2.6.2026;cpc;0,51;;21;1;4,761905;0;0,51;0;0;upmUZUHTT;4260557421888;0,51
at_CrossSellReRank_Vegavero (Marketplace Seller)_VEGAVERO Vitamin D3+K2 Tropfen;658280177;2.6.2026;cpc;1,41;;25;0;0;0;0;0;0;upmKAXT9Y;4260557422915;0
it_MarketplaceBooster_Vegavero (Marketplace Seller)_VEGAVERO Iodio naturale BIO;658445105;2.6.2026;cpc;1,01;;20;0;0;0;0;0;0;14250769;4260557420256;0
com_CrossSellReRank_Vegavero (Marketplace Seller)_VEGAVERO K?rbiskern?l BIO;643093438;2.6.2026;cpc;0,31;;30;0;0;0;0;0;0;upmY7MX4C;4260557422014;0
it_MarketplaceBooster_Vegavero (Marketplace Seller)_VEGAVERO Igname Selvatico +  Zinco;658353187;2.6.2026;cpc;0,51;;20;0;0;0;0;0;0;14251183;4260309481672;0
at_MarketplaceBooster_Vegavero (Marketplace Seller)_VEGAVERO Kudzu Plus;658280055;2.6.2026;cpc;0,51;1;20;1;5;100;0,51;71,7;14058,823529;upmRLD9ZM;4260557421314;0,51
com_MarketplaceBooster_Vegavero (Marketplace Seller)_VEGAVERO BIO Astaxanthin ?l;618496738;2.6.2026;cpc;1,41;;20;1;5;0;1,41;0;0;upm7GZX42;4260557423165;1,41
com_CrossSellReRank_Vegavero (Marketplace Seller)_VEGAVERO Magnesium Bisglycinat;643231145;2.6.2026;cpc;1,41;;32;1;5;0;1,41;0;0;upmX4LT4H;4260557423257;1,41
it_MarketplaceBooster_Vegavero (Marketplace Seller)_VEGAVERO Spirulina BIO +  Clorella BIO;658331796;2.6.2026;cpc;0,51;;20;2;10;0;1,02;0;0;14250597;4260309484185;0,51
at_MarketplaceBooster_Vegavero (Marketplace Seller)_VEGAVERO Serenity;658280178;2.6.2026;cpc;0,51;;20;1;5;0;0,51;0;0;upmZFGPHR;4260557422830;0,51
com_MarketplaceBooster_Vegavero (Marketplace Seller)_VEGAVERO Vitamin B Plus;619721747;2.6.2026;cpc;0,51;;20;0;0;0;0;0;0;14251094;4260309482754;0
it_CrossSellReRank_Vegavero (Marketplace Seller)_VEGAVERO Liver Active Complex;658445100;2.6.2026;cpc;0,31;;30;0;0;0;0;0;0;14250812;4260557420188;0
it_MarketplaceBooster_Vegavero (Marketplace Seller)_VEGAVERO Femme Biotics;658445082;2.6.2026;cpc;1,01;;19;0;0;0;0;0;0;upm4AEDEP;4260557423455;0
it_MarketplaceBooster_Vegavero (Marketplace Seller)_VEGAVERO Iperico + Passiflora BIO;649077428;2.6.2026;cpc;0,51;;19;0;0;0;0;0;0;upmYMX3D7;4260557421147;0
com_MarketplaceBooster_Vegavero (Marketplace Seller)_VEGAVERO Venaflux Complex;629497502;2.6.2026;cpc;1,61;;19;1;5,263158;0;1,61;0;0;upmKY422A;4260557422212;1,61
com_MarketplaceBooster_Vegavero (Marketplace Seller)_VEGAVERO Liver Active Complex;619661159;2.6.2026;cpc;0,51;;19;0;0;0;0;0;0;14250812;4260557420188;0
com_MarketplaceBooster_Vegavero (Marketplace Seller)_VEGAVERO Mariendistel Plus;652868156;2.6.2026;cpc;1,01;;19;0;0;0;0;0;0;upmR9H2HU;4260557422892;0
it_MarketplaceBooster_Vegavero (Marketplace Seller)_VEGAVERO Cardo Mariano;620565790;2.6.2026;cpc;1,01;;19;0;0;0;0;0;0;upmGMGWYP;4260309481979;0
com_MarketplaceBooster_Vegavero (Marketplace Seller)_VEGAVERO Astaxanthin ?l;619716956;2.6.2026;cpc;0,51;;19;2;10,526316;0;1,02;0;0;upmYPTY2W;4260557421925;0,51
it_CrossSellReRank_Vegavero (Marketplace Seller)_VEGAVERO Maca Nera + Tribulus + Zinco;649108075;2.6.2026;cpc;0,31;;27;1;5,263158;0;0,31;0;0;upmEK72LX;4260557422434;0,31
at_CrossSellReRank_Vegavero (Marketplace Seller)_VEGAVERO Rosskastanie Plus BIO;658295841;2.6.2026;cpc;0,51;1;20;1;5,263158;100;0,51;25,9;5078,431373;upmUR4ZK4;4260557421239;0,51
at_MarketplaceBooster_Vegavero (Marketplace Seller)_VEGAVERO Venaflux Complex;658280105;2.6.2026;cpc;1,61;;19;2;10,526316;0;3,22;0;0;upmKY422A;4260557422212;1,61
com_MarketplaceBooster_Vegavero (Marketplace Seller)_VEGAVERO Glycin Pulver;658347478;2.6.2026;cpc;1,51;;19;0;0;0;0;0;0;upmTGWG29;4260557423479;0
at_CrossSellReRank_Vegavero (Marketplace Seller)_VEGAVERO Party Hero;658283021;2.6.2026;cpc;0,31;;24;1;5,263158;0;0,31;0;0;upmFACEA7;4260557423356;0,31
at_CrossSellReRank_Vegavero (Marketplace Seller)_VEGAVERO Johanniskraut mit Passionsblume BIO;658280045;2.6.2026;cpc;0,31;;25;1;5,263158;0;0,31;0;0;upmYMX3D7;4260557421147;0,31
at_CrossSellReRank_Vegavero (Marketplace Seller)_VEGAVERO Rhodiola rosea Extrakt;658279979;2.6.2026;cpc;0,31;;24;0;0;0;0;0;0;14251036;4260557420102;0
com_CrossSellReRank_Vegavero (Marketplace Seller)_VEGAVERO Rapunzel;658295814;2.6.2026;cpc;0,31;;28;0;0;0;0;0;0;upmDUFHFK;4260557423134;0
at_CrossSellReRank_Vegavero (Marketplace Seller)_VEGAVERO Venaflux Complex;658280106;2.6.2026;cpc;1,41;;26;0;0;0;0;0;0;upmKY422A;4260557422212;0
com_MarketplaceBooster_Vegavero (Marketplace Seller)_VEGAVERO Knoblauch Plus;620530228;2.6.2026;cpc;0,51;;18;1;5,555556;0;0,51;0;0;upm2WRLPU;4260557422632;0,51
at_MarketplaceBooster_Vegavero (Marketplace Seller)_VEGAVERO Olivenblatt (40% Oleuropein);625773302;2.6.2026;cpc;0,51;;18;1;5,555556;0;0,51;0;0;upmZ43LYR;4260557420898;0,51
com_MarketplaceBooster_Vegavero (Marketplace Seller)_VEGAVERO NAC;620528729;2.6.2026;cpc;0,51;;18;0;0;0;0;0;0;upmMWPTCY;4260557422564;0
com_CrossSellReRank_Vegavero (Marketplace Seller)_VEGAVERO Brewers Yeast;658295768;2.6.2026;cpc;0,31;;26;0;0;0;0;0;0;upmKUKGHH;4260557423332;0
it_CrossSellReRank_Vegavero (Marketplace Seller)_VEGAVERO Vitamina D3 + K2;649145192;2.6.2026;cpc;1,11;;26;0;0;0;0;0;0;upmKAXT9Y;4260557422915;0
at_MarketplaceBooster_Vegavero (Marketplace Seller)_VEGAVERO Roter Reis Plus;626443344;2.6.2026;cpc;0,51;;17;0;0;0;0;0;0;upmDFWTTT;4260557423110;0
com_MarketplaceBooster_Vegavero (Marketplace Seller)_VEGAVERO Vitamin D3 und K2 ?l;652853552;2.6.2026;cpc;1,31;;17;0;0;0;0;0;0;upm7FHKKZ;4260557421437;0
at_CrossSellReRank_Vegavero (Marketplace Seller)_VEGAVERO Liver Active Complex;658279984;2.6.2026;cpc;0,31;;19;0;0;0;0;0;0;14250812;4260557420188;0
it_CrossSellReRank_Vegavero (Marketplace Seller)_VEGAVERO Moringa BIO;658388299;2.6.2026;cpc;0,31;;31;1;5,882353;0;0,31;0;0;14250893;4260309481115;0,31
at_MarketplaceBooster_Vegavero (Marketplace Seller)_VEGAVERO Vitamin C liposomal;626439698;2.6.2026;cpc;0,51;;17;0;0;0;0;0;0;upm77WEEP;4260557422786;0
com_MarketplaceBooster_Vegavero (Marketplace Seller)_VEGAVERO Party Hero;653854277;2.6.2026;cpc;0,51;;17;1;5,882353;0;0,51;0;0;upmFACEA7;4260557423356;0,51
it_CrossSellReRank_Vegavero (Marketplace Seller)_VEGAVERO Sugar Balance Complex;649105321;2.6.2026;cpc;0,31;;22;0;0;0;0;0;0;upmAD4HK4;4260557422403;0
SOLD_OUT_at_CrossSellReRank_Vegavero (Marketplace Seller)_VEGAVERO Vegan Collagen+Hyaluronic Acid;658347624;2.6.2026;cpc;1,21;;17;0;0;0;0;0;0;upmK3CG99;4260557422656;0
com_CrossSellReRank_Vegavero (Marketplace Seller)_VEGAVERO Beifu? Extrakt;643093976;2.6.2026;cpc;0,31;;28;1;6,25;0;0,31;0;0;upmWMGCRY;4260557422090;0,31
com_CrossSellReRank_Vegavero (Marketplace Seller)_VEGAVERO Sugar Balance Complex;652861490;2.6.2026;cpc;0,31;;20;0;0;0;0;0;0;upmAD4HK4;4260557422403;0
com_MarketplaceBooster_Vegavero (Marketplace Seller)_VEGAVERO Eisen Bisglycinat;620565118;2.6.2026;cpc;0,51;;16;2;12,5;0;1,02;0;0;14250692;4260309483065;0,51
at_MarketplaceBooster_Vegavero (Marketplace Seller)_VEGAVERO Wild Yams + Zink;625763764;2.6.2026;cpc;0,51;;16;0;0;0;0;0;0;14251183;4260309481672;0
it_CrossSellReRank_Vegavero (Marketplace Seller)_VEGAVERO Aglio Plus;649116897;2.6.2026;cpc;0,31;;24;0;0;0;0;0;0;upm2WRLPU;4260557422632;0
at_MarketplaceBooster_Vegavero (Marketplace Seller)_VEGAVERO Glycin Pulver;658280142;2.6.2026;cpc;0,51;;16;1;6,25;0;0,51;0;0;upmR9H4DE;4260557422595;0,51
com_MarketplaceBooster_Vegavero (Marketplace Seller)_VEGAVERO Teufelskralle Plus;619697372;2.6.2026;cpc;0,51;;15;1;6,666667;0;0,51;0;0;upmD3U322;4260557421192;0,51
it_MarketplaceBooster_Vegavero (Marketplace Seller)_VEGAVERO Echinacea Purpurea;620565881;2.6.2026;cpc;0,51;;15;1;6,666667;0;0,51;0;0;upmPZPD44;4260557420133;0,51
at_MarketplaceBooster_Vegavero (Marketplace Seller)_VEGAVERO K?rbiskern?l BIO;620605158;2.6.2026;cpc;0,51;;15;2;13,333333;0;1,02;0;0;upmY7MX4C;4260557422014;0,51
it_CrossSellReRank_Vegavero (Marketplace Seller)_VEGAVERO Glucomammano BIO;649158747;2.6.2026;cpc;0,31;;20;0;0;0;0;0;0;upmLXEUT7;4260557423240;0
it_CrossSellReRank_Vegavero (Marketplace Seller)_VEGAVERO D Mannosio in Polvere;658352462;2.6.2026;cpc;0,31;;20;0;0;0;0;0;0;14250686;4260309481603;0
com_MarketplaceBooster_Vegavero (Marketplace Seller)_VEGAVERO Vision Care Complex;619678178;2.6.2026;cpc;0,51;;14;0;0;0;0;0;0;upmWRPTR4;4260557420867;0
it_CrossSellReRank_Vegavero (Marketplace Seller)_VEGAVERO Boswellia;649114866;2.6.2026;cpc;0,31;;18;1;7,142857;0;0,31;0;0;upmEH2K74;4260557422588;0,31
com_MarketplaceBooster_Vegavero (Marketplace Seller)_VEGAVERO Cholin Bitartrat;658347145;2.6.2026;cpc;1,01;;14;1;7,142857;0;1,01;0;0;upmU9FP9M;4260557423325;1,01
it_CrossSellReRank_Vegavero (Marketplace Seller)_VEGAVERO Cardo Mariano Plus;649143954;2.6.2026;cpc;0,31;;24;0;0;0;0;0;0;upmR9H2HU;4260557422892;0
at_MarketplaceBooster_Vegavero (Marketplace Seller)_VEGAVERO Salbei BIO;658280029;2.6.2026;cpc;0,51;;14;2;14,285714;0;1,02;0;0;upmMMLDZE;4260557420966;0,51
it_MarketplaceBooster_Vegavero (Marketplace Seller)_VEGAVERO Cannella Ceylon BIO;641627330;2.6.2026;cpc;0,51;;14;1;7,142857;0;0,51;0;0;upmW9KKTG;4260557422618;0,51
com_MarketplaceBooster_Vegavero (Marketplace Seller)_VEGAVERO Johanniskraut mit Passionsblume BIO;619687826;2.6.2026;cpc;0,51;;14;1;7,692308;0;0,51;0;0;upmYMX3D7;4260557421147;0,51
at_MarketplaceBooster_Vegavero (Marketplace Seller)_VEGAVERO BIO Astaxanthin ?l;620605149;2.6.2026;cpc;1,01;;13;0;0;0;0;0;0;upm7GZX42;4260557423165;0
com_MarketplaceBooster_Vegavero (Marketplace Seller)_VEGAVERO L-Citrullin Plus;620530089;2.6.2026;cpc;0,51;;13;0;0;0;0;0;0;upmTF7MFK;4260557422625;0
it_CrossSellReRank_Vegavero (Marketplace Seller)_VEGAVERO Keto Power;658295963;2.6.2026;cpc;0,31;;20;0;0;0;0;0;0;upmP77L3M;4260557423288;0
at_CrossSellReRank_Vegavero (Marketplace Seller)_VEGAVERO D-Mannose Complex;643049572;2.6.2026;cpc;0,31;;16;0;0;0;0;0;0;14250640;4260309482747;0
com_CrossSellReRank_Vegavero (Marketplace Seller)_VEGAVERO Glucomannan BIO;658283041;2.6.2026;cpc;0,31;;18;0;0;0;0;0;0;upmLXEUT7;4260557423240;0
com_MarketplaceBooster_Vegavero (Marketplace Seller)_VEGAVERO Bockshornklee BIO;620539867;2.6.2026;cpc;0,51;;13;0;0;0;0;0;0;upm7AL3PG;4260557422977;0
at_MarketplaceBooster_Vegavero (Marketplace Seller)_VEGAVERO Boswellia Extrakt;626438065;2.6.2026;cpc;0,51;;14;0;0;0;0;0;0;upmEH2K74;4260557422588;0
com_CrossSellReRank_Vegavero (Marketplace Seller)_VEGAVERO Echinacea Plus;643137759;2.6.2026;cpc;0,31;;22;0;0;0;0;0;0;upmPHKX9F;4260557423141;0
it_MarketplaceBooster_Vegavero (Marketplace Seller)_VEGAVERO Curcuma BIO;641629765;2.6.2026;cpc;0,51;;13;1;7,692308;0;0,51;0;0;upm27X4XW;4260557422878;0,51
com_CrossSellReRank_Vegavero (Marketplace Seller)_VEGAVERO Saccharomyces boulardii;643093285;2.6.2026;cpc;0,31;;25;0;0;0;0;0;0;upmWDER3T;4260557421949;0
com_MarketplaceBooster_Vegavero (Marketplace Seller)_VEGAVERO ZMA (Zink + Magnesium + Vitamin B6);617842639;2.6.2026;cpc;1,61;;13;1;7,692308;0;1,61;0;0;upmRXLDAR;4260557422465;1,61
com_MarketplaceBooster_Vegavero (Marketplace Seller)_VEGAVERO Nachtkerzen und Borretsch?l BIO;619715142;2.6.2026;cpc;0,51;;13;0;0;0;0;0;0;upm7KTFPH;4260557421420;0
com_CrossSellReRank_Vegavero (Marketplace Seller)_VEGAVERO Johanniskraut mit Passionsblume BIO;643089842;2.6.2026;cpc;0,31;;19;1;7,692308;0;0,31;0;0;upmYMX3D7;4260557421147;0,31
at_MarketplaceBooster_Vegavero (Marketplace Seller)_VEGAVERO MSM Pulver;620609038;2.6.2026;cpc;1,31;;13;0;0;0;0;0;0;upmWCKTTE;4260309481214;0
it_MarketplaceBooster_Vegavero (Marketplace Seller)_VEGAVERO Caffeina;641650370;2.6.2026;cpc;0,51;;13;2;15,384615;0;1,02;0;0;upm4XZRWY;4260557423127;0,51
at_CrossSellReRank_Vegavero (Marketplace Seller)_VEGAVERO Prostaid Complex;658727263;2.6.2026;cpc;1,31;;16;0;0;0;0;0;0;upmCEE43U;4260557420515;0
it_CrossSellReRank_Vegavero (Marketplace Seller)_VEGAVERO Strong Bones;658296089;2.6.2026;cpc;0,31;;22;0;0;0;0;0;0;upmAP9MLM;4260557423301;0
com_MarketplaceBooster_Vegavero (Marketplace Seller)_VEGAVERO MSM Pulver DOSE;619660893;2.6.2026;cpc;1,01;;12;0;0;0;0;0;0;upmTLUPGT;4260309483881;0
at_CrossSellReRank_Vegavero (Marketplace Seller)_VEGAVERO Chlorella BIO + Spirulina BIO;643057141;2.6.2026;cpc;0,31;;14;1;8,333333;0;0,31;0;0;14250597;4260309484185;0,31
it_CrossSellReRank_Vegavero (Marketplace Seller)_VEGAVERO Olio di Semi di Chia;649117677;2.6.2026;cpc;0,31;;19;0;0;0;0;0;0;upmK7YWLD;4260557422649;0
it_CrossSellReRank_Vegavero (Marketplace Seller)_VEGAVERO Curcuma BIO;649142586;2.6.2026;cpc;0,31;;21;0;0;0;0;0;0;upm27X4XW;4260557422878;0
it_CrossSellReRank_Vegavero (Marketplace Seller)_VEGAVERO Olio di semi di Zucca BIO;649099614;2.6.2026;cpc;0,31;;14;0;0;0;0;0;0;upmY7MX4C;4260557422014;0
com_MarketplaceBooster_Vegavero (Marketplace Seller)_VEGAVERO Prostaid Complex;658727268;2.6.2026;cpc;1,51;;12;0;0;0;0;0;0;upmCEE43U;4260557420515;0
it_MarketplaceBooster_Vegavero (Marketplace Seller)_VEGAVERO Origano BIO;641622706;2.6.2026;cpc;0,51;;12;1;8,333333;0;0,51;0;0;upmYCXAL7;4260557421932;0,51
at_MarketplaceBooster_Vegavero (Marketplace Seller)_VEGAVERO OPC Trio;626443283;2.6.2026;cpc;0,51;;12;0;0;0;0;0;0;upmWFGGMG;4260557423097;0
it_MarketplaceBooster_Vegavero (Marketplace Seller)_VEGAVERO Maca Nera Plus;641623120;2.6.2026;cpc;1,01;;12;1;8,333333;0;1,01;0;0;upmG4PKUG;4260557423042;1,01
com_MarketplaceBooster_Vegavero (Marketplace Seller)_VEGAVERO Hagebutte BIO;619682810;2.6.2026;cpc;0,51;;12;1;8,333333;0;0,51;0;0;upmWRWWCG;4260557421048;0,51
it_MarketplaceBooster_Vegavero (Marketplace Seller)_VEGAVERO Enzima della Papaya;658445110;2.6.2026;cpc;1,01;;12;0;0;0;0;0;0;14250930;4260309482648;0
at_MarketplaceBooster_Vegavero (Marketplace Seller)_VEGAVERO Lecithin BIO;620605162;2.6.2026;cpc;0,81;;12;2;16,666667;0;1,62;0;0;upm2HFKPC;4260557422021;0,81
it_CrossSellReRank_Vegavero (Marketplace Seller)_VEGAVERO Resveratrolo Plus;649077189;2.6.2026;cpc;0,31;;15;0;0;0;0;0;0;upmGDDD7G;4260557420805;0
com_CrossSellReRank_Vegavero (Marketplace Seller)_VEGAVERO Myo-Inositol Complex;658295458;2.6.2026;cpc;1,11;;14;1;8,333333;0;1,11;0;0;upm7PGM77;4260557421765;1,11
it_CrossSellReRank_Vegavero (Marketplace Seller)_VEGAVERO Creatina in Polvere;658331599;2.6.2026;cpc;0,31;;20;0;0;0;0;0;0;upmFRZEFX;4260557423226;0
it_MarketplaceBooster_Vegavero (Marketplace Seller)_VEGAVERO Chrom Plus;641642728;2.6.2026;cpc;0,51;;12;0;0;0;0;0;0;upmL7ZDD2;4260557422946;0
it_CrossSellReRank_Vegavero (Marketplace Seller)_VEGAVERO Kudzu Plus;649085977;2.6.2026;cpc;0,31;;18;0;0;0;0;0;0;upmRLD9ZM;4260557421314;0
at_MarketplaceBooster_Vegavero (Marketplace Seller)_VEGAVERO Saccharomyces boulardii;658347617;2.6.2026;cpc;0,51;;12;0;0;0;0;0;0;upmWDER3T;4260557421949;0
it_CrossSellReRank_Vegavero (Marketplace Seller)_VEGAVERO Ippocastano BIO Plus;649084572;2.6.2026;cpc;0,31;;16;0;0;0;0;0;0;upmUR4ZK4;4260557421239;0
it_CrossSellReRank_Vegavero (Marketplace Seller)_VEGAVERO Vegan Essentials Complex;649088044;2.6.2026;cpc;0,31;;20;0;0;0;0;0;0;upmHHT433;4260557421390;0
com_CrossSellReRank_Vegavero (Marketplace Seller)_VEGAVERO Knoblauch Plus;643126592;2.6.2026;cpc;0,31;;20;0;0;0;0;0;0;upm2WRLPU;4260557422632;0
at_CrossSellReRank_Vegavero (Marketplace Seller)_VEGAVERO Cholin Bitartrat;658283014;2.6.2026;cpc;0,31;;17;0;0;0;0;0;0;upmU9FP9M;4260557423325;0
it_CrossSellReRank_Vegavero (Marketplace Seller)_VEGAVERO Caffeina;649151028;2.6.2026;cpc;0,31;;16;0;0;0;0;0;0;upm4XZRWY;4260557423127;0
com_MarketplaceBooster_Vegavero (Marketplace Seller)_VEGAVERO Salbei BIO;619682278;2.6.2026;cpc;0,51;;11;0;0;0;0;0;0;upmMMLDZE;4260557420966;0
it_MarketplaceBooster_Vegavero (Marketplace Seller)_VEGAVERO Ginseng Rosso Coreano;620566091;2.6.2026;cpc;0,51;;11;2;18,181818;0;1,02;0;0;upm2CZXC9;4260557420140;0,51
at_MarketplaceBooster_Vegavero (Marketplace Seller)_VEGAVERO NAC;626438024;2.6.2026;cpc;0,51;;11;0;0;0;0;0;0;upmMWPTCY;4260557422564;0
it_CrossSellReRank_Vegavero (Marketplace Seller)_VEGAVERO Artiglio del Diavolo Plus;649082840;2.6.2026;cpc;0,31;;20;0;0;0;0;0;0;upmD3U322;4260557421192;0
it_MarketplaceBooster_Vegavero (Marketplace Seller)_VEGAVERO Astaxantina;620574476;2.6.2026;cpc;1,11;;11;1;9,090909;0;1,11;0;0;upmYPTY2W;4260557421925;1,11
at_MarketplaceBooster_Vegavero (Marketplace Seller)_VEGAVERO Hyaluronsaeure;620609033;2.6.2026;cpc;0,51;;11;0;0;0;0;0;0;upmKMAH3F;4260557420539;0
it_CrossSellReRank_Vegavero (Marketplace Seller)_VEGAVERO Lecitina BIO;649100827;2.6.2026;cpc;0,31;;18;0;0;0;0;0;0;upm2HFKPC;4260557422021;0
it_CrossSellReRank_Vegavero (Marketplace Seller)_VEGAVERO D Mannosio Complex;658381392;2.6.2026;cpc;0,3;;18;0;0;0;0;0;0;14250640;4260309482747;0
at_MarketplaceBooster_Vegavero (Marketplace Seller)_VEGAVERO Bockshornklee BIO;626442445;2.6.2026;cpc;0,51;;11;0;0;0;0;0;0;upm7AL3PG;4260557422977;0
at_MarketplaceBooster_Vegavero (Marketplace Seller)_VEGAVERO Sugar Balance Complex;658280124;2.6.2026;cpc;0,51;;11;1;9,090909;0;0,51;0;0;upmAD4HK4;4260557422403;0,51
com_MarketplaceBooster_Vegavero (Marketplace Seller)_VEGAVERO Ginkgo biloba Extrakt;619660953;2.6.2026;cpc;0,51;;11;1;9,090909;0;0,51;0;0;upmDYUXLH;4260557420119;0,51
it_CrossSellReRank_Vegavero (Marketplace Seller)_VEGAVERO Echinacea Plus;649151902;2.6.2026;cpc;0,31;;14;0;0;0;0;0;0;upmPHKX9F;4260557423141;0
com_MarketplaceBooster_Vegavero (Marketplace Seller)_VEGAVERO Psyllium BIO;658295759;2.6.2026;cpc;0,51;2;11;0;0;0;0;43,8;0;upmERYMM3;4260557423295;0
com_MarketplaceBooster_Vegavero (Marketplace Seller)_VEGAVERO Moringa BIO;628844146;2.6.2026;cpc;1,31;;11;0;0;0;0;0;0;14250893;4260309481115;0
com_MarketplaceBooster_Vegavero (Marketplace Seller)_VEGAVERO Youth Biotics;658469892;2.6.2026;cpc;1,01;;11;0;0;0;0;0;0;upmW7Y7DL;4260557423462;0
at_CrossSellReRank_Vegavero (Marketplace Seller)_VEGAVERO Vision Care Complex;658347600;2.6.2026;cpc;0,31;;16;0;0;0;0;0;0;upmWRPTR4;4260557420867;0
com_CrossSellReRank_Vegavero (Marketplace Seller)_VEGAVERO Vision Care Complex;658347575;2.6.2026;cpc;0,31;;16;0;0;0;0;0;0;upmWRPTR4;4260557420867;0
com_MarketplaceBooster_Vegavero (Marketplace Seller)_VEGAVERO Rosskastanie Plus BIO;619708788;2.6.2026;cpc;1,31;;10;0;0;0;0;0;0;upmUR4ZK4;4260557421239;0
it_MarketplaceBooster_Vegavero (Marketplace Seller)_VEGAVERO Ippocastano BIO Plus;620572890;2.6.2026;cpc;0,51;;10;0;0;0;0;0;0;upmUR4ZK4;4260557421239;0
com_CrossSellReRank_Vegavero (Marketplace Seller)_VEGAVERO Hagebutte BIO;643089764;2.6.2026;cpc;0,31;1;15;1;10;100;0,31;23,9;7709,677419;upmWRWWCG;4260557421048;0,31
com_CrossSellReRank_Vegavero (Marketplace Seller)_VEGAVERO ZMA (Zink + Magnesium + Vitamin B6);643094148;2.6.2026;cpc;0,51;;22;0;0;0;0;0;0;upmRXLDAR;4260557422465;0
it_CrossSellReRank_Vegavero (Marketplace Seller)_VEGAVERO Cumino Nero BIO;658352478;2.6.2026;cpc;0,31;;18;1;10;0;0,31;0;0;upmEUZ9F7;4260557421376;0,31
it_CrossSellReRank_Vegavero (Marketplace Seller)_VEGAVERO Griffonia;658296092;2.6.2026;cpc;0,31;;14;0;0;0;0;0;0;upmG7RZLC;4260557423318;0
at_MarketplaceBooster_Vegavero (Marketplace Seller)_VEGAVERO Hyaluronsaeure;620609034;2.6.2026;cpc;0,51;;10;1;10;0;0,51;0;0;upmPMLEP9;4260557423103;0,51
at_MarketplaceBooster_Vegavero (Marketplace Seller)_VEGAVERO Vision Care Complex;658347599;2.6.2026;cpc;0,51;;11;0;0;0;0;0;0;upmWRPTR4;4260557420867;0
it_CrossSellReRank_Vegavero (Marketplace Seller)_VEGAVERO Cannella Ceylon BIO;649115454;2.6.2026;cpc;0,31;;18;0;0;0;0;0;0;upmW9KKTG;4260557422618;0
at_MarketplaceBooster_Vegavero (Marketplace Seller)_VEGAVERO Griffonia Plus;658280152;2.6.2026;cpc;0,51;;10;2;20;0;1,02;0;0;upmHCULGA;4260557422755;0,51
com_CrossSellReRank_Vegavero (Marketplace Seller)_VEGAVERO MSM Pulver;643233340;2.6.2026;cpc;0,31;;21;0;0;0;0;0;0;upmWCKTTE;4260309481214;0
it_CrossSellReRank_Vegavero (Marketplace Seller)_VEGAVERO Echinacea Purpurea;649076430;2.6.2026;cpc;0,31;;13;0;0;0;0;0;0;upmPZPD44;4260557420133;0
com_CrossSellReRank_Vegavero (Marketplace Seller)_VEGAVERO Multivitamin Spray Junior;643089899;2.6.2026;cpc;0,31;;14;0;0;0;0;0;0;upm9ZTF3H;4260557421178;0
at_MarketplaceBooster_Vegavero (Marketplace Seller)_VEGAVERO Hagebutte BIO;658280037;2.6.2026;cpc;0,51;;10;0;0;0;0;0;0;upmWRWWCG;4260557421048;0
com_MarketplaceBooster_Vegavero (Marketplace Seller)_VEGAVERO Saccharomyces boulardii;619717397;2.6.2026;cpc;0,61;;10;0;0;0;0;0;0;upmWDER3T;4260557421949;0
at_CrossSellReRank_Vegavero (Marketplace Seller)_VEGAVERO Koffein;658282821;2.6.2026;cpc;0,31;;15;0;0;0;0;0;0;upm4XZRWY;4260557423127;0
com_MarketplaceBooster_Vegavero (Marketplace Seller)_VEGAVERO L-Glutamin Pulver;620565039;2.6.2026;cpc;0,51;;10;0;0;0;0;0;0;upmUPTFMH;4260557423233;0
it_MarketplaceBooster_Vegavero (Marketplace Seller)_VEGAVERO Salvia BIO;641651421;2.6.2026;cpc;0,51;;10;2;20;0;1,02;0;0;upmMMLDZE;4260557420966;0,51
com_MarketplaceBooster_Vegavero (Marketplace Seller)_VEGAVERO Echinacea Plus;620564961;2.6.2026;cpc;0,51;;9;0;0;0;0;0;0;upmPHKX9F;4260557423141;0
com_MarketplaceBooster_Vegavero (Marketplace Seller)_VEGAVERO Astragalus BIO;625748178;2.6.2026;cpc;1,01;;9;1;11,111111;0;1,01;0;0;upmCGKMCH;4260557421222;1,01
com_MarketplaceBooster_Vegavero (Marketplace Seller)_VEGAVERO Zimt Extrakt BIO;619661041;2.6.2026;cpc;0,51;;9;0;0;0;0;0;0;upmW9KKTG;4260557422618;0
it_MarketplaceBooster_Vegavero (Marketplace Seller)_VEGAVERO L-Citrullina Plus;649115830;2.6.2026;cpc;0,51;;9;2;22,222222;0;1,02;0;0;upmTF7MFK;4260557422625;0,51
it_MarketplaceBooster_Vegavero (Marketplace Seller)_VEGAVERO Mushroom Mix Complex;641622719;2.6.2026;cpc;0,51;;9;0;0;0;0;0;0;upm4XDXPR;4260557422045;0
SOLD_OUT_at_MarketplaceBooster_Vegavero (Marketplace Seller)_VEGAVERO Vegan Collagen+Hyaluronic Acid;658347622;2.6.2026;cpc;1,41;;9;1;11,111111;0;1,41;0;0;upmK3CG99;4260557422656;1,41
com_MarketplaceBooster_Vegavero (Marketplace Seller)_VEGAVERO Roter Reis Plus;620557805;2.6.2026;cpc;0,51;;9;0;0;0;0;0;0;upmDFWTTT;4260557423110;0
com_MarketplaceBooster_Vegavero (Marketplace Seller)_VEGAVERO Lecithin BIO;652876638;2.6.2026;cpc;1,41;1;9;2;22,222222;50;2,82;25,9;918,439716;upm2HFKPC;4260557422021;1,41
com_MarketplaceBooster_Vegavero (Marketplace Seller)_VEGAVERO Folat;620502829;2.6.2026;cpc;0,51;;9;0;0;0;0;0;0;upmZR3PP7;4260557422496;0
it_CrossSellReRank_Vegavero (Marketplace Seller)_VEGAVERO Salvia BIO;649077205;2.6.2026;cpc;0,31;;16;0;0;0;0;0;0;upmMMLDZE;4260557420966;0
com_MarketplaceBooster_Vegavero (Marketplace Seller)_VEGAVERO Brewers Yeast;658295767;2.6.2026;cpc;0,51;;9;0;0;0;0;0;0;upmKUKGHH;4260557423332;0
it_MarketplaceBooster_Vegavero (Marketplace Seller)_VEGAVERO Maca Nera + Tribulus + Zinco;649107264;2.6.2026;cpc;0,51;;9;3;33,333333;0;1,53;0;0;upmEK72LX;4260557422434;0,51
at_CrossSellReRank_Vegavero (Marketplace Seller)_VEGAVERO Olivenblatt (40% Oleuropein);658280028;2.6.2026;cpc;0,31;;14;0;0;0;0;0;0;upmZ43LYR;4260557420898;0
at_CrossSellReRank_Vegavero (Marketplace Seller)_VEGAVERO Roter Reis Plus;658282817;2.6.2026;cpc;0,31;;11;0;0;0;0;0;0;upmDFWTTT;4260557423110;0
it_CrossSellReRank_Vegavero (Marketplace Seller)_VEGAVERO Glucosamin Complex;649076940;2.6.2026;cpc;0,31;;16;1;11,111111;0;0,31;0;0;upmTYL3Y7;4260557420737;0,31
at_MarketplaceBooster_Vegavero (Marketplace Seller)_VEGAVERO Leinsamen?l BIO;658280092;2.6.2026;cpc;0,51;;9;0;0;0;0;0;0;upmKU4FAU;4260557422038;0
com_MarketplaceBooster_Vegavero (Marketplace Seller)_VEGAVERO Ashwagandha BIO;619667906;2.6.2026;cpc;0,51;;9;0;0;0;0;0;0;upmUPLLZH;4260557420676;0
it_MarketplaceBooster_Vegavero (Marketplace Seller)_VEGAVERO Vitamina C Naturale BIO;620566115;2.6.2026;cpc;1,51;;9;0;0;0;0;0;0;upmFY9KW9;4260557420331;0
com_CrossSellReRank_Vegavero (Marketplace Seller)_VEGAVERO Vitamin B12 Spray Cherry;643079936;2.6.2026;cpc;0,31;;19;0;0;0;0;0;0;14251102;4260557420027;0
com_MarketplaceBooster_Vegavero (Marketplace Seller)_VEGAVERO Vitamin B3 (Nicotinamid);619677908;2.6.2026;cpc;1,51;;9;0;0;0;0;0;0;upmUEXHE2;4260557420850;0
com_MarketplaceBooster_Vegavero (Marketplace Seller)_VEGAVERO Zimt-Ceylon Extrakt;619660976;2.6.2026;cpc;0,51;;9;0;0;0;0;0;0;14251208;4260557420164;0
SOLD_OUT_it_MarketplaceBooster_Vegavero (Marketplace Seller)_VEGAVERO Guggul;641655761;2.6.2026;cpc;0,51;;9;0;0;0;0;0;0;upmT99EZK;4260557421123;0
at_MarketplaceBooster_Vegavero (Marketplace Seller)_VEGAVERO BIO Mushroom Mix;625774145;2.6.2026;cpc;0,51;;9;0;0;0;0;0;0;upmALDCEH;4260557423028;0
at_MarketplaceBooster_Vegavero (Marketplace Seller)_VEGAVERO ZMA (Zink + Magnesium + Vitamin B6);620595473;2.6.2026;cpc;0,51;;9;0;0;0;0;0;0;upmRXLDAR;4260557422465;0
at_CrossSellReRank_Vegavero (Marketplace Seller)_VEGAVERO Saccharomyces boulardii;658347619;2.6.2026;cpc;0,81;;12;0;0;0;0;0;0;upmWDER3T;4260557421949;0
at_CrossSellReRank_Vegavero (Marketplace Seller)_VEGAVERO L-Tryptophan;658279974;2.6.2026;cpc;0,31;;11;0;0;0;0;0;0;14250841;4260309481108;0
com_MarketplaceBooster_Vegavero (Marketplace Seller)_VEGAVERO Apple Cider Vinegar;620564988;2.6.2026;cpc;0,51;;9;0;0;0;0;0;0;upmUTDZP9;4260557423158;0
com_CrossSellReRank_Vegavero (Marketplace Seller)_VEGAVERO Nachtkerzen ?l;658291480;2.6.2026;cpc;0,61;;28;2;22,222222;0;1,22;0;0;upm7DM474;4260557423448;0,61
com_MarketplaceBooster_Vegavero (Marketplace Seller)_VEGAVERO Bromelain 2400 GDU/g;619684531;2.6.2026;cpc;0,51;;8;0;0;0;0;0;0;upm43HM34;4260557421130;0
com_CrossSellReRank_Vegavero (Marketplace Seller)_VEGAVERO Glucosamin Plus;658347224;2.6.2026;cpc;0,31;;14;0;0;0;0;0;0;upmKWW3MD;4260557423349;0
at_MarketplaceBooster_Vegavero (Marketplace Seller)_VEGAVERO Ginkgo biloba Extrakt;625767682;2.6.2026;cpc;0,51;;8;1;12,5;0;0,51;0;0;upmDYUXLH;4260557420119;0,51
at_CrossSellReRank_Vegavero (Marketplace Seller)_VEGAVERO Knoblauch Plus;658280151;2.6.2026;cpc;0,31;;11;0;0;0;0;0;0;upm2WRLPU;4260557422632;0
com_MarketplaceBooster_Vegavero (Marketplace Seller)_VEGAVERO Taurin Pulver;658347271;2.6.2026;cpc;1,51;;8;0;0;0;0;0;0;upmHULHZD;4260557423370;0
it_MarketplaceBooster_Vegavero (Marketplace Seller)_VEGAVERO Artemisia Vulgaris;649102355;2.6.2026;cpc;0,51;;8;0;0;0;0;0;0;upmWMGCRY;4260557422090;0
it_CrossSellReRank_Vegavero (Marketplace Seller)_VEGAVERO Vitamina B3 Nicotinamide;649112226;2.6.2026;cpc;0,31;;14;0;0;0;0;0;0;upmKKE3R2;4260557422526;0
it_MarketplaceBooster_Vegavero (Marketplace Seller)_VEGAVERO L-Glutammina in Polvere;649157245;2.6.2026;cpc;0,51;;8;1;12,5;0;0,51;0;0;upmUPTFMH;4260557423233;0,51
com_MarketplaceBooster_Vegavero (Marketplace Seller)_VEGAVERO Glycin Pulver;620530024;2.6.2026;cpc;1,01;;8;0;0;0;0;0;0;upmR9H4DE;4260557422595;0
it_CrossSellReRank_Vegavero (Marketplace Seller)_VEGAVERO MSM;658352467;2.6.2026;cpc;0,61;;9;0;0;0;0;0;0;upmTLUPGT;4260309483881;0
it_MarketplaceBooster_Vegavero (Marketplace Seller)_VEGAVERO Youth Biotics;658445086;2.6.2026;cpc;1,01;;8;0;0;0;0;0;0;upmW7Y7DL;4260557423462;0
com_CrossSellReRank_Vegavero (Marketplace Seller)_VEGAVERO Light Legs Complex;658347562;2.6.2026;cpc;0,31;;9;0;0;0;0;0;0;upmD7EWMP;4260557420454;0
it_CrossSellReRank_Vegavero (Marketplace Seller)_VEGAVERO Ferro;658331759;2.6.2026;cpc;0,31;;20;0;0;0;0;0;0;14250692;4260309483065;0
it_MarketplaceBooster_Vegavero (Marketplace Seller)_VEGAVERO Zenzero BIO;658353196;2.6.2026;cpc;0,51;;8;0;0;0;0;0;0;upmPX4TPU;4260557420386;0
com_MarketplaceBooster_Vegavero (Marketplace Seller)_VEGAVERO Natural Silicium BIO;629499980;2.6.2026;cpc;1,01;;8;1;12,5;0;1,01;0;0;upmCAPY7U;4260557422328;1,01
at_CrossSellReRank_Vegavero (Marketplace Seller)_VEGAVERO Multi Magnesium Complex;658280069;2.6.2026;cpc;0,31;;10;0;0;0;0;0;0;upmUZUHTT;4260557421888;0
it_MarketplaceBooster_Vegavero (Marketplace Seller)_VEGAVERO MSM;641622735;2.6.2026;cpc;1,01;;8;0;0;0;0;0;0;upmTLUPGT;4260309483881;0
it_MarketplaceBooster_Vegavero (Marketplace Seller)_VEGAVERO Ginkgo + Ginseng;620565878;2.6.2026;cpc;0,51;;8;0;0;0;0;0;0;upmF3XUHA;4260557422106;0
com_MarketplaceBooster_Vegavero (Marketplace Seller)_VEGAVERO Vitamin C liposomal;619662437;2.6.2026;cpc;0,51;;8;0;0;0;0;0;0;upm77WEEP;4260557422786;0
it_CrossSellReRank_Vegavero (Marketplace Seller)_VEGAVERO Enzima della Papaya;658445112;2.6.2026;cpc;0,31;;13;0;0;0;0;0;0;14250930;4260309482648;0
at_MarketplaceBooster_Vegavero (Marketplace Seller)_VEGAVERO Rosskastanie Plus BIO;658295840;2.6.2026;cpc;1,21;;7;0;0;0;0;0;0;upmUR4ZK4;4260557421239;0
at_CrossSellReRank_Vegavero (Marketplace Seller)_VEGAVERO BIO Astaxanthin ?l;658282827;2.6.2026;cpc;0,91;;10;0;0;0;0;0;0;upm7GZX42;4260557423165;0
at_MarketplaceBooster_Vegavero (Marketplace Seller)_VEGAVERO L-Citrullin Plus;626438649;2.6.2026;cpc;0,51;;7;0;0;0;0;0;0;upmTF7MFK;4260557422625;0
com_MarketplaceBooster_Vegavero (Marketplace Seller)_VEGAVERO Wild Yams + Zink;619660532;2.6.2026;cpc;0,51;;7;0;0;0;0;0;0;14251183;4260309481672;0
com_CrossSellReRank_Vegavero (Marketplace Seller)_VEGAVERO MSM Pulver;643233362;2.6.2026;cpc;0,61;;10;0;0;0;0;0;0;upmWCKTTE;4260309481214;0
at_CrossSellReRank_Vegavero (Marketplace Seller)_VEGAVERO Resveratrol + Nicotinamid;658280009;2.6.2026;cpc;0,31;;8;0;0;0;0;0;0;upmGDDD7G;4260557420805;0
com_MarketplaceBooster_Vegavero (Marketplace Seller)_VEGAVERO Chlorella BIO + Spirulina BIO;619667808;2.6.2026;cpc;1,01;;7;0;0;0;0;0;0;14250597;4260309484185;0
it_CrossSellReRank_Vegavero (Marketplace Seller)_VEGAVERO Zenzero BIO;658353197;2.6.2026;cpc;0,31;;13;0;0;0;0;0;0;upmPX4TPU;4260557420386;0
it_CrossSellReRank_Vegavero (Marketplace Seller)_VEGAVERO NAC;649114668;2.6.2026;cpc;0,31;;12;0;0;0;0;0;0;upmMWPTCY;4260557422564;0
com_CrossSellReRank_Vegavero (Marketplace Seller)_VEGAVERO Creatin Monohydrat Pulver;658295752;2.6.2026;cpc;0,31;;13;1;14,285714;0;0,31;0;0;upmFRZEFX;4260557423226;0,31
at_CrossSellReRank_Vegavero (Marketplace Seller)_VEGAVERO Nattokinase;658282838;2.6.2026;cpc;0,31;;12;0;0;0;0;0;0;upm2ZL4CL;4260557423264;0
at_CrossSellReRank_Vegavero (Marketplace Seller)_VEGAVERO Light Legs Complex;658347598;2.6.2026;cpc;0,31;;11;0;0;0;0;0;0;upmD7EWMP;4260557420454;0
it_MarketplaceBooster_Vegavero (Marketplace Seller)_VEGAVERO Reishi;658296411;2.6.2026;cpc;0,51;;7;0;0;0;0;0;0;14251013;4260309481665;0
it_MarketplaceBooster_Vegavero (Marketplace Seller)_VEGAVERO Rhodiola Rosea;658445090;2.6.2026;cpc;1,01;;7;0;0;0;0;0;0;14251036;4260557420102;0
com_CrossSellReRank_Vegavero (Marketplace Seller)_VEGAVERO Vitamin B12 Spray Junior;643093986;2.6.2026;cpc;0,31;;19;0;0;0;0;0;0;upm3RXHUC;4260557422229;0
it_CrossSellReRank_Vegavero (Marketplace Seller)_VEGAVERO Vitamina B12 Spray Junior;649103717;2.6.2026;cpc;0,31;;11;0;0;0;0;0;0;upm3RXHUC;4260557422229;0
at_CrossSellReRank_Vegavero (Marketplace Seller)_VEGAVERO Salbei BIO;658280032;2.6.2026;cpc;0,31;;8;1;14,285714;0;0,31;0;0;upmMMLDZE;4260557420966;0,31
com_CrossSellReRank_Vegavero (Marketplace Seller)_VEGAVERO Vitamin D3+K2 Tropfen;643133550;2.6.2026;cpc;1,21;;12;0;0;0;0;0;0;upmKAXT9Y;4260557422915;0
com_CrossSellReRank_Vegavero (Marketplace Seller)_VEGAVERO Ackerschachtelhalm BIO;643090788;2.6.2026;cpc;0,31;;14;0;0;0;0;0;0;upmDKAWH3;4260557421307;0
com_MarketplaceBooster_Vegavero (Marketplace Seller)_VEGAVERO Beta-Alanin Pulver;658295769;2.6.2026;cpc;0,51;;7;0;0;0;0;0;0;upmFKHFRA;4260557423431;0
at_CrossSellReRank_Vegavero (Marketplace Seller)_VEGAVERO Cholin Trio;658280068;2.6.2026;cpc;0,31;;10;0;0;0;0;0;0;upm97PFY9;4260557421826;0
at_CrossSellReRank_Vegavero (Marketplace Seller)_VEGAVERO Vitamin B12 Spray Cherry;643057333;2.6.2026;cpc;0,31;;10;0;0;0;0;0;0;14251102;4260557420027;0
at_CrossSellReRank_Vegavero (Marketplace Seller)_VEGAVERO Zimt Extrakt BIO;658280146;2.6.2026;cpc;0,31;;10;0;0;0;0;0;0;upmW9KKTG;4260557422618;0
com_CrossSellReRank_Vegavero (Marketplace Seller)_VEGAVERO Roter Reis Plus;643136807;2.6.2026;cpc;0,31;;13;0;0;0;0;0;0;upmDFWTTT;4260557423110;0
com_MarketplaceBooster_Vegavero (Marketplace Seller)_VEGAVERO Glucomannan BIO;658283040;2.6.2026;cpc;0,51;;6;0;0;0;0;0;0;upmLXEUT7;4260557423240;0
at_CrossSellReRank_Vegavero (Marketplace Seller)_VEGAVERO Vitamin K2;658295904;2.6.2026;cpc;0,31;;12;0;0;0;0;0;0;upmFYFHAU;4260557423424;0
it_CrossSellReRank_Vegavero (Marketplace Seller)_VEGAVERO Fieno Greco BIO;649146229;2.6.2026;cpc;0,31;;9;0;0;0;0;0;0;upm7AL3PG;4260557422977;0
com_CrossSellReRank_Vegavero (Marketplace Seller)_VEGAVERO Nachtkerzen und Borretsch?l BIO;643092372;2.6.2026;cpc;0,31;;12;0;0;0;0;0;0;upm7KTFPH;4260557421420;0
com_CrossSellReRank_Vegavero (Marketplace Seller)_VEGAVERO Vitamin D3 und K2 ?l;652854756;2.6.2026;cpc;1,11;;8;0;0;0;0;0;0;upm7FHKKZ;4260557421437;0
at_MarketplaceBooster_Vegavero (Marketplace Seller)_VEGAVERO Artischocke BIO;625777974;2.6.2026;cpc;0,51;;6;0;0;0;0;0;0;upmUTCWKM;4260557421215;0
it_MarketplaceBooster_Vegavero (Marketplace Seller)_VEGAVERO Boswellia;641624237;2.6.2026;cpc;0,51;;6;0;0;0;0;0;0;upmEH2K74;4260557422588;0
com_CrossSellReRank_Vegavero (Marketplace Seller)_VEGAVERO Taurin Pulver;658347286;2.6.2026;cpc;0,31;;9;0;0;0;0;0;0;upmHULHZD;4260557423370;0
it_CrossSellReRank_Vegavero (Marketplace Seller)_VEGAVERO Nattokinase;649160527;2.6.2026;cpc;0,31;;12;0;0;0;0;0;0;upm2ZL4CL;4260557423264;0
it_MarketplaceBooster_Vegavero (Marketplace Seller)_VEGAVERO Triphala BIO;620567265;2.6.2026;cpc;0,51;;6;0;0;0;0;0;0;upmGL239Y;4260557420812;0
com_MarketplaceBooster_Vegavero (Marketplace Seller)_VEGAVERO Artischocke BIO;619702389;2.6.2026;cpc;0,51;;6;0;0;0;0;0;0;upmUTCWKM;4260557421215;0
it_MarketplaceBooster_Vegavero (Marketplace Seller)_VEGAVERO EAA - Aminoacidi Essenziali;620567252;2.6.2026;cpc;1,11;;6;0;0;0;0;0;0;upmGMXXY9;4260557420744;0
at_MarketplaceBooster_Vegavero (Marketplace Seller)_VEGAVERO Youth Biotics;658445045;2.6.2026;cpc;1,01;;12;0;0;0;0;0;0;upmW7Y7DL;4260557423462;0
com_CrossSellReRank_Vegavero (Marketplace Seller)_VEGAVERO Multi Magnesium Complex;643092855;2.6.2026;cpc;0,31;;8;0;0;0;0;0;0;upmUZUHTT;4260557421888;0
com_CrossSellReRank_Vegavero (Marketplace Seller)_VEGAVERO Leinsamen?l BIO;643093628;2.6.2026;cpc;0,31;;10;0;0;0;0;0;0;upmKU4FAU;4260557422038;0
it_CrossSellReRank_Vegavero (Marketplace Seller)_VEGAVERO Lievito di Birra;658296221;2.6.2026;cpc;0,31;;9;0;0;0;0;0;0;upmKUKGHH;4260557423332;0
at_CrossSellReRank_Vegavero (Marketplace Seller)_VEGAVERO K?rbiskern?l BIO;658280089;2.6.2026;cpc;0,31;;7;0;0;0;0;0;0;upmY7MX4C;4260557422014;0
at_CrossSellReRank_Vegavero (Marketplace Seller)_VEGAVERO Nachtkerzen ?l;658283039;2.6.2026;cpc;0,61;;10;0;0;0;0;0;0;upm7DM474;4260557423448;0
at_CrossSellReRank_Vegavero (Marketplace Seller)_VEGAVERO Leinsamen?l BIO;658280093;2.6.2026;cpc;0,31;;10;0;0;0;0;0;0;upmKU4FAU;4260557422038;0
com_CrossSellReRank_Vegavero (Marketplace Seller)_VEGAVERO MSM Pulver DOSE;643236175;2.6.2026;cpc;0,61;;11;0;0;0;0;0;0;upmTLUPGT;4260309483881;0
com_CrossSellReRank_Vegavero (Marketplace Seller)_VEGAVERO Brahmi BIO;643093286;2.6.2026;cpc;0,31;;8;0;0;0;0;0;0;upmHFPDDK;4260557421956;0
com_MarketplaceBooster_Vegavero (Marketplace Seller)_VEGAVERO EAA Pulver Pfirsich;658445060;2.6.2026;cpc;2,01;;6;0;0;0;0;0;0;upmP94YR7;4260557423530;0
com_CrossSellReRank_Vegavero (Marketplace Seller)_VEGAVERO Salbei BIO;643089690;2.6.2026;cpc;0,31;;12;0;0;0;0;0;0;upmMMLDZE;4260557420966;0
com_CrossSellReRank_Vegavero (Marketplace Seller)_VEGAVERO L-Tryptophan;643237471;2.6.2026;cpc;0,31;;10;0;0;0;0;0;0;14250841;4260309481108;0
com_MarketplaceBooster_Vegavero (Marketplace Seller)_VEGAVERO Triphala BIO;619677150;2.6.2026;cpc;0,51;;6;0;0;0;0;0;0;upmGL239Y;4260557420812;0
com_MarketplaceBooster_Vegavero (Marketplace Seller)_VEGAVERO Nattokinase;620565077;2.6.2026;cpc;0,51;;6;0;0;0;0;0;0;upm2ZL4CL;4260557423264;0
at_MarketplaceBooster_Vegavero (Marketplace Seller)_VEGAVERO Beifu? Extrakt;658280100;2.6.2026;cpc;0,61;;6;0;0;0;0;0;0;upmWMGCRY;4260557422090;0
com_MarketplaceBooster_Vegavero (Marketplace Seller)_VEGAVERO Apple Cider Vinegar Gummies;620564989;2.6.2026;cpc;0,51;;6;0;0;0;0;0;0;upmF2EYPK;4260557423172;0
at_CrossSellReRank_Vegavero (Marketplace Seller)_VEGAVERO Griffonia;658283010;2.6.2026;cpc;1,51;;8;0;0;0;0;0;0;upmG7RZLC;4260557423318;0
com_CrossSellReRank_Vegavero (Marketplace Seller)_VEGAVERO Bockshornklee BIO;643134873;2.6.2026;cpc;0,31;;11;1;16,666667;0;0,31;0;0;upm7AL3PG;4260557422977;0,31
at_CrossSellReRank_Vegavero (Marketplace Seller)_VEGAVERO OPC Trio;658282816;2.6.2026;cpc;0,31;;8;0;0;0;0;0;0;upmWFGGMG;4260557423097;0
it_CrossSellReRank_Vegavero (Marketplace Seller)_VEGAVERO Cordyceps Sinensis BIO;649146937;2.6.2026;cpc;0,31;;12;0;0;0;0;0;0;upmTG77MW;4260557422991;0
at_MarketplaceBooster_Vegavero (Marketplace Seller)_VEGAVERO Natural Jod BIO;625769489;2.6.2026;cpc;0,51;;6;0;0;0;0;0;0;14250769;4260557420256;0
it_MarketplaceBooster_Vegavero (Marketplace Seller)_VEGAVERO Elettroliti Complex;641629249;2.6.2026;cpc;0,51;;6;2;33,333333;0;1,02;0;0;upmD23XCL;4260557422823;0,51
it_CrossSellReRank_Vegavero (Marketplace Seller)_VEGAVERO L-Triptofano;658352473;2.6.2026;cpc;0,31;;14;0;0;0;0;0;0;14250841;4260309481108;0
com_CrossSellReRank_Vegavero (Marketplace Seller)_VEGAVERO Magnesium + Kalium;643084952;2.6.2026;cpc;0,31;;10;0;0;0;0;0;0;upm32MART;4260557420287;0
at_MarketplaceBooster_Vegavero (Marketplace Seller)_VEGAVERO Glucomannan BIO;658347634;2.6.2026;cpc;0,51;;6;1;16,666667;0;0,51;0;0;upmLXEUT7;4260557423240;0,51
com_CrossSellReRank_Vegavero (Marketplace Seller)_VEGAVERO Glycin Pulver;658295818;2.6.2026;cpc;0,31;;9;0;0;0;0;0;0;upmR9H4DE;4260557422595;0
com_CrossSellReRank_Vegavero (Marketplace Seller)_VEGAVERO Omega-3 ?l;643091125;2.6.2026;cpc;1,31;;9;0;0;0;0;0;0;upm9KDWAZ;4260557421383;0
com_CrossSellReRank_Vegavero (Marketplace Seller)_VEGAVERO Apple Cider Vinegar;643138167;2.6.2026;cpc;0,31;;8;0;0;0;0;0;0;upmUTDZP9;4260557423158;0
it_MarketplaceBooster_Vegavero (Marketplace Seller)_VEGAVERO EAA in Polvere;658381330;2.6.2026;cpc;1,01;;5;0;0;0;0;0;0;upmP94YR7;4260557423530;0
at_MarketplaceBooster_Vegavero (Marketplace Seller)_VEGAVERO Vitamin B Plus;620605316;2.6.2026;cpc;0,51;;5;0;0;0;0;0;0;14251094;4260309482754;0
com_CrossSellReRank_Vegavero (Marketplace Seller)_VEGAVERO Female Harmony Complex;643239568;2.6.2026;cpc;0,31;;18;0;0;0;0;0;0;upmUFEEWW;4260557420300;0
at_MarketplaceBooster_Vegavero (Marketplace Seller)_VEGAVERO Quercetin Komplex;658445034;2.6.2026;cpc;1,01;;5;0;0;0;0;0;0;upmF2AFXC;4260557423509;0
it_MarketplaceBooster_Vegavero (Marketplace Seller)_VEGAVERO OPC Trio;641650064;2.6.2026;cpc;0,51;;5;0;0;0;0;0;0;upmWFGGMG;4260557423097;0
at_CrossSellReRank_Vegavero (Marketplace Seller)_VEGAVERO L-Glutamin Pulver;658282832;2.6.2026;cpc;0,31;;5;0;0;0;0;0;0;upmUPTFMH;4260557423233;0
com_MarketplaceBooster_Vegavero (Marketplace Seller)_VEGAVERO BCAA Pulver Mango;658445052;2.6.2026;cpc;2,01;;5;0;0;0;0;0;0;upmWWWMYX;4260557423523;0
it_CrossSellReRank_Vegavero (Marketplace Seller)_VEGAVERO Ginkgo + Ginseng;649102509;2.6.2026;cpc;0,31;;9;0;0;0;0;0;0;upmF3XUHA;4260557422106;0
it_CrossSellReRank_Vegavero (Marketplace Seller)_VEGAVERO Vitamina C Liposomiale;649120758;2.6.2026;cpc;0,61;;7;0;0;0;0;0;0;upm77WEEP;4260557422786;0
com_MarketplaceBooster_Vegavero (Marketplace Seller)_VEGAVERO Brennnessel BIO;619682703;2.6.2026;cpc;0,51;;5;0;0;0;0;0;0;upm9RX43T;4260557421031;0
com_CrossSellReRank_Vegavero (Marketplace Seller)_VEGAVERO Moringa BIO;642560128;2.6.2026;cpc;1,41;;7;0;0;0;0;0;0;14250893;4260309481115;0
at_MarketplaceBooster_Vegavero (Marketplace Seller)_VEGAVERO Ackerschachtelhalm BIO;658347603;2.6.2026;cpc;0,51;;5;0;0;0;0;0;0;upmDKAWH3;4260557421307;0
at_CrossSellReRank_Vegavero (Marketplace Seller)_VEGAVERO Quercetin Komplex;658445035;2.6.2026;cpc;0,61;;6;0;0;0;0;0;0;upmF2AFXC;4260557423509;0
com_CrossSellReRank_Vegavero (Marketplace Seller)_VEGAVERO Vitamin K2;658347334;2.6.2026;cpc;0,31;;8;0;0;0;0;0;0;upmFYFHAU;4260557423424;0
at_MarketplaceBooster_Vegavero (Marketplace Seller)_VEGAVERO Koffein;626443345;2.6.2026;cpc;0,51;;5;0;0;0;0;0;0;upm4XZRWY;4260557423127;0
at_CrossSellReRank_Vegavero (Marketplace Seller)_VEGAVERO Ackerschachtelhalm BIO;658347604;2.6.2026;cpc;0,31;;6;0;0;0;0;0;0;upmDKAWH3;4260557421307;0
at_CrossSellReRank_Vegavero (Marketplace Seller)_VEGAVERO MSM Pulver;658279946;2.6.2026;cpc;0,91;;6;0;0;0;0;0;0;upmWCKTTE;4260309481214;0
at_MarketplaceBooster_Vegavero (Marketplace Seller)_VEGAVERO Black Maca + Tribulus;625786543;2.6.2026;cpc;0,51;;5;0;0;0;0;0;0;upmEK72LX;4260557422434;0
at_CrossSellReRank_Vegavero (Marketplace Seller)_VEGAVERO Natural Silicium BIO;658280119;2.6.2026;cpc;0,31;;5;0;0;0;0;0;0;upmCAPY7U;4260557422328;0
it_MarketplaceBooster_Vegavero (Marketplace Seller)_VEGAVERO Shilajit Mumijo;626452031;2.6.2026;cpc;0,51;;5;0;0;0;0;0;0;upmR33A3P;4260557421406;0
at_MarketplaceBooster_Vegavero (Marketplace Seller)_VEGAVERO Ingwer BIO;625770334;2.6.2026;cpc;0,51;;5;0;0;0;0;0;0;upmPX4TPU;4260557420386;0
at_CrossSellReRank_Vegavero (Marketplace Seller)_VEGAVERO D-Mannose Pulver;658295900;2.6.2026;cpc;0,31;;5;0;0;0;0;0;0;14250686;4260309481603;0
it_MarketplaceBooster_Vegavero (Marketplace Seller)_VEGAVERO Glicina in Polvere;658334361;2.6.2026;cpc;1,01;;5;0;0;0;0;0;0;upmR9H4DE;4260557422595;0
it_CrossSellReRank_Vegavero (Marketplace Seller)_VEGAVERO Femme Biotics;658445084;2.6.2026;cpc;0,61;;6;1;20;0;0,61;0;0;upm4AEDEP;4260557423455;0,61
at_MarketplaceBooster_Vegavero (Marketplace Seller)_VEGAVERO Cholin Trio;658280067;2.6.2026;cpc;1,01;;5;0;0;0;0;0;0;upm97PFY9;4260557421826;0
com_CrossSellReRank_Vegavero (Marketplace Seller)_VEGAVERO Astaxanthin ?l;643093279;2.6.2026;cpc;0,31;;11;0;0;0;0;0;0;upmYPTY2W;4260557421925;0
it_MarketplaceBooster_Vegavero (Marketplace Seller)_VEGAVERO Olivo;641644609;2.6.2026;cpc;0,51;;5;0;0;0;0;0;0;upmZ43LYR;4260557420898;0
it_MarketplaceBooster_Vegavero (Marketplace Seller)_VEGAVERO MSM;620565773;2.6.2026;cpc;1,01;;5;0;0;0;0;0;0;upmWCKTTE;4260309481214;0
at_MarketplaceBooster_Vegavero (Marketplace Seller)_VEGAVERO Mushroom Mix Complex;625773721;2.6.2026;cpc;0,51;;5;1;20;0;0,51;0;0;upm4XDXPR;4260557422045;0,51
at_CrossSellReRank_Vegavero (Marketplace Seller)_VEGAVERO Sugar Balance Complex;658280126;2.6.2026;cpc;0,31;;9;0;0;0;0;0;0;upmAD4HK4;4260557422403;0
com_CrossSellReRank_Vegavero (Marketplace Seller)_VEGAVERO Cordyceps Extrakt;658347557;2.6.2026;cpc;0,31;;7;0;0;0;0;0;0;14250611;4260309483218;0
it_MarketplaceBooster_Vegavero (Marketplace Seller)_VEGAVERO L-Triptofano;658352472;2.6.2026;cpc;0,51;;5;0;0;0;0;0;0;14250841;4260309481108;0
it_CrossSellReRank_Vegavero (Marketplace Seller)_VEGAVERO Party Hero;658331705;2.6.2026;cpc;0,31;;11;0;0;0;0;0;0;upmFACEA7;4260557423356;0
at_MarketplaceBooster_Vegavero (Marketplace Seller)_VEGAVERO Nachtkerzen und Borretsch?l BIO;658295855;2.6.2026;cpc;0,51;;5;0;0;0;0;0;0;upm7KTFPH;4260557421420;0
com_CrossSellReRank_Vegavero (Marketplace Seller)_VEGAVERO BIO Astaxanthin ?l;643093116;2.6.2026;cpc;0,91;;8;0;0;0;0;0;0;upm7GZX42;4260557423165;0
at_CrossSellReRank_Vegavero (Marketplace Seller)_VEGAVERO Kudzu Plus;658280056;2.6.2026;cpc;0,31;;5;0;0;0;0;0;0;upmRLD9ZM;4260557421314;0
at_MarketplaceBooster_Vegavero (Marketplace Seller)_VEGAVERO Teufelskralle Plus;620605271;2.6.2026;cpc;0,51;;5;2;40;0;1,02;0;0;upmD3U322;4260557421192;0,51
it_MarketplaceBooster_Vegavero (Marketplace Seller)_VEGAVERO Nattokinase;649159872;2.6.2026;cpc;0,51;;5;0;0;0;0;0;0;upm2ZL4CL;4260557423264;0
com_CrossSellReRank_Vegavero (Marketplace Seller)_VEGAVERO NAC;643094179;2.6.2026;cpc;0,31;;7;0;0;0;0;0;0;upmMWPTCY;4260557422564;0
at_CrossSellReRank_Vegavero (Marketplace Seller)_VEGAVERO Tribulus terrestris Extrakt;658279971;2.6.2026;cpc;0,31;;9;0;0;0;0;0;0;14251088;4260309481313;0
it_MarketplaceBooster_Vegavero (Marketplace Seller)_VEGAVERO Vegan Essentials Complex;641622696;2.6.2026;cpc;0,51;;5;0;0;0;0;0;0;upmHHT433;4260557421390;0
at_CrossSellReRank_Vegavero (Marketplace Seller)_VEGAVERO Reflu-X Complex;658280035;2.6.2026;cpc;0,71;;6;0;0;0;0;0;0;upm4ZWYPF;4260557420980;0
com_MarketplaceBooster_Vegavero (Marketplace Seller)_VEGAVERO Bergamotte Extrakt;620528574;2.6.2026;cpc;0,51;;5;1;20;0;0,51;0;0;upmRKUZYE;4260557422557;0,51
at_CrossSellReRank_Vegavero (Marketplace Seller)_VEGAVERO Magnesium + Kalium;658279990;2.6.2026;cpc;0,31;;8;0;0;0;0;0;0;upm32MART;4260557420287;0
com_CrossSellReRank_Vegavero (Marketplace Seller)_VEGAVERO Glycin Pulver;658347520;2.6.2026;cpc;0,31;;5;0;0;0;0;0;0;upmTGWG29;4260557423479;0
com_CrossSellReRank_Vegavero (Marketplace Seller)_VEGAVERO BCAA Pulver Mango;658445062;2.6.2026;cpc;0,31;;8;0;0;0;0;0;0;upmWWWMYX;4260557423523;0
at_MarketplaceBooster_Vegavero (Marketplace Seller)_VEGAVERO Moringa BIO;620604770;2.6.2026;cpc;1,41;;5;0;0;0;0;0;0;14250893;4260309481115;0
com_CrossSellReRank_Vegavero (Marketplace Seller)_VEGAVERO Quercetin Komplex;658469905;2.6.2026;cpc;0,61;;6;0;0;0;0;0;0;upmF2AFXC;4260557423509;0
com_CrossSellReRank_Vegavero (Marketplace Seller)_VEGAVERO Brennnessel BIO;643089721;2.6.2026;cpc;0,31;;5;2;50;0;0,62;0;0;upm9RX43T;4260557421031;0,31
it_MarketplaceBooster_Vegavero (Marketplace Seller)_VEGAVERO BCAA in Polvere;658381388;2.6.2026;cpc;1,01;;4;0;0;0;0;0;0;upmWWWMYX;4260557423523;0
com_CrossSellReRank_Vegavero (Marketplace Seller)_VEGAVERO Chaga BIO;643093999;2.6.2026;cpc;0,31;;9;0;0;0;0;0;0;upmPYECDL;4260557422298;0
com_MarketplaceBooster_Vegavero (Marketplace Seller)_VEGAVERO Kudzu Plus;653633077;2.6.2026;cpc;0,51;;4;0;0;0;0;0;0;upmRLD9ZM;4260557421314;0
at_MarketplaceBooster_Vegavero (Marketplace Seller)_VEGAVERO Vitamin B3 (Nicotinamid);625772385;2.6.2026;cpc;0,81;;4;0;0;0;0;0;0;upmUEXHE2;4260557420850;0
at_CrossSellReRank_Vegavero (Marketplace Seller)_VEGAVERO Glucosamin Complex;658280006;2.6.2026;cpc;0,31;;7;0;0;0;0;0;0;upmTYL3Y7;4260557420737;0
com_MarketplaceBooster_Vegavero (Marketplace Seller)_VEGAVERO Koffein;620560659;2.6.2026;cpc;0,51;;4;0;0;0;0;0;0;upm4XZRWY;4260557423127;0
com_CrossSellReRank_Vegavero (Marketplace Seller)_VEGAVERO Psyllium BIO;658295762;2.6.2026;cpc;0,31;;11;0;0;0;0;0;0;upmERYMM3;4260557423295;0
it_MarketplaceBooster_Vegavero (Marketplace Seller)_VEGAVERO Papaya BIO;641643600;2.6.2026;cpc;0,51;;4;1;25;0;0,51;0;0;upm9HWLUD;4260557421055;0,51
com_CrossSellReRank_Vegavero (Marketplace Seller)_VEGAVERO Astragalus BIO;643090713;2.6.2026;cpc;0,31;;8;0;0;0;0;0;0;upmCGKMCH;4260557421222;0
at_MarketplaceBooster_Vegavero (Marketplace Seller)_VEGAVERO Chlorella BIO + Spirulina BIO;620611807;2.6.2026;cpc;0,51;;4;1;25;0;0,51;0;0;14250597;4260309484185;0,51
com_CrossSellReRank_Vegavero (Marketplace Seller)_VEGAVERO Keto Power;658283043;2.6.2026;cpc;0,31;;6;0;0;0;0;0;0;upmP77L3M;4260557423288;0
at_CrossSellReRank_Vegavero (Marketplace Seller)_VEGAVERO Vitamin D3 und K2 ?l;658280065;2.6.2026;cpc;1,11;;6;0;0;0;0;0;0;upm7FHKKZ;4260557421437;0
com_CrossSellReRank_Vegavero (Marketplace Seller)_VEGAVERO Zimt Extrakt BIO;643084936;2.6.2026;cpc;0,31;;5;0;0;0;0;0;0;upmW9KKTG;4260557422618;0
com_CrossSellReRank_Vegavero (Marketplace Seller)_VEGAVERO Griffonia Plus;643128060;2.6.2026;cpc;0,31;;11;0;0;0;0;0;0;upmHCULGA;4260557422755;0
at_MarketplaceBooster_Vegavero (Marketplace Seller)_VEGAVERO Astaxanthin ?l;620605150;2.6.2026;cpc;0,51;;4;0;0;0;0;0;0;upmYPTY2W;4260557421925;0
com_MarketplaceBooster_Vegavero (Marketplace Seller)_VEGAVERO Resveratrol + Nicotinamid;619676602;2.6.2026;cpc;0,51;;4;0;0;0;0;0;0;upmGDDD7G;4260557420805;0
it_MarketplaceBooster_Vegavero (Marketplace Seller)_VEGAVERO Cordyceps;658334300;2.6.2026;cpc;0,51;;4;0;0;0;0;0;0;14250611;4260309483218;0
it_CrossSellReRank_Vegavero (Marketplace Seller)_VEGAVERO Colina;649091299;2.6.2026;cpc;0,31;;7;0;0;0;0;0;0;upm97PFY9;4260557421826;0
at_CrossSellReRank_Vegavero (Marketplace Seller)_VEGAVERO Moringa BIO;658725473;2.6.2026;cpc;1,01;;5;0;0;0;0;0;0;14250893;4260309481115;0
at_MarketplaceBooster_Vegavero (Marketplace Seller)_VEGAVERO Echinacea Plus;658282823;2.6.2026;cpc;0,31;;4;0;0;0;0;0;0;upmPHKX9F;4260557423141;0
at_MarketplaceBooster_Vegavero (Marketplace Seller)_VEGAVERO BCAA Pulver Mango;658445037;2.6.2026;cpc;1,01;;4;0;0;0;0;0;0;upmWWWMYX;4260557423523;0
com_CrossSellReRank_Vegavero (Marketplace Seller)_VEGAVERO Vitamin C liposomal;643129759;2.6.2026;cpc;0,31;;7;0;0;0;0;0;0;upm77WEEP;4260557422786;0
at_CrossSellReRank_Vegavero (Marketplace Seller)_VEGAVERO Glycin Pulver;658280145;2.6.2026;cpc;0,31;;4;0;0;0;0;0;0;upmTGWG29;4260557423479;0
at_MarketplaceBooster_Vegavero (Marketplace Seller)_VEGAVERO Nattokinase;626443809;2.6.2026;cpc;0,51;;4;0;0;0;0;0;0;upm2ZL4CL;4260557423264;0
at_CrossSellReRank_Vegavero (Marketplace Seller)_VEGAVERO Shilajit Mumijo;658280062;2.6.2026;cpc;0,31;;9;0;0;0;0;0;0;upmR33A3P;4260557421406;0
com_CrossSellReRank_Vegavero (Marketplace Seller)_VEGAVERO Mariendistel Plus;652868608;2.6.2026;cpc;0,31;;12;0;0;0;0;0;0;upmR9H2HU;4260557422892;0
it_MarketplaceBooster_Vegavero (Marketplace Seller)_VEGAVERO Betacarotene;653864224;2.6.2026;cpc;0,51;;4;3;75;0;1,53;0;0;14250551;4260309484208;0,51
at_CrossSellReRank_Vegavero (Marketplace Seller)_VEGAVERO Magnesium Bisglycinat;658282836;2.6.2026;cpc;1,61;;8;0;0;0;0;0;0;upmX4LT4H;4260557423257;0
at_MarketplaceBooster_Vegavero (Marketplace Seller)_VEGAVERO L-Citrullin Malat Pulver;658445029;2.6.2026;cpc;1,01;;4;0;0;0;0;0;0;upm7K39U2;4260557423493;0
at_MarketplaceBooster_Vegavero (Marketplace Seller)_VEGAVERO MSM Pulver DOSE;658279977;2.6.2026;cpc;1,01;;4;1;25;0;1,01;0;0;upmTLUPGT;4260309483881;1,01
it_MarketplaceBooster_Vegavero (Marketplace Seller)_VEGAVERO Echinacea Plus;620565882;2.6.2026;cpc;1,01;;4;1;25;0;1,01;0;0;upmPHKX9F;4260557423141;1,01
it_CrossSellReRank_Vegavero (Marketplace Seller)_VEGAVERO Vitamina D3 + K2;649091298;2.6.2026;cpc;1,11;;7;0;0;0;0;0;0;upm7FHKKZ;4260557421437;0
at_MarketplaceBooster_Vegavero (Marketplace Seller)_VEGAVERO Curcuma BIO;626440031;2.6.2026;cpc;0,51;;4;0;0;0;0;0;0;upm27X4XW;4260557422878;0
com_MarketplaceBooster_Vegavero (Marketplace Seller)_VEGAVERO Vitamin C BIO aus Acerola;619663712;2.6.2026;cpc;0,51;;4;0;0;0;0;0;0;upmFY9KW9;4260557420331;0
it_MarketplaceBooster_Vegavero (Marketplace Seller)_VEGAVERO Fieno Greco BIO;641649770;2.6.2026;cpc;0,51;;4;0;0;0;0;0;0;upm7AL3PG;4260557422977;0
at_MarketplaceBooster_Vegavero (Marketplace Seller)_VEGAVERO Folat;620605315;2.6.2026;cpc;0,51;;4;0;0;0;0;0;0;upmZR3PP7;4260557422496;0
at_MarketplaceBooster_Vegavero (Marketplace Seller)_VEGAVERO Astragalus BIO;625778112;2.6.2026;cpc;1,01;;4;0;0;0;0;0;0;upmCGKMCH;4260557421222;0
com_MarketplaceBooster_Vegavero (Marketplace Seller)_VEGAVERO Cordyceps sinensis BIO;620541534;2.6.2026;cpc;0,51;;4;1;25;0;0,51;0;0;upmTG77MW;4260557422991;0,51
com_MarketplaceBooster_Vegavero (Marketplace Seller)_VEGAVERO Curcuma BIO;618496721;2.6.2026;cpc;0,51;;4;0;0;0;0;0;0;upm27X4XW;4260557422878;0
at_MarketplaceBooster_Vegavero (Marketplace Seller)_VEGAVERO L-Glutamin Pulver;626443805;2.6.2026;cpc;0,51;;4;0;0;0;0;0;0;upmUPTFMH;4260557423233;0
at_MarketplaceBooster_Vegavero (Marketplace Seller)_VEGAVERO Echinacea Plus;626443785;2.6.2026;cpc;0,51;;4;0;0;0;0;0;0;upmPHKX9F;4260557423141;0
at_MarketplaceBooster_Vegavero (Marketplace Seller)_VEGAVERO Natural Silicium BIO;658280117;2.6.2026;cpc;1,01;;4;0;0;0;0;0;0;upmCAPY7U;4260557422328;0
com_CrossSellReRank_Vegavero (Marketplace Seller)_VEGAVERO Vitamin C BIO aus Acerola;643085309;2.6.2026;cpc;0,31;;6;0;0;0;0;0;0;upmFY9KW9;4260557420331;0
com_CrossSellReRank_Vegavero (Marketplace Seller)_VEGAVERO Tribulus terrestris Extrakt;643082758;2.6.2026;cpc;0,31;;3;0;0;0;0;0;0;14251088;4260309481313;0
com_CrossSellReRank_Vegavero (Marketplace Seller)_VEGAVERO Black Maca + Tribulus;643094146;2.6.2026;cpc;0,31;;5;0;0;0;0;0;0;upmEK72LX;4260557422434;0
it_CrossSellReRank_Vegavero (Marketplace Seller)_VEGAVERO Shiitake;649097667;2.6.2026;cpc;0,31;;9;0;0;0;0;0;0;upmZ7P4AX;4260557421970;0
com_CrossSellReRank_Vegavero (Marketplace Seller)_VEGAVERO Schwarzk?mmel?l BIO;658295948;2.6.2026;cpc;0,71;;9;0;0;0;0;0;0;upmEUZ9F7;4260557421376;0
com_MarketplaceBooster_Vegavero (Marketplace Seller)_VEGAVERO Light Legs Complex;658347560;2.6.2026;cpc;1,01;;3;1;33,333333;0;1,01;0;0;upmD7EWMP;4260557420454;1,01
com_MarketplaceBooster_Vegavero (Marketplace Seller)_VEGAVERO Brahmi BIO;619717869;2.6.2026;cpc;0,51;;3;0;0;0;0;0;0;upmHFPDDK;4260557421956;0
at_CrossSellReRank_Vegavero (Marketplace Seller)_VEGAVERO Drenaflux Complex;658295889;2.6.2026;cpc;0,31;;4;0;0;0;0;0;0;upm2XGYDU;4260557422489;0
com_MarketplaceBooster_Vegavero (Marketplace Seller)_VEGAVERO Mushroom Mix Complex;620546918;2.6.2026;cpc;0,51;;3;0;0;0;0;0;0;upm4XDXPR;4260557422045;0
at_MarketplaceBooster_Vegavero (Marketplace Seller)_VEGAVERO Resveratrol + Nicotinamid;625771680;2.6.2026;cpc;0,51;;3;0;0;0;0;0;0;upmGDDD7G;4260557420805;0
at_CrossSellReRank_Vegavero (Marketplace Seller)_VEGAVERO Glycin Pulver;658280144;2.6.2026;cpc;0,31;;5;0;0;0;0;0;0;upmR9H4DE;4260557422595;0
com_CrossSellReRank_Vegavero (Marketplace Seller)_VEGAVERO Reflu-X Complex;643089691;2.6.2026;cpc;0,71;;6;0;0;0;0;0;0;upm4ZWYPF;4260557420980;0
at_CrossSellReRank_Vegavero (Marketplace Seller)_VEGAVERO Ingwer BIO;658280001;2.6.2026;cpc;0,31;;4;0;0;0;0;0;0;upmPX4TPU;4260557420386;0
at_CrossSellReRank_Vegavero (Marketplace Seller)_VEGAVERO Strong Bones;658283006;2.6.2026;cpc;0,31;;3;0;0;0;0;0;0;upmAP9MLM;4260557423301;0
com_MarketplaceBooster_Vegavero (Marketplace Seller)_VEGAVERO Tribulus terrestris Extrakt;619660805;2.6.2026;cpc;0,51;;3;0;0;0;0;0;0;14251088;4260309481313;0
at_CrossSellReRank_Vegavero (Marketplace Seller)_VEGAVERO Natural Jod BIO;658279988;2.6.2026;cpc;0,31;;4;0;0;0;0;0;0;14250769;4260557420256;0
com_MarketplaceBooster_Vegavero (Marketplace Seller)_VEGAVERO Sugar Balance Complex;652859174;2.6.2026;cpc;0,51;;4;1;33,333333;0;0,51;0;0;upmAD4HK4;4260557422403;0,51
at_CrossSellReRank_Vegavero (Marketplace Seller)_VEGAVERO Hagebutte BIO;658280038;2.6.2026;cpc;0,31;;3;0;0;0;0;0;0;upmWRWWCG;4260557421048;0
it_CrossSellReRank_Vegavero (Marketplace Seller)_VEGAVERO Enotera e Borragine  BIO;649091296;2.6.2026;cpc;0,31;;12;0;0;0;0;0;0;upm7KTFPH;4260557421420;0
com_MarketplaceBooster_Vegavero (Marketplace Seller)_VEGAVERO EAA;619674321;2.6.2026;cpc;0,51;;3;0;0;0;0;0;0;upmGMXXY9;4260557420744;0
com_CrossSellReRank_Vegavero (Marketplace Seller)_VEGAVERO Serenity;658295817;2.6.2026;cpc;0,31;;3;0;0;0;0;0;0;upmZFGPHR;4260557422830;0
com_CrossSellReRank_Vegavero (Marketplace Seller)_VEGAVERO Liver Active Complex;643084947;2.6.2026;cpc;0,31;;4;0;0;0;0;0;0;14250812;4260557420188;0
com_CrossSellReRank_Vegavero (Marketplace Seller)_VEGAVERO Papaya Enzym;643094177;2.6.2026;cpc;0,31;;5;0;0;0;0;0;0;14250930;4260309482648;0
com_CrossSellReRank_Vegavero (Marketplace Seller)_VEGAVERO Pro Bio Kulturenkomplex;643080114;2.6.2026;cpc;0,31;;3;0;0;0;0;0;0;14250976;4260557420034;0
com_MarketplaceBooster_Vegavero (Marketplace Seller)_VEGAVERO Boswellia Extrakt;620528799;2.6.2026;cpc;0,51;;3;0;0;0;0;0;0;upmEH2K74;4260557422588;0
at_CrossSellReRank_Vegavero (Marketplace Seller)_VEGAVERO Triphala BIO;658280010;2.6.2026;cpc;0,31;;3;0;0;0;0;0;0;upmGL239Y;4260557420812;0
it_MarketplaceBooster_Vegavero (Marketplace Seller)_VEGAVERO Citrullina in Polvere;658381380;2.6.2026;cpc;1,01;;3;2;66,666667;0;2,02;0;0;upm7K39U2;4260557423493;1,01
at_CrossSellReRank_Vegavero (Marketplace Seller)_VEGAVERO Colon Care Complex;658279985;2.6.2026;cpc;0,31;;3;0;0;0;0;0;0;14250605;4260557420201;0
it_MarketplaceBooster_Vegavero (Marketplace Seller)_VEGAVERO Acido Ialuronico;626451010;2.6.2026;cpc;0,51;;3;0;0;0;0;0;0;upmPMLEP9;4260557423103;0
it_MarketplaceBooster_Vegavero (Marketplace Seller)_VEGAVERO Maitake BIO;620567773;2.6.2026;cpc;0,51;;3;0;0;0;0;0;0;upmW4TZYD;4260557420874;0
com_MarketplaceBooster_Vegavero (Marketplace Seller)_VEGAVERO Hyaluronsaeure;620565217;2.6.2026;cpc;1,51;;3;0;0;0;0;0;0;upmKMAH3F;4260557420539;0
com_CrossSellReRank_Vegavero (Marketplace Seller)_VEGAVERO Reishi Extrakt;643082721;2.6.2026;cpc;0,31;;6;0;0;0;0;0;0;14251013;4260309481665;0
at_MarketplaceBooster_Vegavero (Marketplace Seller)_VEGAVERO Chaga BIO;625789278;2.6.2026;cpc;0,51;;3;0;0;0;0;0;0;upmPYECDL;4260557422298;0
at_CrossSellReRank_Vegavero (Marketplace Seller)_VEGAVERO Mariendistel Plus;658280174;2.6.2026;cpc;0,31;;4;0;0;0;0;0;0;upmR9H2HU;4260557422892;0
com_CrossSellReRank_Vegavero (Marketplace Seller)_VEGAVERO Shilajit Mumijo;643092358;2.6.2026;cpc;0,31;;3;0;0;0;0;0;0;upmR33A3P;4260557421406;0
at_MarketplaceBooster_Vegavero (Marketplace Seller)_VEGAVERO D-Mannose Pulver;620609056;2.6.2026;cpc;0,51;;3;2;66,666667;0;1,02;0;0;14250686;4260309481603;0,51
com_MarketplaceBooster_Vegavero (Marketplace Seller)_VEGAVERO Chrom Plus;627595667;2.6.2026;cpc;0,51;;3;0;0;0;0;0;0;upmL7ZDD2;4260557422946;0
at_MarketplaceBooster_Vegavero (Marketplace Seller)_VEGAVERO Chrom Plus;626442427;2.6.2026;cpc;0,51;;3;0;0;0;0;0;0;upmL7ZDD2;4260557422946;0
com_CrossSellReRank_Vegavero (Marketplace Seller)_VEGAVERO Beta-Alanin Pulver;658295770;2.6.2026;cpc;0,31;;4;0;0;0;0;0;0;upmFKHFRA;4260557423431;0
at_MarketplaceBooster_Vegavero (Marketplace Seller)_VEGAVERO Nachtkerzen und Borretsch?l BIO;625782152;2.6.2026;cpc;0,51;;3;0;0;0;0;0;0;upm7KTFPH;4260557421420;0
at_CrossSellReRank_Vegavero (Marketplace Seller)_VEGAVERO Astragalus BIO;658280053;2.6.2026;cpc;0,31;;6;0;0;0;0;0;0;upmCGKMCH;4260557421222;0
it_CrossSellReRank_Vegavero (Marketplace Seller)_VEGAVERO Drena Flux;649110222;2.6.2026;cpc;0,31;;5;0;0;0;0;0;0;upm2XGYDU;4260557422489;0
com_MarketplaceBooster_Vegavero (Marketplace Seller)_VEGAVERO Psyllium BIO;658295766;2.6.2026;cpc;0,51;;3;0;0;0;0;0;0;upmERYMM3;4260557423295;0
com_CrossSellReRank_Vegavero (Marketplace Seller)_VEGAVERO Bromelain 2500 GDU/g;658347577;2.6.2026;cpc;0,31;;11;0;0;0;0;0;0;upm43HM34;4260557421130;0
com_CrossSellReRank_Vegavero (Marketplace Seller)_VEGAVERO Chia ?l BIO;643127528;2.6.2026;cpc;0,31;;5;0;0;0;0;0;0;upmK7YWLD;4260557422649;0
at_CrossSellReRank_Vegavero (Marketplace Seller)_VEGAVERO Griffonia Plus;658280154;2.6.2026;cpc;0,31;;4;0;0;0;0;0;0;upmHCULGA;4260557422755;0
at_CrossSellReRank_Vegavero (Marketplace Seller)_VEGAVERO Reishi Extrakt;658279956;2.6.2026;cpc;0,31;;2;0;0;0;0;0;0;14251013;4260309481665;0
com_MarketplaceBooster_Vegavero (Marketplace Seller)_VEGAVERO Quercetin Komplex;658469903;2.6.2026;cpc;1,01;;2;0;0;0;0;0;0;upmF2AFXC;4260557423509;0
at_MarketplaceBooster_Vegavero (Marketplace Seller)_VEGAVERO Shiitake Extrakt;658280086;2.6.2026;cpc;0,51;;2;0;0;0;0;0;0;upmZ7P4AX;4260557421970;0
com_CrossSellReRank_Vegavero (Marketplace Seller)_VEGAVERO Papaya BIO;643089807;2.6.2026;cpc;0,31;;3;0;0;0;0;0;0;upm9HWLUD;4260557421055;0
at_CrossSellReRank_Vegavero (Marketplace Seller)_VEGAVERO Astaxanthin ?l;658280070;2.6.2026;cpc;0,31;;4;0;0;0;0;0;0;upmYPTY2W;4260557421925;0
at_CrossSellReRank_Vegavero (Marketplace Seller)_VEGAVERO Chrom Plus;658280180;2.6.2026;cpc;0,31;;2;0;0;0;0;0;0;upmL7ZDD2;4260557422946;0
com_MarketplaceBooster_Vegavero (Marketplace Seller)_VEGAVERO Papaya Enzym;620527421;2.6.2026;cpc;0,51;;2;0;0;0;0;0;0;14250930;4260309482648;0
it_CrossSellReRank_Vegavero (Marketplace Seller)_VEGAVERO Iodio naturale BIO;658445106;2.6.2026;cpc;0,31;;5;0;0;0;0;0;0;14250769;4260557420256;0
at_MarketplaceBooster_Vegavero (Marketplace Seller)_VEGAVERO Brahmi BIO;625785188;2.6.2026;cpc;0,51;;2;0;0;0;0;0;0;upmHFPDDK;4260557421956;0
at_CrossSellReRank_Vegavero (Marketplace Seller)_VEGAVERO Wild Yams + Zink;658279949;2.6.2026;cpc;0,31;;4;1;50;0;0,31;0;0;14251183;4260309481672;0,31
com_MarketplaceBooster_Vegavero (Marketplace Seller)_VEGAVERO Serenity;620539276;2.6.2026;cpc;0,51;;2;0;0;0;0;0;0;upmZFGPHR;4260557422830;0
com_CrossSellReRank_Vegavero (Marketplace Seller)_VEGAVERO Ingwer BIO;643085613;2.6.2026;cpc;0,31;;2;0;0;0;0;0;0;upmPX4TPU;4260557420386;0
at_CrossSellReRank_Vegavero (Marketplace Seller)_VEGAVERO Papaya BIO;658295838;2.6.2026;cpc;0,31;;4;0;0;0;0;0;0;upm9HWLUD;4260557421055;0
at_CrossSellReRank_Vegavero (Marketplace Seller)_VEGAVERO ZMA (Zink + Magnesium + Vitamin B6);658280130;2.6.2026;cpc;0,31;;4;0;0;0;0;0;0;upmRXLDAR;4260557422465;0
SOLD_OUT_com_CrossSellReRank_Vegavero (Marketplace Seller)_VEGAVERO Guggul;652847887;2.6.2026;cpc;0,31;;4;0;0;0;0;0;0;upmT99EZK;4260557421123;0
it_CrossSellReRank_Vegavero (Marketplace Seller)_VEGAVERO Maitake BIO;649077201;2.6.2026;cpc;0,31;;3;0;0;0;0;0;0;upmW4TZYD;4260557420874;0
com_CrossSellReRank_Vegavero (Marketplace Seller)_VEGAVERO Natural Jod BIO;643084951;2.6.2026;cpc;0,31;;6;0;0;0;0;0;0;14250769;4260557420256;0
com_CrossSellReRank_Vegavero (Marketplace Seller)_VEGAVERO Elektrolyte Plus;643130058;2.6.2026;cpc;0,31;;2;0;0;0;0;0;0;upmD23XCL;4260557422823;0
it_MarketplaceBooster_Vegavero (Marketplace Seller)_VEGAVERO Cordyceps Sinensis BIO;626451122;2.6.2026;cpc;0,51;;2;0;0;0;0;0;0;upmTG77MW;4260557422991;0
it_CrossSellReRank_Vegavero (Marketplace Seller)_VEGAVERO Chaga BIO;649104196;2.6.2026;cpc;0,31;;6;0;0;0;0;0;0;upmPYECDL;4260557422298;0
com_CrossSellReRank_Vegavero (Marketplace Seller)_VEGAVERO D-Mannose Complex;643077907;2.6.2026;cpc;0,31;;5;0;0;0;0;0;0;14250640;4260309482747;0
it_CrossSellReRank_Vegavero (Marketplace Seller)_VEGAVERO OPC Trio;649150121;2.6.2026;cpc;0,31;;4;0;0;0;0;0;0;upmWFGGMG;4260557423097;0
com_CrossSellReRank_Vegavero (Marketplace Seller)_VEGAVERO Ginkgo biloba Extrakt;643083227;2.6.2026;cpc;0,31;;7;0;0;0;0;0;0;upmDYUXLH;4260557420119;0
it_CrossSellReRank_Vegavero (Marketplace Seller)_VEGAVERO Beta-Alanina in Polvere;658296317;2.6.2026;cpc;0,61;;3;0;0;0;0;0;0;upmFKHFRA;4260557423431;0
at_MarketplaceBooster_Vegavero (Marketplace Seller)_VEGAVERO Zimt-Ceylon Extrakt;625767691;2.6.2026;cpc;0,51;;3;0;0;0;0;0;0;14251208;4260557420164;0
com_MarketplaceBooster_Vegavero (Marketplace Seller)_VEGAVERO Cordyceps Extrakt;658347556;2.6.2026;cpc;1,01;;2;0;0;0;0;0;0;14250611;4260309483218;0
com_CrossSellReRank_Vegavero (Marketplace Seller)_VEGAVERO Zimt-Ceylon Extrakt;643084475;2.6.2026;cpc;0,31;;6;0;0;0;0;0;0;14251208;4260557420164;0
at_MarketplaceBooster_Vegavero (Marketplace Seller)_VEGAVERO Triphala BIO;625772285;2.6.2026;cpc;0,51;;3;1;50;0;0,51;0;0;upmGL239Y;4260557420812;0,51
it_CrossSellReRank_Vegavero (Marketplace Seller)_VEGAVERO EAA in Polvere;658381331;2.6.2026;cpc;0,61;;7;0;0;0;0;0;0;upmP94YR7;4260557423530;0
at_CrossSellReRank_Vegavero (Marketplace Seller)_VEGAVERO Curcuma BIO;658280163;2.6.2026;cpc;0,31;;3;0;0;0;0;0;0;upm27X4XW;4260557422878;0
at_MarketplaceBooster_Vegavero (Marketplace Seller)_VEGAVERO Tribulus terrestris Extrakt;658279972;2.6.2026;cpc;0,51;;2;0;0;0;0;0;0;14251088;4260309481313;0
com_MarketplaceBooster_Vegavero (Marketplace Seller)_VEGAVERO Black Maca + Tribulus;620502535;2.6.2026;cpc;1,51;;2;0;0;0;0;0;0;upmEK72LX;4260557422434;0
com_CrossSellReRank_Vegavero (Marketplace Seller)_VEGAVERO Olivenblatt (40% Oleuropein);643089681;2.6.2026;cpc;0,31;;5;0;0;0;0;0;0;upmZ43LYR;4260557420898;0
at_MarketplaceBooster_Vegavero (Marketplace Seller)_VEGAVERO Brennnessel BIO;625775256;2.6.2026;cpc;0,51;;2;0;0;0;0;0;0;upm9RX43T;4260557421031;0
at_CrossSellReRank_Vegavero (Marketplace Seller)_VEGAVERO Vitamin B3 (Nicotinamid);658280014;2.6.2026;cpc;0,51;;4;0;0;0;0;0;0;upmUEXHE2;4260557420850;0
it_CrossSellReRank_Vegavero (Marketplace Seller)_VEGAVERO Silicio Naturale BIO;649104861;2.6.2026;cpc;0,31;;6;0;0;0;0;0;0;upmCAPY7U;4260557422328;0
at_CrossSellReRank_Vegavero (Marketplace Seller)_VEGAVERO Glucomannan BIO;658347640;2.6.2026;cpc;0,31;;2;0;0;0;0;0;0;upmLXEUT7;4260557423240;0
com_MarketplaceBooster_Vegavero (Marketplace Seller)_VEGAVERO L-Tryptophan;619660835;2.6.2026;cpc;2,02;;2;0;0;0;0;0;0;14250841;4260309481108;0
com_CrossSellReRank_Vegavero (Marketplace Seller)_VEGAVERO Natural Silicium BIO;643094062;2.6.2026;cpc;0,31;;4;0;0;0;0;0;0;upmCAPY7U;4260557422328;0
com_MarketplaceBooster_Vegavero (Marketplace Seller)_VEGAVERO L-Citrullin Malat Pulver;658469900;2.6.2026;cpc;1,01;;2;0;0;0;0;0;0;upm7K39U2;4260557423493;0
com_MarketplaceBooster_Vegavero (Marketplace Seller)_VEGAVERO Ingwer BIO;619663942;2.6.2026;cpc;0,51;;2;0;0;0;0;0;0;upmPX4TPU;4260557420386;0
at_MarketplaceBooster_Vegavero (Marketplace Seller)_VEGAVERO Ashwagandha BIO;625771655;2.6.2026;cpc;0,51;;2;1;50;0;0,51;0;0;upmUPLLZH;4260557420676;0,51
com_CrossSellReRank_Vegavero (Marketplace Seller)_VEGAVERO OPC Trio;643136197;2.6.2026;cpc;0,31;;4;0;0;0;0;0;0;upmWFGGMG;4260557423097;0
com_MarketplaceBooster_Vegavero (Marketplace Seller)_VEGAVERO BIO Mushroom Mix;620545551;2.6.2026;cpc;0,51;;2;0;0;0;0;0;0;upmALDCEH;4260557423028;0
at_CrossSellReRank_Vegavero (Marketplace Seller)_VEGAVERO NAC;658280139;2.6.2026;cpc;0,31;;2;0;0;0;0;0;0;upmMWPTCY;4260557422564;0
it_CrossSellReRank_Vegavero (Marketplace Seller)_VEGAVERO BCAA in Polvere;658381389;2.6.2026;cpc;0,61;;4;0;0;0;0;0;0;upmWWWMYX;4260557423523;0
at_CrossSellReRank_Vegavero (Marketplace Seller)_VEGAVERO Black Maca + Tribulus;658280129;2.6.2026;cpc;0,31;;2;0;0;0;0;0;0;upmEK72LX;4260557422434;0
it_CrossSellReRank_Vegavero (Marketplace Seller)_VEGAVERO Papaya BIO;649077206;2.6.2026;cpc;0,31;;4;0;0;0;0;0;0;upm9HWLUD;4260557421055;0
com_MarketplaceBooster_Vegavero (Marketplace Seller)_VEGAVERO Hyaluronsaeure;620565218;2.6.2026;cpc;1,51;;2;0;0;0;0;0;0;upmPMLEP9;4260557423103;0
at_MarketplaceBooster_Vegavero (Marketplace Seller)_VEGAVERO Papaya Enzym;625793359;2.6.2026;cpc;0,51;;3;0;0;0;0;0;0;14250930;4260309482648;0
it_CrossSellReRank_Vegavero (Marketplace Seller)_VEGAVERO Mirtillo Nero + Corteccia di Pino BIO\,;649102105;2.6.2026;cpc;0,31;;3;0;0;0;0;0;0;upm2LFWC7;4260557422076;0
it_MarketplaceBooster_Vegavero (Marketplace Seller)_VEGAVERO Lecitina BIO;626459035;2.6.2026;cpc;0,51;;2;0;0;0;0;0;0;upm2HFKPC;4260557422021;0
it_MarketplaceBooster_Vegavero (Marketplace Seller)_VEGAVERO Boswellia;649114805;2.6.2026;cpc;0,51;;2;0;0;0;0;0;0;upmEH2K74;4260557422588;0
com_CrossSellReRank_Vegavero (Marketplace Seller)_VEGAVERO D-Mannose Pulver;643235044;2.6.2026;cpc;0,31;;2;0;0;0;0;0;0;14250686;4260309481603;0
at_CrossSellReRank_Vegavero (Marketplace Seller)_VEGAVERO Hyaluronsaeure;643052336;2.6.2026;cpc;0,31;;3;0;0;0;0;0;0;upmKMAH3F;4260557420539;0
at_CrossSellReRank_Vegavero (Marketplace Seller)_VEGAVERO Brewers Yeast;658347644;2.6.2026;cpc;0,31;;4;0;0;0;0;0;0;upmKUKGHH;4260557423332;0
it_MarketplaceBooster_Vegavero (Marketplace Seller)_VEGAVERO Acido Ialuronico;626451040;2.6.2026;cpc;0,51;;2;0;0;0;0;0;0;upmKMAH3F;4260557420539;0
at_CrossSellReRank_Vegavero (Marketplace Seller)_VEGAVERO Multivitamin Spray Junior;658280046;2.6.2026;cpc;0,31;;2;0;0;0;0;0;0;upm9ZTF3H;4260557421178;0
it_CrossSellReRank_Vegavero (Marketplace Seller)_VEGAVERO Citrullina in Polvere;658381381;2.6.2026;cpc;0,61;;2;0;0;0;0;0;0;upm7K39U2;4260557423493;0
at_CrossSellReRank_Vegavero (Marketplace Seller)_VEGAVERO Cordyceps sinensis BIO;658282808;2.6.2026;cpc;0,31;;2;0;0;0;0;0;0;upmTG77MW;4260557422991;0
at_CrossSellReRank_Vegavero (Marketplace Seller)_VEGAVERO Shiitake Extrakt;658280087;2.6.2026;cpc;0,31;;4;0;0;0;0;0;0;upmZ7P4AX;4260557421970;0
at_CrossSellReRank_Vegavero (Marketplace Seller)_VEGAVERO EAA;658280007;2.6.2026;cpc;0,31;;5;0;0;0;0;0;0;upmGMXXY9;4260557420744;0
com_CrossSellReRank_Vegavero (Marketplace Seller)_VEGAVERO Chlorella BIO + Spirulina BIO;643078910;2.6.2026;cpc;1,01;;1;0;0;0;0;0;0;14250597;4260309484185;0
at_MarketplaceBooster_Vegavero (Marketplace Seller)_VEGAVERO Mariendistel Plus;658280173;2.6.2026;cpc;0,51;;1;0;0;0;0;0;0;upmR9H2HU;4260557422892;0
it_CrossSellReRank_Vegavero (Marketplace Seller)_VEGAVERO Folato;649111206;2.6.2026;cpc;0,31;;3;0;0;0;0;0;0;upmZR3PP7;4260557422496;0
com_CrossSellReRank_Vegavero (Marketplace Seller)_VEGAVERO Bergamotte Extrakt;643094178;2.6.2026;cpc;0,31;;3;0;0;0;0;0;0;upmRKUZYE;4260557422557;0
com_CrossSellReRank_Vegavero (Marketplace Seller)_VEGAVERO Vegan Essentials Complex;643092356;2.6.2026;cpc;0,31;;1;0;0;0;0;0;0;upmHHT433;4260557421390;0
at_MarketplaceBooster_Vegavero (Marketplace Seller)_VEGAVERO Shilajit Mumijo;625779482;2.6.2026;cpc;0,51;;1;0;0;0;0;0;0;upmR33A3P;4260557421406;0
at_CrossSellReRank_Vegavero (Marketplace Seller)_VEGAVERO Taurin Pulver;658283035;2.6.2026;cpc;0,31;;2;0;0;0;0;0;0;upmHULHZD;4260557423370;0
at_MarketplaceBooster_Vegavero (Marketplace Seller)_VEGAVERO Bromelain 2400 GDU/g;625775688;2.6.2026;cpc;0,51;;1;0;0;0;0;0;0;upm43HM34;4260557421130;0
com_CrossSellReRank_Vegavero (Marketplace Seller)_VEGAVERO Griffonia;658283048;2.6.2026;cpc;1,41;;3;0;0;0;0;0;0;upmG7RZLC;4260557423318;0
at_CrossSellReRank_Vegavero (Marketplace Seller)_VEGAVERO Brennnessel BIO;658280036;2.6.2026;cpc;0,31;;2;0;0;0;0;0;0;upm9RX43T;4260557421031;0
at_MarketplaceBooster_Vegavero (Marketplace Seller)_VEGAVERO EAA;625771660;2.6.2026;cpc;0,51;;1;0;0;0;0;0;0;upmGMXXY9;4260557420744;0
at_CrossSellReRank_Vegavero (Marketplace Seller)_VEGAVERO Mushroom Mix Complex;658280095;2.6.2026;cpc;0,31;;3;0;0;0;0;0;0;upm4XDXPR;4260557422045;0
it_CrossSellReRank_Vegavero (Marketplace Seller)_VEGAVERO Triphala BIO;649077190;2.6.2026;cpc;0,31;;2;0;0;0;0;0;0;upmGL239Y;4260557420812;0
com_CrossSellReRank_Vegavero (Marketplace Seller)_VEGAVERO Nattokinase;643231278;2.6.2026;cpc;0,31;;1;0;0;0;0;0;0;upm2ZL4CL;4260557423264;0
at_MarketplaceBooster_Vegavero (Marketplace Seller)_VEGAVERO Reishi BIO;625763782;2.6.2026;cpc;0,51;;1;0;0;0;0;0;0;upmZRC9TD;4260557420706;0
at_CrossSellReRank_Vegavero (Marketplace Seller)_VEGAVERO Hyaluronsaeure;643052787;2.6.2026;cpc;0,31;;2;0;0;0;0;0;0;upmPMLEP9;4260557423103;0
at_CrossSellReRank_Vegavero (Marketplace Seller)_VEGAVERO Brahmi BIO;658280083;2.6.2026;cpc;0,31;;2;0;0;0;0;0;0;upmHFPDDK;4260557421956;0
at_CrossSellReRank_Vegavero (Marketplace Seller)_VEGAVERO L-Citrullin Plus;658280147;2.6.2026;cpc;0,31;;1;0;0;0;0;0;0;upmTF7MFK;4260557422625;0
at_CrossSellReRank_Vegavero (Marketplace Seller)_VEGAVERO Chaga BIO;658280111;2.6.2026;cpc;0,31;;3;0;0;0;0;0;0;upmPYECDL;4260557422298;0
at_CrossSellReRank_Vegavero (Marketplace Seller)_VEGAVERO EAA Pulver Pfirsich;658445042;2.6.2026;cpc;0,61;;1;0;0;0;0;0;0;upmP94YR7;4260557423530;0
com_CrossSellReRank_Vegavero (Marketplace Seller)_VEGAVERO Folat;643094175;2.6.2026;cpc;0,31;;2;0;0;0;0;0;0;upmZR3PP7;4260557422496;0
com_CrossSellReRank_Vegavero (Marketplace Seller)_VEGAVERO Mushroom Mix Complex;643093879;2.6.2026;cpc;0,31;;2;0;0;0;0;0;0;upm4XDXPR;4260557422045;0
com_MarketplaceBooster_Vegavero (Marketplace Seller)_VEGAVERO Griffonia;658283046;2.6.2026;cpc;1,51;;1;0;0;0;0;0;0;upmG7RZLC;4260557423318;0
it_CrossSellReRank_Vegavero (Marketplace Seller)_VEGAVERO Olio di semi di Lino BIO;649102015;2.6.2026;cpc;0,31;;5;0;0;0;0;0;0;upmKU4FAU;4260557422038;0
at_CrossSellReRank_Vegavero (Marketplace Seller)_VEGAVERO Psyllium BIO;658282986;2.6.2026;cpc;0,31;;1;0;0;0;0;0;0;upmERYMM3;4260557423295;0
at_MarketplaceBooster_Vegavero (Marketplace Seller)_VEGAVERO Bilberry + Pine Bark BIO;658280097;2.6.2026;cpc;0,51;;1;0;0;0;0;0;0;upm2LFWC7;4260557422076;0
it_CrossSellReRank_Vegavero (Marketplace Seller)_VEGAVERO Acido Ialuronico;649164301;2.6.2026;cpc;0,31;;4;0;0;0;0;0;0;upmPMLEP9;4260557423103;0
at_CrossSellReRank_Vegavero (Marketplace Seller)_VEGAVERO Bockshornklee BIO;658280184;2.6.2026;cpc;0,31;;3;0;0;0;0;0;0;upm7AL3PG;4260557422977;0
at_MarketplaceBooster_Vegavero (Marketplace Seller)_VEGAVERO Cordyceps sinensis BIO;620609037;2.6.2026;cpc;0,51;;1;0;0;0;0;0;0;upmTG77MW;4260557422991;0
it_CrossSellReRank_Vegavero (Marketplace Seller)_VEGAVERO Enotera;658296335;2.6.2026;cpc;0,61;;5;0;0;0;0;0;0;upm7DM474;4260557423448;0
com_CrossSellReRank_Vegavero (Marketplace Seller)_VEGAVERO Colon Care Complex;643084949;2.6.2026;cpc;0,31;;4;0;0;0;0;0;0;14250605;4260557420201;0
at_MarketplaceBooster_Vegavero (Marketplace Seller)_VEGAVERO Cordyceps Extrakt;658347645;2.6.2026;cpc;0,51;;1;0;0;0;0;0;0;14250611;4260309483218;0
com_CrossSellReRank_Vegavero (Marketplace Seller)_VEGAVERO Ashwagandha BIO;643088001;2.6.2026;cpc;0,31;;2;0;0;0;0;0;0;upmUPLLZH;4260557420676;0
at_CrossSellReRank_Vegavero (Marketplace Seller)_VEGAVERO Folat;658280132;2.6.2026;cpc;0,31;;1;0;0;0;0;0;0;upmZR3PP7;4260557422496;0
com_CrossSellReRank_Vegavero (Marketplace Seller)_VEGAVERO Prostaid Complex;658727269;2.6.2026;cpc;1,31;;6;0;0;0;0;0;0;upmCEE43U;4260557420515;0
at_CrossSellReRank_Vegavero (Marketplace Seller)_VEGAVERO Boswellia Extrakt;658280140;2.6.2026;cpc;0,31;;2;0;0;0;0;0;0;upmEH2K74;4260557422588;0
com_CrossSellReRank_Vegavero (Marketplace Seller)_VEGAVERO Hyaluronsaeure;643078405;2.6.2026;cpc;0,31;;6;0;0;0;0;0;0;upmPMLEP9;4260557423103;0
at_CrossSellReRank_Vegavero (Marketplace Seller)_VEGAVERO Youth Biotics;658445047;2.6.2026;cpc;0,31;;1;0;0;0;0;0;0;upmW7Y7DL;4260557423462;0
com_CrossSellReRank_Vegavero (Marketplace Seller)_VEGAVERO Chrom Plus;643134349;2.6.2026;cpc;0,31;;1;0;0;0;0;0;0;upmL7ZDD2;4260557422946;0
com_CrossSellReRank_Vegavero (Marketplace Seller)_VEGAVERO EAA Pulver Pfirsich;658445056;2.6.2026;cpc;0,31;;1;0;0;0;0;0;0;upmP94YR7;4260557423530;0
at_MarketplaceBooster_Vegavero (Marketplace Seller)_VEGAVERO Apple Cider Vinegar Gummies;626443801;2.6.2026;cpc;0,51;;1;0;0;0;0;0;0;upmF2EYPK;4260557423172;0
com_MarketplaceBooster_Vegavero (Marketplace Seller)_VEGAVERO Cholin Trio;618496729;2.6.2026;cpc;1,01;;1;1;100;0;1,01;0;0;upm97PFY9;4260557421826;1,01
com_CrossSellReRank_Vegavero (Marketplace Seller)_VEGAVERO Boswellia Extrakt;643094189;2.6.2026;cpc;0,31;;5;0;0;0;0;0;0;upmEH2K74;4260557422588;0
at_CrossSellReRank_Vegavero (Marketplace Seller)_VEGAVERO Ginkgo biloba Extrakt;658279980;2.6.2026;cpc;0,31;;1;0;0;0;0;0;0;upmDYUXLH;4260557420119;0
at_MarketplaceBooster_Vegavero (Marketplace Seller)_VEGAVERO Apple Cider Vinegar;626443800;2.6.2026;cpc;0,51;;2;0;0;0;0;0;0;upmUTDZP9;4260557423158;0
com_CrossSellReRank_Vegavero (Marketplace Seller)_VEGAVERO Cordyceps sinensis BIO;658295815;2.6.2026;cpc;0,31;;2;0;0;0;0;0;0;upmTG77MW;4260557422991;0
at_MarketplaceBooster_Vegavero (Marketplace Seller)_VEGAVERO EAA Pulver Pfirsich;658445040;2.6.2026;cpc;1,01;;1;0;0;0;0;0;0;upmP94YR7;4260557423530;0
at_CrossSellReRank_Vegavero (Marketplace Seller)_VEGAVERO MSM Pulver DOSE;658279976;2.6.2026;cpc;0,61;;2;0;0;0;0;0;0;upmTLUPGT;4260309483881;0
at_CrossSellReRank_Vegavero (Marketplace Seller)_VEGAVERO Vitamin C BIO aus Acerola;658279997;2.6.2026;cpc;0,31;;1;0;0;0;0;0;0;upmFY9KW9;4260557420331;0
at_CrossSellReRank_Vegavero (Marketplace Seller)_VEGAVERO Vitamin C liposomal;658280156;2.6.2026;cpc;0,31;;1;0;0;0;0;0;0;upm77WEEP;4260557422786;0
at_CrossSellReRank_Vegavero (Marketplace Seller)_VEGAVERO Serenity;658280179;2.6.2026;cpc;0,31;;2;0;0;0;0;0;0;upmZFGPHR;4260557422830;0
at_CrossSellReRank_Vegavero (Marketplace Seller)_VEGAVERO Papaya Enzym;658280137;2.6.2026;cpc;0,31;;2;0;0;0;0;0;0;14250930;4260309482648;0
it_CrossSellReRank_Vegavero (Marketplace Seller)_VEGAVERO Igname Selvatico +  Zinco;658353188;2.6.2026;cpc;0,31;;5;0;0;0;0;0;0;14251183;4260309481672;0
com_MarketplaceBooster_Vegavero (Marketplace Seller)_VEGAVERO Rapunzel;658295813;2.6.2026;cpc;0,51;;1;0;0;0;0;0;0;upmDUFHFK;4260557423134;0
it_CrossSellReRank_Vegavero (Marketplace Seller)_VEGAVERO Acido Ialuronico;649164412;2.6.2026;cpc;0,31;;2;0;0;0;0;0;0;upmKMAH3F;4260557420539;0
com_MarketplaceBooster_Vegavero (Marketplace Seller)_VEGAVERO Shilajit Mumijo;619715133;2.6.2026;cpc;0,51;;1;0;0;0;0;0;0;upmR33A3P;4260557421406;0
at_CrossSellReRank_Vegavero (Marketplace Seller)_VEGAVERO Ashwagandha BIO;658280005;2.6.2026;cpc;0,31;;1;0;0;0;0;0;0;upmUPLLZH;4260557420676;0
at_CrossSellReRank_Vegavero (Marketplace Seller)_VEGAVERO Vitamin B12 Spray Junior;658280108;2.6.2026;cpc;0,31;;1;0;0;0;0;0;0;upm3RXHUC;4260557422229;0
com_MarketplaceBooster_Vegavero (Marketplace Seller)_VEGAVERO Ackerschachtelhalm BIO;653634560;2.6.2026;cpc;0,51;;1;0;0;0;0;0;0;upmDKAWH3;4260557421307;0
SOLD_OUT_at_MarketplaceBooster_Vegavero (Marketplace Seller)_VEGAVERO L-Glutathion Complex;626442525;2.6.2026;cpc;0,71;;0;0;0;0;0;0;0;upmLCF24D;4260557423035;0
it_CrossSellReRank_Vegavero (Marketplace Seller)_VEGAVERO Carciofo BIO;649084128;2.6.2026;cpc;0,31;;2;0;0;0;0;0;0;upmUTCWKM;4260557421215;0
com_MarketplaceBooster_Vegavero (Marketplace Seller)_VEGAVERO Vitamin K2;658347316;2.6.2026;cpc;1,01;;0;0;0;0;0;0;0;upmFYFHAU;4260557423424;0
SOLD_OUT_it_CrossSellReRank_Vegavero (Marketplace Seller)_VEGAVERO Guggul;649077297;2.6.2026;cpc;0,31;;0;0;0;0;0;0;0;upmT99EZK;4260557421123;0
com_MarketplaceBooster_Vegavero (Marketplace Seller)_VEGAVERO Chaga BIO;629497666;2.6.2026;cpc;0,51;;0;0;0;0;0;0;0;upmPYECDL;4260557422298;0
at_MarketplaceBooster_Vegavero (Marketplace Seller)_VEGAVERO Cholin Bitartrat;658283012;2.6.2026;cpc;0,51;;0;0;0;0;0;0;0;upmU9FP9M;4260557423325;0
com_MarketplaceBooster_Vegavero (Marketplace Seller)_VEGAVERO Bilberry + Pine Bark BIO;658347582;2.6.2026;cpc;1,01;;0;0;0;0;0;0;0;upm2LFWC7;4260557422076;0
it_MarketplaceBooster_Vegavero (Marketplace Seller)_VEGAVERO Lievito di Birra;658296220;2.6.2026;cpc;0,51;;0;0;0;0;0;0;0;upmKUKGHH;4260557423332;0
at_MarketplaceBooster_Vegavero (Marketplace Seller)_VEGAVERO Zimt Extrakt BIO;625767692;2.6.2026;cpc;0,51;;0;0;0;0;0;0;0;upmW9KKTG;4260557422618;0
it_CrossSellReRank_Vegavero (Marketplace Seller)_VEGAVERO Artemisia Vulgaris;649102429;2.6.2026;cpc;0,31;;2;0;0;0;0;0;0;upmWMGCRY;4260557422090;0
it_MarketplaceBooster_Vegavero (Marketplace Seller)_VEGAVERO Griffonia;658296090;2.6.2026;cpc;0,51;;0;0;0;0;0;0;0;upmG7RZLC;4260557423318;0
at_MarketplaceBooster_Vegavero (Marketplace Seller)_VEGAVERO Psyllium BIO;658282984;2.6.2026;cpc;0,51;;0;0;0;0;0;0;0;upmERYMM3;4260557423295;0
at_MarketplaceBooster_Vegavero (Marketplace Seller)_VEGAVERO Creatin Monohydrat Pulver;658291469;2.6.2026;cpc;0,51;;0;0;0;0;0;0;0;upmFRZEFX;4260557423226;0
com_CrossSellReRank_Vegavero (Marketplace Seller)_VEGAVERO L-Citrullin Malat Pulver;658469901;2.6.2026;cpc;0,31;;0;0;0;0;0;0;0;upm7K39U2;4260557423493;0
com_CrossSellReRank_Vegavero (Marketplace Seller)_VEGAVERO Wild Yams + Zink;643234437;2.6.2026;cpc;0,31;;2;0;0;0;0;0;0;14251183;4260309481672;0
at_MarketplaceBooster_Vegavero (Marketplace Seller)_VEGAVERO Vitamin D3 + K2 Depot;658282834;2.6.2026;cpc;0,51;;0;0;0;0;0;0;0;upmC2RH39;4260557423271;0
at_MarketplaceBooster_Vegavero (Marketplace Seller)_VEGAVERO Reishi Extrakt;625763780;2.6.2026;cpc;0,51;;0;0;0;0;0;0;0;14251013;4260309481665;0
at_MarketplaceBooster_Vegavero (Marketplace Seller)_VEGAVERO Vitamin C BIO aus Acerola;625769770;2.6.2026;cpc;0,51;;0;0;0;0;0;0;0;upmFY9KW9;4260557420331;0
com_MarketplaceBooster_Vegavero (Marketplace Seller)_VEGAVERO Nachtkerzen ?l;658291478;2.6.2026;cpc;1,01;;0;0;0;0;0;0;0;upm7DM474;4260557423448;0
at_MarketplaceBooster_Vegavero (Marketplace Seller)_VEGAVERO Party Hero;658283016;2.6.2026;cpc;0,51;;0;0;0;0;0;0;0;upmFACEA7;4260557423356;0
it_MarketplaceBooster_Vegavero (Marketplace Seller)_VEGAVERO Taurina;658296229;2.6.2026;cpc;0,51;;0;0;0;0;0;0;0;upmHULHZD;4260557423370;0
com_CrossSellReRank_Vegavero (Marketplace Seller)_VEGAVERO L-Glutamin Pulver;643141362;2.6.2026;cpc;0,31;;4;0;0;0;0;0;0;upmUPTFMH;4260557423233;0
it_MarketplaceBooster_Vegavero (Marketplace Seller)_VEGAVERO Beta-Alanina in Polvere;658296313;2.6.2026;cpc;1,01;;0;0;0;0;0;0;0;upmFKHFRA;4260557423431;0
com_CrossSellReRank_Vegavero (Marketplace Seller)_VEGAVERO Strong Bones;658283045;2.6.2026;cpc;0,31;;4;0;0;0;0;0;0;upmAP9MLM;4260557423301;0
com_MarketplaceBooster_Vegavero (Marketplace Seller)_VEGAVERO Glucosamin Plus;658347207;2.6.2026;cpc;1,01;;0;0;0;0;0;0;0;upmKWW3MD;4260557423349;0
com_MarketplaceBooster_Vegavero (Marketplace Seller)_VEGAVERO Maitake BIO;629496632;2.6.2026;cpc;0,51;;0;0;0;0;0;0;0;upmW4TZYD;4260557420874;0
it_CrossSellReRank_Vegavero (Marketplace Seller)_VEGAVERO ZMA;649109453;2.6.2026;cpc;0,31;;1;0;0;0;0;0;0;upmRXLDAR;4260557422465;0
at_MarketplaceBooster_Vegavero (Marketplace Seller)_VEGAVERO Keto Power;658282839;2.6.2026;cpc;0,51;;0;0;0;0;0;0;0;upmP77L3M;4260557423288;0
com_CrossSellReRank_Vegavero (Marketplace Seller)_VEGAVERO Koffein;643137040;2.6.2026;cpc;0,31;;2;0;0;0;0;0;0;upm4XZRWY;4260557423127;0
it_MarketplaceBooster_Vegavero (Marketplace Seller)_VEGAVERO Strong Bones;658296086;2.6.2026;cpc;0,51;;0;0;0;0;0;0;0;upmAP9MLM;4260557423301;0
it_MarketplaceBooster_Vegavero (Marketplace Seller)_VEGAVERO Glicina in Polvere;658296346;2.6.2026;cpc;1,01;;0;0;0;0;0;0;0;upmTGWG29;4260557423479;0
com_CrossSellReRank_Vegavero (Marketplace Seller)_VEGAVERO Curcuma BIO;643130748;2.6.2026;cpc;0,31;;0;0;0;0;0;0;0;upm27X4XW;4260557422878;0
at_MarketplaceBooster_Vegavero (Marketplace Seller)_VEGAVERO Glycin Pulver;658280143;2.6.2026;cpc;1,01;;0;0;0;0;0;0;0;upmTGWG29;4260557423479;0
com_CrossSellReRank_Vegavero (Marketplace Seller)_VEGAVERO Vitamin D3 + K2 Depot;658295756;2.6.2026;cpc;0,31;;0;0;0;0;0;0;0;upmC2RH39;4260557423271;0
SOLD_OUT_com_MarketplaceBooster_Vegavero (Marketplace Seller)_VEGAVERO L-Glutathion Complex;620547083;2.6.2026;cpc;0,61;;0;0;0;0;0;0;0;upmLCF24D;4260557423035;0
at_MarketplaceBooster_Vegavero (Marketplace Seller)_VEGAVERO Strong Bones;658283003;2.6.2026;cpc;0,51;;0;0;0;0;0;0;0;upmAP9MLM;4260557423301;0
at_CrossSellReRank_Vegavero (Marketplace Seller)_VEGAVERO Glucosamin Plus;658295896;2.6.2026;cpc;0,31;;0;0;0;0;0;0;0;upmKWW3MD;4260557423349;0
at_CrossSellReRank_Vegavero (Marketplace Seller)_VEGAVERO Maitake BIO;658280016;2.6.2026;cpc;0,31;;0;0;0;0;0;0;0;upmW4TZYD;4260557420874;0
at_MarketplaceBooster_Vegavero (Marketplace Seller)_VEGAVERO Griffonia;658283007;2.6.2026;cpc;1,61;;0;0;0;0;0;0;0;upmG7RZLC;4260557423318;0
it_MarketplaceBooster_Vegavero (Marketplace Seller)_VEGAVERO Vitamina K2;658296232;2.6.2026;cpc;0,51;;0;0;0;0;0;0;0;upmFYFHAU;4260557423424;0
it_MarketplaceBooster_Vegavero (Marketplace Seller)_VEGAVERO Enotera;658296331;2.6.2026;cpc;1,01;;0;0;0;0;0;0;0;upm7DM474;4260557423448;0
it_MarketplaceBooster_Vegavero (Marketplace Seller)_VEGAVERO Party Hero;658331695;2.6.2026;cpc;0,51;;0;0;0;0;0;0;0;upmFACEA7;4260557423356;0
at_CrossSellReRank_Vegavero (Marketplace Seller)_VEGAVERO Bromelain 2500 GDU/g;658280042;2.6.2026;cpc;0,31;;1;0;0;0;0;0;0;upm43HM34;4260557421130;0
it_CrossSellReRank_Vegavero (Marketplace Seller)_VEGAVERO MSM;658296418;2.6.2026;cpc;0,61;;2;0;0;0;0;0;0;upmWCKTTE;4260309481214;0
SOLD_OUT_it_MarketplaceBooster_Vegavero (Marketplace Seller)_VEGAVERO L-Glutatione Complex;649148339;2.6.2026;cpc;0,51;;0;0;0;0;0;0;0;upmLCF24D;4260557423035;0
SOLD_OUT_at_CrossSellReRank_Vegavero (Marketplace Seller)_VEGAVERO Guggul;658280041;2.6.2026;cpc;0,31;;3;0;0;0;0;0;0;upmT99EZK;4260557421123;0
at_MarketplaceBooster_Vegavero (Marketplace Seller)_VEGAVERO Taurin Pulver;658283030;2.6.2026;cpc;0,51;;0;0;0;0;0;0;0;upmHULHZD;4260557423370;0
com_CrossSellReRank_Vegavero (Marketplace Seller)_VEGAVERO Resveratrol + Nicotinamid;643088593;2.6.2026;cpc;0,31;;0;0;0;0;0;0;0;upmGDDD7G;4260557420805;0
it_CrossSellReRank_Vegavero (Marketplace Seller)_VEGAVERO Bacopa BIO;649096403;2.6.2026;cpc;0,31;;2;0;0;0;0;0;0;upmHFPDDK;4260557421956;0
it_MarketplaceBooster_Vegavero (Marketplace Seller)_VEGAVERO Colina Bitartrato;658296180;2.6.2026;cpc;0,51;;0;0;0;0;0;0;0;upmU9FP9M;4260557423325;0
com_MarketplaceBooster_Vegavero (Marketplace Seller)_VEGAVERO Strong Bones;658283044;2.6.2026;cpc;0,51;;0;0;0;0;0;0;0;upmAP9MLM;4260557423301;0
it_CrossSellReRank_Vegavero (Marketplace Seller)_VEGAVERO Chrom Plus;649145953;2.6.2026;cpc;0,31;;1;0;0;0;0;0;0;upmL7ZDD2;4260557422946;0
com_MarketplaceBooster_Vegavero (Marketplace Seller)_VEGAVERO Shiitake Extrakt;619721567;2.6.2026;cpc;0,51;;0;0;0;0;0;0;0;upmZ7P4AX;4260557421970;0
com_CrossSellReRank_Vegavero (Marketplace Seller)_VEGAVERO Vitamin B Plus;653855001;2.6.2026;cpc;0,31;;3;0;0;0;0;0;0;14251094;4260309482754;0
at_MarketplaceBooster_Vegavero (Marketplace Seller)_VEGAVERO Beta-Alanin Pulver;658283036;2.6.2026;cpc;1,01;;0;0;0;0;0;0;0;upmFKHFRA;4260557423431;0
at_CrossSellReRank_Vegavero (Marketplace Seller)_VEGAVERO Zimt-Ceylon Extrakt;658279983;2.6.2026;cpc;0,31;;3;0;0;0;0;0;0;14251208;4260557420164;0
it_MarketplaceBooster_Vegavero (Marketplace Seller)_VEGAVERO Reishi BIO;620566570;2.6.2026;cpc;0,51;;0;0;0;0;0;0;0;upmZRC9TD;4260557420706;0
at_MarketplaceBooster_Vegavero (Marketplace Seller)_VEGAVERO Brewers Yeast;658347642;2.6.2026;cpc;0,51;;0;0;0;0;0;0;0;upmKUKGHH;4260557423332;0
com_CrossSellReRank_Vegavero (Marketplace Seller)_VEGAVERO Apple Cider Vinegar Gummies;643140412;2.6.2026;cpc;0,31;;0;0;0;0;0;0;0;upmF2EYPK;4260557423172;0
SOLD_OUT_com_MarketplaceBooster_Vegavero (Marketplace Seller)_VEGAVERO Guggul;652847799;2.6.2026;cpc;0,51;;0;0;0;0;0;0;0;upmT99EZK;4260557421123;0
at_CrossSellReRank_Vegavero (Marketplace Seller)_VEGAVERO Vegan Essentials Complex;658280060;2.6.2026;cpc;0,31;;0;0;0;0;0;0;0;upmHHT433;4260557421390;0
com_MarketplaceBooster_Vegavero (Marketplace Seller)_VEGAVERO Reishi BIO;619660798;2.6.2026;cpc;0,51;;0;0;0;0;0;0;0;upmZRC9TD;4260557420706;0
it_MarketplaceBooster_Vegavero (Marketplace Seller)_VEGAVERO Creatina in Polvere;658331593;2.6.2026;cpc;0,51;;0;0;0;0;0;0;0;upmFRZEFX;4260557423226;0
com_CrossSellReRank_Vegavero (Marketplace Seller)_VEGAVERO Reishi BIO;643241074;2.6.2026;cpc;0,31;;1;0;0;0;0;0;0;upmZRC9TD;4260557420706;0
SOLD_OUT_it_CrossSellReRank_Vegavero (Marketplace Seller)_VEGAVERO Collagene Vegano + Acido Ialuronico;658334350;2.6.2026;cpc;0,81;;0;0;0;0;0;0;0;upmK3CG99;4260557422656;0
com_CrossSellReRank_Vegavero (Marketplace Seller)_VEGAVERO Triphala BIO;643089502;2.6.2026;cpc;0,31;;0;0;0;0;0;0;0;upmGL239Y;4260557420812;0
at_MarketplaceBooster_Vegavero (Marketplace Seller)_VEGAVERO Glucosamin Plus;658295895;2.6.2026;cpc;0,51;;0;0;0;0;0;0;0;upmKWW3MD;4260557423349;0
it_CrossSellReRank_Vegavero (Marketplace Seller)_VEGAVERO Multivitamino Spray per Bambini;649081621;2.6.2026;cpc;0,31;;5;0;0;0;0;0;0;upm9ZTF3H;4260557421178;0
com_MarketplaceBooster_Vegavero (Marketplace Seller)_VEGAVERO Beifu? Extrakt;658295464;2.6.2026;cpc;0,61;;0;0;0;0;0;0;0;upmWMGCRY;4260557422090;0
at_CrossSellReRank_Vegavero (Marketplace Seller)_VEGAVERO BCAA Pulver Mango;658445038;2.6.2026;cpc;0,61;;2;0;0;0;0;0;0;upmWWWMYX;4260557423523;0
it_CrossSellReRank_Vegavero (Marketplace Seller)_VEGAVERO Youth Biotics;658445087;2.6.2026;cpc;0,61;;0;0;0;0;0;0;0;upmW7Y7DL;4260557423462;0
at_MarketplaceBooster_Vegavero (Marketplace Seller)_VEGAVERO Vitamin K2;658295902;2.6.2026;cpc;0,51;;0;0;0;0;0;0;0;upmFYFHAU;4260557423424;0
it_MarketplaceBooster_Vegavero (Marketplace Seller)_VEGAVERO Keto Power;658295962;2.6.2026;cpc;0,51;;0;0;0;0;0;0;0;upmP77L3M;4260557423288;0
at_MarketplaceBooster_Vegavero (Marketplace Seller)_VEGAVERO Nachtkerzen ?l;658283038;2.6.2026;cpc;1,01;;0;0;0;0;0;0;0;upm7DM474;4260557423448;0
com_MarketplaceBooster_Vegavero (Marketplace Seller)_VEGAVERO Reishi Extrakt;619660758;2.6.2026;cpc;0,51;;0;0;0;0;0;0;0;14251013;4260309481665;0
it_CrossSellReRank_Vegavero (Marketplace Seller)_VEGAVERO Mushroom Mix Complex;649102044;3.6.2026;cpc;0,31;;96;0;0;0;0;0;0;upm4XDXPR;4260557422045;0
it_MarketplaceBooster_Vegavero (Marketplace Seller)_VEGAVERO Omega 3;626451248;3.6.2026;cpc;0,81;;69;0;0;0;0;0;0;upm9KDWAZ;4260557421383;0
it_CrossSellReRank_Vegavero (Marketplace Seller)_VEGAVERO Ashwagandha BIO;649076814;3.6.2026;cpc;0,31;;93;0;0;0;0;0;0;upmUPLLZH;4260557420676;0
it_CrossSellReRank_Vegavero (Marketplace Seller)_VEGAVERO Omega 3;658752940;3.6.2026;cpc;0,81;;86;2;3,333333;0;1,62;0;0;upm9KDWAZ;4260557421383;0,81
it_MarketplaceBooster_Vegavero (Marketplace Seller)_VEGAVERO Olio di Semi di Chia;641627926;3.6.2026;cpc;0,51;;58;1;1,724138;0;0,51;0;0;upmK7YWLD;4260557422649;0,51
it_MarketplaceBooster_Vegavero (Marketplace Seller)_VEGAVERO Magnesio Complex;620566101;3.6.2026;cpc;0,51;;55;2;3,636364;0;1,02;0;0;upmUZUHTT;4260557421888;0,51
it_MarketplaceBooster_Vegavero (Marketplace Seller)_VEGAVERO Female Balance Complex;658381497;3.6.2026;cpc;0,51;;48;0;0;0;0;0;0;upmUX2FW3;4260557420638;0
it_CrossSellReRank_Vegavero (Marketplace Seller)_VEGAVERO Venaflux Complex;649103716;3.6.2026;cpc;0,31;;66;0;0;0;0;0;0;upmKY422A;4260557422212;0
it_MarketplaceBooster_Vegavero (Marketplace Seller)_VEGAVERO Bromelina;620571075;3.6.2026;cpc;0,51;;40;0;0;0;0;0;0;upm43HM34;4260557421130;0
it_CrossSellReRank_Vegavero (Marketplace Seller)_VEGAVERO Cysti-Aid Complex;649102998;3.6.2026;cpc;0,31;;51;1;2,564103;0;0,31;0;0;upmTZFCGA;4260557422199;0,31
at_MarketplaceBooster_Vegavero (Marketplace Seller)_VEGAVERO Elektrolyte Plus;620596596;3.6.2026;cpc;0,51;;39;0;0;0;0;0;0;upmD23XCL;4260557422823;0
at_CrossSellReRank_Vegavero (Marketplace Seller)_VEGAVERO Beta Carotin;643057199;3.6.2026;cpc;0,31;;52;0;0;0;0;0;0;14250551;4260309484208;0
it_MarketplaceBooster_Vegavero (Marketplace Seller)_VEGAVERO Riso Rosso Plus;641644118;3.6.2026;cpc;0,51;;36;0;0;0;0;0;0;upmDFWTTT;4260557423110;0
com_MarketplaceBooster_Vegavero (Marketplace Seller)_VEGAVERO Drenaflux Complex;629500801;3.6.2026;cpc;1,01;;31;1;3,225806;0;1,01;0;0;upm2XGYDU;4260557422489;1,01
it_MarketplaceBooster_Vegavero (Marketplace Seller)_VEGAVERO Ferro;658331730;3.6.2026;cpc;0,51;;31;0;0;0;0;0;0;14250692;4260309483065;0
at_MarketplaceBooster_Vegavero (Marketplace Seller)_VEGAVERO Omega-3 ?l;625779008;3.6.2026;cpc;1,71;;31;0;0;0;0;0;0;upm9KDWAZ;4260557421383;0
it_CrossSellReRank_Vegavero (Marketplace Seller)_VEGAVERO Prosta-X;658381379;3.6.2026;cpc;0,61;;36;0;0;0;0;0;0;upmKYYZM4;4260557423486;0
it_MarketplaceBooster_Vegavero (Marketplace Seller)_VEGAVERO Griffonia Plus;641628925;3.6.2026;cpc;0,51;;29;0;0;0;0;0;0;upmHCULGA;4260557422755;0
com_CrossSellReRank_Vegavero (Marketplace Seller)_VEGAVERO Lecithin BIO;643093526;3.6.2026;cpc;0,61;;38;2;7,142857;0;1,22;0;0;upm2HFKPC;4260557422021;0,61
it_CrossSellReRank_Vegavero (Marketplace Seller)_VEGAVERO Female Balance Complex;658381499;3.6.2026;cpc;0,31;;40;0;0;0;0;0;0;upmUX2FW3;4260557420638;0
it_MarketplaceBooster_Vegavero (Marketplace Seller)_VEGAVERO Vitamina D3 + K2;641650859;3.6.2026;cpc;1,21;;26;1;3,846154;0;1,21;0;0;upm7FHKKZ;4260557421437;1,21
it_MarketplaceBooster_Vegavero (Marketplace Seller)_VEGAVERO Prosta-X;658381378;3.6.2026;cpc;1,01;;26;3;11,538462;0;3,03;0;0;upmKYYZM4;4260557423486;1,01
it_MarketplaceBooster_Vegavero (Marketplace Seller)_VEGAVERO Vitamina D3 + K2;649145075;3.6.2026;cpc;0,91;;26;0;0;0;0;0;0;upmKAXT9Y;4260557422915;0
it_MarketplaceBooster_Vegavero (Marketplace Seller)_VEGAVERO Quercetina Complex;658381383;3.6.2026;cpc;0,51;;25;0;0;0;0;0;0;upmF2AFXC;4260557423509;0
at_CrossSellReRank_Vegavero (Marketplace Seller)_VEGAVERO Female Balance Complex;658280004;3.6.2026;cpc;0,91;;35;2;8;0;1,82;0;0;upmUX2FW3;4260557420638;0,91
at_CrossSellReRank_Vegavero (Marketplace Seller)_VEGAVERO Lecithin BIO;658280090;3.6.2026;cpc;0,71;;30;2;8,333333;0;1,42;0;0;upm2HFKPC;4260557422021;0,71
it_MarketplaceBooster_Vegavero (Marketplace Seller)_VEGAVERO Serenity Complex;641646664;3.6.2026;cpc;0,51;;23;0;0;0;0;0;0;upmZFGPHR;4260557422830;0
com_CrossSellReRank_Vegavero (Marketplace Seller)_VEGAVERO Cholin Bitartrat;658347159;3.6.2026;cpc;0,31;;34;0;0;0;0;0;0;upmU9FP9M;4260557423325;0
it_CrossSellReRank_Vegavero (Marketplace Seller)_VEGAVERO Magnesio Complex;649091773;3.6.2026;cpc;0,31;;40;0;0;0;0;0;0;upmUZUHTT;4260557421888;0
it_CrossSellReRank_Vegavero (Marketplace Seller)_VEGAVERO Vitamina B12 Spray;658334267;3.6.2026;cpc;0,31;;29;0;0;0;0;0;0;14251102;4260557420027;0
com_MarketplaceBooster_Vegavero (Marketplace Seller)_VEGAVERO Female Balance Complex;629496626;3.6.2026;cpc;1,21;;21;1;4,761905;0;1,21;0;0;upmUX2FW3;4260557420638;1,21
it_CrossSellReRank_Vegavero (Marketplace Seller)_VEGAVERO Cordyceps;658334303;3.6.2026;cpc;0,31;;27;0;0;0;0;0;0;14250611;4260309483218;0
it_MarketplaceBooster_Vegavero (Marketplace Seller)_VEGAVERO Light Legs Complex;658381501;3.6.2026;cpc;0,51;;21;0;0;0;0;0;0;upmD7EWMP;4260557420454;0
com_MarketplaceBooster_Vegavero (Marketplace Seller)_VEGAVERO Elektrolyte Plus;617842699;3.6.2026;cpc;0,51;;20;0;0;0;0;0;0;upmD23XCL;4260557422823;0
at_MarketplaceBooster_Vegavero (Marketplace Seller)_VEGAVERO Glucosamin Complex;620608017;3.6.2026;cpc;0,51;;22;1;5;0;0,51;0;0;upmTYL3Y7;4260557420737;0,51
it_CrossSellReRank_Vegavero (Marketplace Seller)_VEGAVERO Maca Nera Plus;649149549;3.6.2026;cpc;0,81;;29;0;0;0;0;0;0;upmG4PKUG;4260557423042;0
com_MarketplaceBooster_Vegavero (Marketplace Seller)_VEGAVERO Reflu-X Complex;619682540;3.6.2026;cpc;0,91;;20;0;0;0;0;0;0;upm4ZWYPF;4260557420980;0
com_CrossSellReRank_Vegavero (Marketplace Seller)_VEGAVERO Drenaflux Complex;643094174;3.6.2026;cpc;0,31;;25;0;0;0;0;0;0;upm2XGYDU;4260557422489;0
com_CrossSellReRank_Vegavero (Marketplace Seller)_VEGAVERO Rhodiola rosea Extrakt;643082833;3.6.2026;cpc;0,31;;24;0;0;0;0;0;0;14251036;4260557420102;0
com_CrossSellReRank_Vegavero (Marketplace Seller)_VEGAVERO Cholin Trio;643092529;3.6.2026;cpc;0,31;;29;0;0;0;0;0;0;upm97PFY9;4260557421826;0
at_CrossSellReRank_Vegavero (Marketplace Seller)_VEGAVERO Elektrolyte Plus;658280160;3.6.2026;cpc;0,31;;22;1;5,555556;0;0,31;0;0;upmD23XCL;4260557422823;0,31
it_MarketplaceBooster_Vegavero (Marketplace Seller)_VEGAVERO Venaflux Complex;649103715;3.6.2026;cpc;0,51;;18;2;11,111111;0;1,02;0;0;upmKY422A;4260557422212;0,51
it_CrossSellReRank_Vegavero (Marketplace Seller)_VEGAVERO Vitamina D3 + K2;649145192;3.6.2026;cpc;1,11;;23;0;0;0;0;0;0;upmKAXT9Y;4260557422915;0
it_MarketplaceBooster_Vegavero (Marketplace Seller)_VEGAVERO Vitamina D3 + K2;641650857;3.6.2026;cpc;0,51;;18;1;5,555556;0;0,51;0;0;upmKAXT9Y;4260557422915;0,51
at_MarketplaceBooster_Vegavero (Marketplace Seller)_VEGAVERO Reflu-X Complex;658280034;3.6.2026;cpc;0,91;;17;0;0;0;0;0;0;upm4ZWYPF;4260557420980;0
it_MarketplaceBooster_Vegavero (Marketplace Seller)_VEGAVERO Vitamine B Complex;658331659;3.6.2026;cpc;0,51;;17;2;11,764706;0;1,02;0;0;14251094;4260309482754;0,51
at_CrossSellReRank_Vegavero (Marketplace Seller)_VEGAVERO Vitamin D3+K2 Tropfen;658280177;3.6.2026;cpc;1,41;;21;0;0;0;0;0;0;upmKAXT9Y;4260557422915;0
at_MarketplaceBooster_Vegavero (Marketplace Seller)_VEGAVERO Light Legs Complex;658347596;3.6.2026;cpc;0,51;;17;2;11,764706;0;1,02;0;0;upmD7EWMP;4260557420454;0,51
it_MarketplaceBooster_Vegavero (Marketplace Seller)_VEGAVERO Myo-Inositol Complex;658353199;3.6.2026;cpc;1,51;;16;1;6,25;0;1,51;0;0;upm7PGM77;4260557421765;1,51
it_CrossSellReRank_Vegavero (Marketplace Seller)_VEGAVERO Magnesio Bisglicinato;649159286;3.6.2026;cpc;1,31;;38;1;6,25;0;1,31;0;0;upmX4LT4H;4260557423257;1,31
at_MarketplaceBooster_Vegavero (Marketplace Seller)_VEGAVERO Vitamin B12 Spray Junior;625789014;3.6.2026;cpc;0,51;;16;0;0;0;0;0;0;upm3RXHUC;4260557422229;0
it_CrossSellReRank_Vegavero (Marketplace Seller)_VEGAVERO Probiotici e Prebiotici BIO;658296371;3.6.2026;cpc;0,31;;22;0;0;0;0;0;0;14250976;4260557420034;0
com_MarketplaceBooster_Vegavero (Marketplace Seller)_VEGAVERO Vitamin D3 und K2 ?l;652853552;3.6.2026;cpc;1,31;;16;1;6,25;0;1,31;0;0;upm7FHKKZ;4260557421437;1,31
it_MarketplaceBooster_Vegavero (Marketplace Seller)_VEGAVERO Sun Care Complex;649077191;3.6.2026;cpc;0,51;;16;0;0;0;0;0;0;upm7C9XR2;4260557420836;0
com_MarketplaceBooster_Vegavero (Marketplace Seller)_VEGAVERO Vitamin B12 Spray Cherry;629516457;3.6.2026;cpc;0,51;;16;0;0;0;0;0;0;14251102;4260557420027;0
com_CrossSellReRank_Vegavero (Marketplace Seller)_VEGAVERO Rosskastanie Plus BIO;643090783;3.6.2026;cpc;0,41;;20;0;0;0;0;0;0;upmUR4ZK4;4260557421239;0
it_MarketplaceBooster_Vegavero (Marketplace Seller)_VEGAVERO Betacarotene;653864224;3.6.2026;cpc;0,51;;16;0;0;0;0;0;0;14250551;4260309484208;0
it_CrossSellReRank_Vegavero (Marketplace Seller)_VEGAVERO Light Legs Complex;658381503;3.6.2026;cpc;0,31;;32;0;0;0;0;0;0;upmD7EWMP;4260557420454;0
it_MarketplaceBooster_Vegavero (Marketplace Seller)_VEGAVERO Iodio naturale BIO;658445105;3.6.2026;cpc;1,01;;15;0;0;0;0;0;0;14250769;4260557420256;0
com_MarketplaceBooster_Vegavero (Marketplace Seller)_VEGAVERO Teufelskralle Plus;619697372;3.6.2026;cpc;0,51;;15;0;0;0;0;0;0;upmD3U322;4260557421192;0
at_MarketplaceBooster_Vegavero (Marketplace Seller)_VEGAVERO Schwarzk?mmel?l BIO;625778996;3.6.2026;cpc;0,81;;15;0;0;0;0;0;0;upmEUZ9F7;4260557421376;0
at_MarketplaceBooster_Vegavero (Marketplace Seller)_VEGAVERO Roter Reis Plus;626443344;3.6.2026;cpc;0,51;;15;0;0;0;0;0;0;upmDFWTTT;4260557423110;0
com_MarketplaceBooster_Vegavero (Marketplace Seller)_VEGAVERO Eisen Bisglycinat;620565118;3.6.2026;cpc;0,51;;15;1;6,666667;0;0,51;0;0;14250692;4260309483065;0,51
it_MarketplaceBooster_Vegavero (Marketplace Seller)_VEGAVERO Spirulina BIO +  Clorella BIO;658331796;3.6.2026;cpc;0,51;;15;1;6,666667;0;0,51;0;0;14250597;4260309484185;0,51
com_MarketplaceBooster_Vegavero (Marketplace Seller)_VEGAVERO Vitamin D3+K2 Tropfen;620538813;3.6.2026;cpc;1,51;;15;0;0;0;0;0;0;upmKAXT9Y;4260557422915;0
it_MarketplaceBooster_Vegavero (Marketplace Seller)_VEGAVERO Vitamina C Liposomiale;620566158;3.6.2026;cpc;0,81;;15;0;0;0;0;0;0;upm77WEEP;4260557422786;0
at_MarketplaceBooster_Vegavero (Marketplace Seller)_VEGAVERO Oregano ?l BIO;658280076;3.6.2026;cpc;0,51;;15;1;6,666667;0;0,51;0;0;upmYCXAL7;4260557421932;0,51
it_CrossSellReRank_Vegavero (Marketplace Seller)_VEGAVERO Origano BIO;649094039;3.6.2026;cpc;0,31;;16;0;0;0;0;0;0;upmYCXAL7;4260557421932;0
it_MarketplaceBooster_Vegavero (Marketplace Seller)_VEGAVERO Moringa BIO;658388273;3.6.2026;cpc;0,71;;14;0;0;0;0;0;0;14250893;4260309481115;0
it_CrossSellReRank_Vegavero (Marketplace Seller)_VEGAVERO Tribulus Terrestris;658296416;3.6.2026;cpc;0,31;;23;0;0;0;0;0;0;14251088;4260309481313;0
it_MarketplaceBooster_Vegavero (Marketplace Seller)_VEGAVERO Cumino Nero BIO;658352477;3.6.2026;cpc;0,51;;14;0;0;0;0;0;0;upmEUZ9F7;4260557421376;0
com_MarketplaceBooster_Vegavero (Marketplace Seller)_VEGAVERO Sun Care Complex;620501459;3.6.2026;cpc;0,51;;14;0;0;0;0;0;0;upm7C9XR2;4260557420836;0
at_CrossSellReRank_Vegavero (Marketplace Seller)_VEGAVERO Female Harmony Complex;658279992;3.6.2026;cpc;0,31;;14;0;0;0;0;0;0;upmUFEEWW;4260557420300;0
it_MarketplaceBooster_Vegavero (Marketplace Seller)_VEGAVERO Ashwagandha BIO;620566536;3.6.2026;cpc;0,51;;13;1;7,692308;0;0,51;0;0;upmUPLLZH;4260557420676;0,51
at_CrossSellReRank_Vegavero (Marketplace Seller)_VEGAVERO Teufelskralle Plus;658280050;3.6.2026;cpc;0,31;;15;0;0;0;0;0;0;upmD3U322;4260557421192;0
it_MarketplaceBooster_Vegavero (Marketplace Seller)_VEGAVERO Igname Selvatico +  Zinco;658353187;3.6.2026;cpc;0,51;;13;0;0;0;0;0;0;14251183;4260309481672;0
com_CrossSellReRank_Vegavero (Marketplace Seller)_VEGAVERO Sun Care Complex;643089603;3.6.2026;cpc;0,31;;17;0;0;0;0;0;0;upm7C9XR2;4260557420836;0
it_CrossSellReRank_Vegavero (Marketplace Seller)_VEGAVERO Astaxantina;649092862;3.6.2026;cpc;0,41;;20;1;7,692308;0;0,41;0;0;upmYPTY2W;4260557421925;0,41
at_MarketplaceBooster_Vegavero (Marketplace Seller)_VEGAVERO Beta Carotin;620605193;3.6.2026;cpc;1,01;;13;0;0;0;0;0;0;14250551;4260309484208;0
com_MarketplaceBooster_Vegavero (Marketplace Seller)_VEGAVERO Cholin Trio;618496729;3.6.2026;cpc;1,01;;13;0;0;0;0;0;0;upm97PFY9;4260557421826;0
it_MarketplaceBooster_Vegavero (Marketplace Seller)_VEGAVERO Vitamina B12 Spray;658334266;3.6.2026;cpc;0,51;;13;0;0;0;0;0;0;14251102;4260557420027;0
com_MarketplaceBooster_Vegavero (Marketplace Seller)_VEGAVERO Magnesium Bisglycinat;617842637;3.6.2026;cpc;2,11;;13;2;15,384615;0;4,22;0;0;upmX4LT4H;4260557423257;2,11
com_MarketplaceBooster_Vegavero (Marketplace Seller)_VEGAVERO D-Mannose Pulver;619660673;3.6.2026;cpc;1,51;;13;0;0;0;0;0;0;14250686;4260309481603;0
it_CrossSellReRank_Vegavero (Marketplace Seller)_VEGAVERO Moringa BIO;658388299;3.6.2026;cpc;0,31;;19;0;0;0;0;0;0;14250893;4260309481115;0
it_CrossSellReRank_Vegavero (Marketplace Seller)_VEGAVERO Iperico + Passiflora BIO;649077470;3.6.2026;cpc;0,31;;16;1;8,333333;0;0,31;0;0;upmYMX3D7;4260557421147;0,31
com_MarketplaceBooster_Vegavero (Marketplace Seller)_VEGAVERO Vegan Essentials Complex;627592060;3.6.2026;cpc;0,51;;12;0;0;0;0;0;0;upmHHT433;4260557421390;0
it_CrossSellReRank_Vegavero (Marketplace Seller)_VEGAVERO Serenity Complex;649145562;3.6.2026;cpc;0,31;;21;0;0;0;0;0;0;upmZFGPHR;4260557422830;0
com_MarketplaceBooster_Vegavero (Marketplace Seller)_VEGAVERO Olivenblatt (40% Oleuropein);619682203;3.6.2026;cpc;0,51;;12;0;0;0;0;0;0;upmZ43LYR;4260557420898;0
at_MarketplaceBooster_Vegavero (Marketplace Seller)_VEGAVERO Venaflux Complex;658280105;3.6.2026;cpc;1,61;;12;1;8,333333;0;1,61;0;0;upmKY422A;4260557422212;1,61
com_CrossSellReRank_Vegavero (Marketplace Seller)_VEGAVERO K?rbiskern?l BIO;643093438;3.6.2026;cpc;0,31;;15;0;0;0;0;0;0;upmY7MX4C;4260557422014;0
it_MarketplaceBooster_Vegavero (Marketplace Seller)_VEGAVERO Liver Active Complex;658445099;3.6.2026;cpc;1,01;;11;0;0;0;0;0;0;14250812;4260557420188;0
at_CrossSellReRank_Vegavero (Marketplace Seller)_VEGAVERO Venaflux Complex;658280106;3.6.2026;cpc;1,41;;15;0;0;0;0;0;0;upmKY422A;4260557422212;0
at_MarketplaceBooster_Vegavero (Marketplace Seller)_VEGAVERO Papaya BIO;658295837;3.6.2026;cpc;0,51;;11;0;0;0;0;0;0;upm9HWLUD;4260557421055;0
it_CrossSellReRank_Vegavero (Marketplace Seller)_VEGAVERO Cannella Ceylon BIO;649115454;3.6.2026;cpc;0,31;;17;0;0;0;0;0;0;upmW9KKTG;4260557422618;0
it_CrossSellReRank_Vegavero (Marketplace Seller)_VEGAVERO Rhodiola Rosea;658445094;3.6.2026;cpc;0,31;;19;0;0;0;0;0;0;14251036;4260557420102;0
com_MarketplaceBooster_Vegavero (Marketplace Seller)_VEGAVERO K?rbiskern?l BIO;619721382;3.6.2026;cpc;0,51;;11;0;0;0;0;0;0;upmY7MX4C;4260557422014;0
com_CrossSellReRank_Vegavero (Marketplace Seller)_VEGAVERO Female Balance Complex;643085982;3.6.2026;cpc;0,71;;16;1;9,090909;0;0,71;0;0;upmUX2FW3;4260557420638;0,71
com_MarketplaceBooster_Vegavero (Marketplace Seller)_VEGAVERO Myo-Inositol Complex;658295457;3.6.2026;cpc;1,71;;11;1;9,090909;0;1,71;0;0;upm7PGM77;4260557421765;1,71
at_CrossSellReRank_Vegavero (Marketplace Seller)_VEGAVERO Oregano ?l BIO;658280077;3.6.2026;cpc;0,31;;16;0;0;0;0;0;0;upmYCXAL7;4260557421932;0
com_CrossSellReRank_Vegavero (Marketplace Seller)_VEGAVERO Party Hero;653854384;3.6.2026;cpc;0,31;;14;0;0;0;0;0;0;upmFACEA7;4260557423356;0
it_MarketplaceBooster_Vegavero (Marketplace Seller)_VEGAVERO Bergamotto;641624106;3.6.2026;cpc;0,51;;11;0;0;0;0;0;0;upmRKUZYE;4260557422557;0
it_MarketplaceBooster_Vegavero (Marketplace Seller)_VEGAVERO Cardo Mariano Plus;641649766;3.6.2026;cpc;0,51;;11;0;0;0;0;0;0;upmR9H2HU;4260557422892;0
it_CrossSellReRank_Vegavero (Marketplace Seller)_VEGAVERO D Mannosio in Polvere;658352462;3.6.2026;cpc;0,31;;10;0;0;0;0;0;0;14250686;4260309481603;0
it_CrossSellReRank_Vegavero (Marketplace Seller)_VEGAVERO Riso Rosso Plus;649150541;3.6.2026;cpc;0,31;;19;0;0;0;0;0;0;upmDFWTTT;4260557423110;0
com_CrossSellReRank_Vegavero (Marketplace Seller)_VEGAVERO Rapunzel;658295814;3.6.2026;cpc;0,31;;14;0;0;0;0;0;0;upmDUFHFK;4260557423134;0
com_MarketplaceBooster_Vegavero (Marketplace Seller)_VEGAVERO Vitamin B12 Spray Junior;619721771;3.6.2026;cpc;0,51;;10;1;10;0;0,51;0;0;upm3RXHUC;4260557422229;0,51
at_MarketplaceBooster_Vegavero (Marketplace Seller)_VEGAVERO Eisen Bisglycinat;620612855;3.6.2026;cpc;0,51;;10;0;0;0;0;0;0;14250692;4260309483065;0
it_CrossSellReRank_Vegavero (Marketplace Seller)_VEGAVERO Magnesio + Potassio;649076465;3.6.2026;cpc;0,31;;11;0;0;0;0;0;0;upm32MART;4260557420287;0
it_MarketplaceBooster_Vegavero (Marketplace Seller)_VEGAVERO Artiglio del Diavolo Plus;620572756;3.6.2026;cpc;0,51;;10;0;0;0;0;0;0;upmD3U322;4260557421192;0
it_MarketplaceBooster_Vegavero (Marketplace Seller)_VEGAVERO L-Citrullina Plus;649115830;3.6.2026;cpc;0,51;;10;0;0;0;0;0;0;upmTF7MFK;4260557422625;0
at_MarketplaceBooster_Vegavero (Marketplace Seller)_VEGAVERO Sun Care Complex;658280011;3.6.2026;cpc;0,51;;10;1;10;0;0,51;0;0;upm7C9XR2;4260557420836;0,51
at_MarketplaceBooster_Vegavero (Marketplace Seller)_VEGAVERO Rhodiola rosea Extrakt;620605153;3.6.2026;cpc;0,51;;11;0;0;0;0;0;0;14251036;4260557420102;0
at_MarketplaceBooster_Vegavero (Marketplace Seller)_VEGAVERO K?rbiskern?l BIO;620605158;3.6.2026;cpc;0,51;;10;0;0;0;0;0;0;upmY7MX4C;4260557422014;0
it_CrossSellReRank_Vegavero (Marketplace Seller)_VEGAVERO Astaxantina BIO;649155147;3.6.2026;cpc;0,61;;21;0;0;0;0;0;0;upm7GZX42;4260557423165;0
at_MarketplaceBooster_Vegavero (Marketplace Seller)_VEGAVERO Olivenblatt (40% Oleuropein);625773302;3.6.2026;cpc;0,51;;10;0;0;0;0;0;0;upmZ43LYR;4260557420898;0
com_CrossSellReRank_Vegavero (Marketplace Seller)_VEGAVERO Eisen Bisglycinat;643077960;3.6.2026;cpc;0,31;;15;0;0;0;0;0;0;14250692;4260309483065;0
com_MarketplaceBooster_Vegavero (Marketplace Seller)_VEGAVERO Natural Jod BIO;619661620;3.6.2026;cpc;0,51;;10;2;20;0;1,02;0;0;14250769;4260557420256;0,51
it_CrossSellReRank_Vegavero (Marketplace Seller)_VEGAVERO Betacarotene;653866107;3.6.2026;cpc;0,31;;18;1;10;0;0,31;0;0;14250551;4260309484208;0,31
com_CrossSellReRank_Vegavero (Marketplace Seller)_VEGAVERO Venaflux Complex;643093981;3.6.2026;cpc;1,41;;21;0;0;0;0;0;0;upmKY422A;4260557422212;0
com_MarketplaceBooster_Vegavero (Marketplace Seller)_VEGAVERO Keto Power;658283042;3.6.2026;cpc;0,51;;10;0;0;0;0;0;0;upmP77L3M;4260557423288;0
it_MarketplaceBooster_Vegavero (Marketplace Seller)_VEGAVERO Caffeina;641650370;3.6.2026;cpc;0,51;;10;0;0;0;0;0;0;upm4XZRWY;4260557423127;0
it_MarketplaceBooster_Vegavero (Marketplace Seller)_VEGAVERO ZMA;641623418;3.6.2026;cpc;0,51;;10;0;0;0;0;0;0;upmRXLDAR;4260557422465;0
com_CrossSellReRank_Vegavero (Marketplace Seller)_VEGAVERO Teufelskralle Plus;643090107;3.6.2026;cpc;0,31;;14;0;0;0;0;0;0;upmD3U322;4260557421192;0
at_CrossSellReRank_Vegavero (Marketplace Seller)_VEGAVERO Prostaid Complex;658727263;3.6.2026;cpc;1,31;;11;0;0;0;0;0;0;upmCEE43U;4260557420515;0
at_MarketplaceBooster_Vegavero (Marketplace Seller)_VEGAVERO Vegan Essentials Complex;620605288;3.6.2026;cpc;0,51;;10;0;0;0;0;0;0;upmHHT433;4260557421390;0
it_CrossSellReRank_Vegavero (Marketplace Seller)_VEGAVERO Reishi;658296413;3.6.2026;cpc;0,31;;15;0;0;0;0;0;0;14251013;4260309481665;0
com_CrossSellReRank_Vegavero (Marketplace Seller)_VEGAVERO Oregano ?l BIO;643093284;3.6.2026;cpc;0,51;;11;0;0;0;0;0;0;upmYCXAL7;4260557421932;0
com_MarketplaceBooster_Vegavero (Marketplace Seller)_VEGAVERO Rhodiola rosea Extrakt;619660946;3.6.2026;cpc;1,01;;9;0;0;0;0;0;0;14251036;4260557420102;0
it_CrossSellReRank_Vegavero (Marketplace Seller)_VEGAVERO Boswellia;649114866;3.6.2026;cpc;0,31;;11;0;0;0;0;0;0;upmEH2K74;4260557422588;0
it_CrossSellReRank_Vegavero (Marketplace Seller)_VEGAVERO Glucosamin Complex;649076940;3.6.2026;cpc;0,31;;11;0;0;0;0;0;0;upmTYL3Y7;4260557420737;0
com_MarketplaceBooster_Vegavero (Marketplace Seller)_VEGAVERO Female Harmony Complex;629496627;3.6.2026;cpc;0,51;;9;0;0;0;0;0;0;upmUFEEWW;4260557420300;0
it_MarketplaceBooster_Vegavero (Marketplace Seller)_VEGAVERO Ginkgo Biloba;620565877;3.6.2026;cpc;0,51;;9;0;0;0;0;0;0;upmDYUXLH;4260557420119;0
it_CrossSellReRank_Vegavero (Marketplace Seller)_VEGAVERO Acido Ialuronico;649164301;3.6.2026;cpc;0,31;;9;0;0;0;0;0;0;upmPMLEP9;4260557423103;0
it_MarketplaceBooster_Vegavero (Marketplace Seller)_VEGAVERO Resveratrolo Plus;620567258;3.6.2026;cpc;0,51;;9;0;0;0;0;0;0;upmGDDD7G;4260557420805;0
it_CrossSellReRank_Vegavero (Marketplace Seller)_VEGAVERO Vitamina C Naturale BIO;649076562;3.6.2026;cpc;1,31;;15;0;0;0;0;0;0;upmFY9KW9;4260557420331;0
at_MarketplaceBooster_Vegavero (Marketplace Seller)_VEGAVERO L-Tryptophan;625767437;3.6.2026;cpc;0,51;;9;1;11,111111;0;0,51;0;0;14250841;4260309481108;0,51
com_MarketplaceBooster_Vegavero (Marketplace Seller)_VEGAVERO Leinsamen?l BIO;629497213;3.6.2026;cpc;0,51;;9;0;0;0;0;0;0;upmKU4FAU;4260557422038;0
at_CrossSellReRank_Vegavero (Marketplace Seller)_VEGAVERO Omega-3 ?l;658280058;3.6.2026;cpc;1,31;;18;0;0;0;0;0;0;upm9KDWAZ;4260557421383;0
it_MarketplaceBooster_Vegavero (Marketplace Seller)_VEGAVERO Probiotici e Prebiotici BIO;658296369;3.6.2026;cpc;0,51;;9;0;0;0;0;0;0;14250976;4260557420034;0
it_MarketplaceBooster_Vegavero (Marketplace Seller)_VEGAVERO Elettroliti Complex;641629249;3.6.2026;cpc;0,51;;9;0;0;0;0;0;0;upmD23XCL;4260557422823;0
com_MarketplaceBooster_Vegavero (Marketplace Seller)_VEGAVERO Shilajit Mumijo;619715133;3.6.2026;cpc;0,51;;9;0;0;0;0;0;0;upmR33A3P;4260557421406;0
it_CrossSellReRank_Vegavero (Marketplace Seller)_VEGAVERO Liver Active Complex;658445100;3.6.2026;cpc;0,31;;11;0;0;0;0;0;0;14250812;4260557420188;0
it_CrossSellReRank_Vegavero (Marketplace Seller)_VEGAVERO Sun Care Complex;649077192;3.6.2026;cpc;0,31;;13;0;0;0;0;0;0;upm7C9XR2;4260557420836;0
com_MarketplaceBooster_Vegavero (Marketplace Seller)_VEGAVERO Venaflux Complex;629497502;3.6.2026;cpc;1,61;;8;0;0;0;0;0;0;upmKY422A;4260557422212;0
com_CrossSellReRank_Vegavero (Marketplace Seller)_VEGAVERO Beta Carotin;643079421;3.6.2026;cpc;0,31;;9;0;0;0;0;0;0;14250551;4260309484208;0
com_CrossSellReRank_Vegavero (Marketplace Seller)_VEGAVERO Kudzu Plus;643090845;3.6.2026;cpc;0,31;;10;0;0;0;0;0;0;upmRLD9ZM;4260557421314;0
com_MarketplaceBooster_Vegavero (Marketplace Seller)_VEGAVERO Schwarzk?mmel?l BIO;658295946;3.6.2026;cpc;0,91;;8;0;0;0;0;0;0;upmEUZ9F7;4260557421376;0
com_MarketplaceBooster_Vegavero (Marketplace Seller)_VEGAVERO Papaya BIO;620527447;3.6.2026;cpc;0,51;;8;0;0;0;0;0;0;upm9HWLUD;4260557421055;0
com_MarketplaceBooster_Vegavero (Marketplace Seller)_VEGAVERO BIO Astaxanthin ?l;618496738;3.6.2026;cpc;1,41;;8;1;12,5;0;1,41;0;0;upm7GZX42;4260557423165;1,41
com_CrossSellReRank_Vegavero (Marketplace Seller)_VEGAVERO Vitamin B12 Spray Junior;643093986;3.6.2026;cpc;0,31;;11;0;0;0;0;0;0;upm3RXHUC;4260557422229;0
it_MarketplaceBooster_Vegavero (Marketplace Seller)_VEGAVERO Vitamina C Naturale BIO;620566115;3.6.2026;cpc;1,51;;8;1;12,5;0;1,51;0;0;upmFY9KW9;4260557420331;1,51
com_MarketplaceBooster_Vegavero (Marketplace Seller)_VEGAVERO Astaxanthin ?l;619716956;3.6.2026;cpc;0,51;;8;0;0;0;0;0;0;upmYPTY2W;4260557421925;0
it_CrossSellReRank_Vegavero (Marketplace Seller)_VEGAVERO EAA - Aminoacidi Essenziali;649077110;3.6.2026;cpc;1,11;;14;0;0;0;0;0;0;upmGMXXY9;4260557420744;0
com_MarketplaceBooster_Vegavero (Marketplace Seller)_VEGAVERO Multivitamin Spray Junior;649171519;3.6.2026;cpc;0,51;;8;0;0;0;0;0;0;upm9ZTF3H;4260557421178;0
at_MarketplaceBooster_Vegavero (Marketplace Seller)_VEGAVERO Vitamin D3+K2 Tropfen;626442372;3.6.2026;cpc;1,51;;8;0;0;0;0;0;0;upmKAXT9Y;4260557422915;0
it_MarketplaceBooster_Vegavero (Marketplace Seller)_VEGAVERO Chrom Plus;641642728;3.6.2026;cpc;0,51;;8;0;0;0;0;0;0;upmL7ZDD2;4260557422946;0
it_MarketplaceBooster_Vegavero (Marketplace Seller)_VEGAVERO Glucomammano BIO;641643679;3.6.2026;cpc;0,51;1;8;1;12,5;100;0,51;22,9;4490,196078;upmLXEUT7;4260557423240;0,51
at_CrossSellReRank_Vegavero (Marketplace Seller)_VEGAVERO L-Tryptophan;658279974;3.6.2026;cpc;0,31;;10;0;0;0;0;0;0;14250841;4260309481108;0
com_MarketplaceBooster_Vegavero (Marketplace Seller)_VEGAVERO Magnesium + Kalium;617842638;3.6.2026;cpc;1,01;;8;1;12,5;0;1,01;0;0;upm32MART;4260557420287;1,01
com_MarketplaceBooster_Vegavero (Marketplace Seller)_VEGAVERO Colon Care Complex;627014864;3.6.2026;cpc;0,51;;8;0;0;0;0;0;0;14250605;4260557420201;0
com_CrossSellReRank_Vegavero (Marketplace Seller)_VEGAVERO Roter Reis Plus;643136807;3.6.2026;cpc;0,31;;8;0;0;0;0;0;0;upmDFWTTT;4260557423110;0
com_MarketplaceBooster_Vegavero (Marketplace Seller)_VEGAVERO Omega-3 ?l;620545279;3.6.2026;cpc;1,71;;7;0;0;0;0;0;0;upm9KDWAZ;4260557421383;0
it_MarketplaceBooster_Vegavero (Marketplace Seller)_VEGAVERO Femme Biotics;658445082;3.6.2026;cpc;1,01;;7;0;0;0;0;0;0;upm4AEDEP;4260557423455;0
at_MarketplaceBooster_Vegavero (Marketplace Seller)_VEGAVERO BIO Astaxanthin ?l;620605149;3.6.2026;cpc;1,01;;7;0;0;0;0;0;0;upm7GZX42;4260557423165;0
it_MarketplaceBooster_Vegavero (Marketplace Seller)_VEGAVERO Tribulus Terrestris;658296415;3.6.2026;cpc;0,51;;7;1;14,285714;0;0,51;0;0;14251088;4260309481313;0,51
com_MarketplaceBooster_Vegavero (Marketplace Seller)_VEGAVERO Liver Active Complex;619661159;3.6.2026;cpc;0,51;;7;0;0;0;0;0;0;14250812;4260557420188;0
it_MarketplaceBooster_Vegavero (Marketplace Seller)_VEGAVERO Maca Nera + Tribulus + Zinco;649107264;3.6.2026;cpc;0,51;;7;1;14,285714;0;0,51;0;0;upmEK72LX;4260557422434;0,51
it_MarketplaceBooster_Vegavero (Marketplace Seller)_VEGAVERO Rhodiola Rosea;658445090;3.6.2026;cpc;1,01;;7;0;0;0;0;0;0;14251036;4260557420102;0
at_CrossSellReRank_Vegavero (Marketplace Seller)_VEGAVERO K?rbiskern?l BIO;658280089;3.6.2026;cpc;0,31;;7;0;0;0;0;0;0;upmY7MX4C;4260557422014;0
at_MarketplaceBooster_Vegavero (Marketplace Seller)_VEGAVERO Boswellia Extrakt;626438065;3.6.2026;cpc;0,51;;7;0;0;0;0;0;0;upmEH2K74;4260557422588;0
at_CrossSellReRank_Vegavero (Marketplace Seller)_VEGAVERO Liver Active Complex;658279984;3.6.2026;cpc;0,31;;8;0;0;0;0;0;0;14250812;4260557420188;0
it_CrossSellReRank_Vegavero (Marketplace Seller)_VEGAVERO Spirulina BIO +  Clorella BIO;658331804;3.6.2026;cpc;0,31;;11;0;0;0;0;0;0;14250597;4260309484185;0
it_MarketplaceBooster_Vegavero (Marketplace Seller)_VEGAVERO Magnesio + Potassio;620566099;3.6.2026;cpc;0,51;;7;3;42,857143;0;1,53;0;0;upm32MART;4260557420287;0,51
at_MarketplaceBooster_Vegavero (Marketplace Seller)_VEGAVERO Wild Yams + Zink;625763764;3.6.2026;cpc;0,51;;7;1;14,285714;0;0,51;0;0;14251183;4260309481672;0,51
com_MarketplaceBooster_Vegavero (Marketplace Seller)_VEGAVERO Nachtkerzen und Borretsch?l BIO;619715142;3.6.2026;cpc;0,51;;7;1;14,285714;0;0,51;0;0;upm7KTFPH;4260557421420;0,51
it_MarketplaceBooster_Vegavero (Marketplace Seller)_VEGAVERO Aglio Plus;641627386;3.6.2026;cpc;0,51;;7;0;0;0;0;0;0;upm2WRLPU;4260557422632;0
com_MarketplaceBooster_Vegavero (Marketplace Seller)_VEGAVERO Creatin Monohydrat Pulver;658295750;3.6.2026;cpc;1,01;;7;0;0;0;0;0;0;upmFRZEFX;4260557423226;0
it_CrossSellReRank_Vegavero (Marketplace Seller)_VEGAVERO Glicina in Polvere;658334363;3.6.2026;cpc;0,31;;10;0;0;0;0;0;0;upmR9H4DE;4260557422595;0
at_MarketplaceBooster_Vegavero (Marketplace Seller)_VEGAVERO MSM Pulver;620609038;3.6.2026;cpc;1,31;;7;0;0;0;0;0;0;upmWCKTTE;4260309481214;0
it_CrossSellReRank_Vegavero (Marketplace Seller)_VEGAVERO Myo-Inositol Complex;658353200;3.6.2026;cpc;0,61;;11;0;0;0;0;0;0;upm7PGM77;4260557421765;0
it_CrossSellReRank_Vegavero (Marketplace Seller)_VEGAVERO Ferro;658331759;3.6.2026;cpc;0,31;;10;0;0;0;0;0;0;14250692;4260309483065;0
it_MarketplaceBooster_Vegavero (Marketplace Seller)_VEGAVERO Echinacea Plus;620565882;3.6.2026;cpc;1,01;;7;0;0;0;0;0;0;upmPHKX9F;4260557423141;0
it_CrossSellReRank_Vegavero (Marketplace Seller)_VEGAVERO Maca Nera + Tribulus + Zinco;649108075;3.6.2026;cpc;0,31;;9;2;28,571429;0;0,62;0;0;upmEK72LX;4260557422434;0,31
at_CrossSellReRank_Vegavero (Marketplace Seller)_VEGAVERO Schwarzk?mmel?l BIO;658280057;3.6.2026;cpc;0,61;;9;0;0;0;0;0;0;upmEUZ9F7;4260557421376;0
com_MarketplaceBooster_Vegavero (Marketplace Seller)_VEGAVERO Glycin Pulver;658347478;3.6.2026;cpc;1,51;;7;0;0;0;0;0;0;upmTGWG29;4260557423479;0
at_MarketplaceBooster_Vegavero (Marketplace Seller)_VEGAVERO Multivitamin Spray Junior;625777201;3.6.2026;cpc;0,51;;7;0;0;0;0;0;0;upm9ZTF3H;4260557421178;0
at_MarketplaceBooster_Vegavero (Marketplace Seller)_VEGAVERO Colon Care Complex;625767929;3.6.2026;cpc;0,51;;7;0;0;0;0;0;0;14250605;4260557420201;0
at_MarketplaceBooster_Vegavero (Marketplace Seller)_VEGAVERO Magnesium Bisglycinat;620592111;3.6.2026;cpc;1,71;;7;1;14,285714;0;1,71;0;0;upmX4LT4H;4260557423257;1,71
com_CrossSellReRank_Vegavero (Marketplace Seller)_VEGAVERO Nachtkerzen ?l;658291480;3.6.2026;cpc;0,61;;16;1;14,285714;0;0,61;0;0;upm7DM474;4260557423448;0,61
com_MarketplaceBooster_Vegavero (Marketplace Seller)_VEGAVERO Rosskastanie Plus BIO;619708788;3.6.2026;cpc;1,31;;6;0;0;0;0;0;0;upmUR4ZK4;4260557421239;0
com_MarketplaceBooster_Vegavero (Marketplace Seller)_VEGAVERO L-Citrullin Plus;620530089;3.6.2026;cpc;0,51;;6;0;0;0;0;0;0;upmTF7MFK;4260557422625;0
it_MarketplaceBooster_Vegavero (Marketplace Seller)_VEGAVERO OPC Trio;641650064;3.6.2026;cpc;0,51;;6;0;0;0;0;0;0;upmWFGGMG;4260557423097;0
com_MarketplaceBooster_Vegavero (Marketplace Seller)_VEGAVERO MSM Pulver;620565741;3.6.2026;cpc;1,21;;6;0;0;0;0;0;0;upmWCKTTE;4260309481214;0
at_MarketplaceBooster_Vegavero (Marketplace Seller)_VEGAVERO Pro Bio Kulturenkomplex;620609408;3.6.2026;cpc;0,51;;6;0;0;0;0;0;0;14250976;4260557420034;0
at_MarketplaceBooster_Vegavero (Marketplace Seller)_VEGAVERO Ginkgo biloba Extrakt;625767682;3.6.2026;cpc;0,51;;9;0;0;0;0;0;0;upmDYUXLH;4260557420119;0
com_CrossSellReRank_Vegavero (Marketplace Seller)_VEGAVERO Beifu? Extrakt;643093976;3.6.2026;cpc;0,31;;9;0;0;0;0;0;0;upmWMGCRY;4260557422090;0
com_MarketplaceBooster_Vegavero (Marketplace Seller)_VEGAVERO Folat;620502829;3.6.2026;cpc;0,51;;6;1;16,666667;0;0,51;0;0;upmZR3PP7;4260557422496;0,51
at_MarketplaceBooster_Vegavero (Marketplace Seller)_VEGAVERO Chlorella BIO + Spirulina BIO;620611807;3.6.2026;cpc;0,51;;7;0;0;0;0;0;0;14250597;4260309484185;0
at_MarketplaceBooster_Vegavero (Marketplace Seller)_VEGAVERO Magnesium + Kalium;620594279;3.6.2026;cpc;0,51;;6;0;0;0;0;0;0;upm32MART;4260557420287;0
at_MarketplaceBooster_Vegavero (Marketplace Seller)_VEGAVERO Astaxanthin ?l;620605150;3.6.2026;cpc;0,51;;6;0;0;0;0;0;0;upmYPTY2W;4260557421925;0
com_CrossSellReRank_Vegavero (Marketplace Seller)_VEGAVERO MSM Pulver;643233340;3.6.2026;cpc;0,31;;7;0;0;0;0;0;0;upmWCKTTE;4260309481214;0
com_MarketplaceBooster_Vegavero (Marketplace Seller)_VEGAVERO EAA Pulver Pfirsich;658445060;3.6.2026;cpc;2,01;;6;0;0;0;0;0;0;upmP94YR7;4260557423530;0
it_MarketplaceBooster_Vegavero (Marketplace Seller)_VEGAVERO NAC;641624234;3.6.2026;cpc;0,51;;6;0;0;0;0;0;0;upmMWPTCY;4260557422564;0
com_CrossSellReRank_Vegavero (Marketplace Seller)_VEGAVERO Saccharomyces boulardii;643093285;3.6.2026;cpc;0,31;;11;0;0;0;0;0;0;upmWDER3T;4260557421949;0
com_MarketplaceBooster_Vegavero (Marketplace Seller)_VEGAVERO D-Mannose Complex;619660802;3.6.2026;cpc;1,51;;6;0;0;0;0;0;0;14250640;4260309482747;0
at_CrossSellReRank_Vegavero (Marketplace Seller)_VEGAVERO Eisen Bisglycinat;643050566;3.6.2026;cpc;0,31;;9;0;0;0;0;0;0;14250692;4260309483065;0
at_MarketplaceBooster_Vegavero (Marketplace Seller)_VEGAVERO Salbei BIO;658280029;3.6.2026;cpc;0,51;;6;0;0;0;0;0;0;upmMMLDZE;4260557420966;0
com_CrossSellReRank_Vegavero (Marketplace Seller)_VEGAVERO Johanniskraut mit Passionsblume BIO;643089842;3.6.2026;cpc;0,31;;6;0;0;0;0;0;0;upmYMX3D7;4260557421147;0
it_CrossSellReRank_Vegavero (Marketplace Seller)_VEGAVERO MSM;658352467;3.6.2026;cpc;0,61;;7;0;0;0;0;0;0;upmTLUPGT;4260309483881;0
it_MarketplaceBooster_Vegavero (Marketplace Seller)_VEGAVERO Youth Biotics;658445086;3.6.2026;cpc;1,01;;6;0;0;0;0;0;0;upmW7Y7DL;4260557423462;0
at_MarketplaceBooster_Vegavero (Marketplace Seller)_VEGAVERO D-Mannose Pulver;620609056;3.6.2026;cpc;0,51;;6;0;0;0;0;0;0;14250686;4260309481603;0
at_CrossSellReRank_Vegavero (Marketplace Seller)_VEGAVERO Rosskastanie Plus BIO;658295841;3.6.2026;cpc;0,51;;7;0;0;0;0;0;0;upmUR4ZK4;4260557421239;0
it_MarketplaceBooster_Vegavero (Marketplace Seller)_VEGAVERO Cannella Ceylon BIO;641627330;3.6.2026;cpc;0,51;;6;0;0;0;0;0;0;upmW9KKTG;4260557422618;0
at_MarketplaceBooster_Vegavero (Marketplace Seller)_VEGAVERO Johanniskraut mit Passionsblume BIO;658280044;3.6.2026;cpc;0,51;;6;0;0;0;0;0;0;upmYMX3D7;4260557421147;0
at_MarketplaceBooster_Vegavero (Marketplace Seller)_VEGAVERO Glycin Pulver;658280142;3.6.2026;cpc;0,51;;6;0;0;0;0;0;0;upmR9H4DE;4260557422595;0
at_CrossSellReRank_Vegavero (Marketplace Seller)_VEGAVERO Reflu-X Complex;658280035;3.6.2026;cpc;0,71;;8;0;0;0;0;0;0;upm4ZWYPF;4260557420980;0
at_MarketplaceBooster_Vegavero (Marketplace Seller)_VEGAVERO Myo-Inositol Complex;625786532;3.6.2026;cpc;1,01;;6;1;16,666667;0;1,01;0;0;upm7PGM77;4260557421765;1,01
at_CrossSellReRank_Vegavero (Marketplace Seller)_VEGAVERO Chlorella BIO + Spirulina BIO;643057141;3.6.2026;cpc;0,31;;6;0;0;0;0;0;0;14250597;4260309484185;0
at_CrossSellReRank_Vegavero (Marketplace Seller)_VEGAVERO Rhodiola rosea Extrakt;658279979;3.6.2026;cpc;0,31;;7;0;0;0;0;0;0;14251036;4260557420102;0
com_MarketplaceBooster_Vegavero (Marketplace Seller)_VEGAVERO Astragalus BIO;625748178;3.6.2026;cpc;1,01;;5;0;0;0;0;0;0;upmCGKMCH;4260557421222;0
com_CrossSellReRank_Vegavero (Marketplace Seller)_VEGAVERO Hagebutte BIO;643089764;3.6.2026;cpc;0,31;;8;0;0;0;0;0;0;upmWRWWCG;4260557421048;0
com_CrossSellReRank_Vegavero (Marketplace Seller)_VEGAVERO MSM Pulver;643233362;3.6.2026;cpc;0,61;;5;0;0;0;0;0;0;upmWCKTTE;4260309481214;0
it_MarketplaceBooster_Vegavero (Marketplace Seller)_VEGAVERO Mirtillo Nero + Corteccia di Pino BIO\,;649102088;3.6.2026;cpc;0,51;;5;0;0;0;0;0;0;upm2LFWC7;4260557422076;0
it_CrossSellReRank_Vegavero (Marketplace Seller)_VEGAVERO Lecitina BIO;649100827;3.6.2026;cpc;0,31;;11;0;0;0;0;0;0;upm2HFKPC;4260557422021;0
it_MarketplaceBooster_Vegavero (Marketplace Seller)_VEGAVERO Maca Nera Plus;641623120;3.6.2026;cpc;1,01;;5;1;20;0;1,01;0;0;upmG4PKUG;4260557423042;1,01
at_MarketplaceBooster_Vegavero (Marketplace Seller)_VEGAVERO Vision Care Complex;658347599;3.6.2026;cpc;0,51;;5;0;0;0;0;0;0;upmWRPTR4;4260557420867;0
it_CrossSellReRank_Vegavero (Marketplace Seller)_VEGAVERO Vitamina B12 Spray Junior;649103717;3.6.2026;cpc;0,31;;10;0;0;0;0;0;0;upm3RXHUC;4260557422229;0
at_CrossSellReRank_Vegavero (Marketplace Seller)_VEGAVERO Leinsamen?l BIO;658280093;3.6.2026;cpc;0,31;;6;0;0;0;0;0;0;upmKU4FAU;4260557422038;0
at_CrossSellReRank_Vegavero (Marketplace Seller)_VEGAVERO MSM Pulver;658279946;3.6.2026;cpc;0,91;;6;0;0;0;0;0;0;upmWCKTTE;4260309481214;0
it_CrossSellReRank_Vegavero (Marketplace Seller)_VEGAVERO Cardo Mariano;658352468;3.6.2026;cpc;0,31;;12;0;0;0;0;0;0;upmGMGWYP;4260309481979;0
it_CrossSellReRank_Vegavero (Marketplace Seller)_VEGAVERO Colina;649091299;3.6.2026;cpc;0,31;;5;0;0;0;0;0;0;upm97PFY9;4260557421826;0
at_MarketplaceBooster_Vegavero (Marketplace Seller)_VEGAVERO Lecithin BIO;620605162;3.6.2026;cpc;0,81;;5;0;0;0;0;0;0;upm2HFKPC;4260557422021;0
com_MarketplaceBooster_Vegavero (Marketplace Seller)_VEGAVERO Beta Carotin;620501440;3.6.2026;cpc;1,01;;5;0;0;0;0;0;0;14250551;4260309484208;0
at_CrossSellReRank_Vegavero (Marketplace Seller)_VEGAVERO Beifu? Extrakt;658280102;3.6.2026;cpc;0,41;;5;0;0;0;0;0;0;upmWMGCRY;4260557422090;0
it_CrossSellReRank_Vegavero (Marketplace Seller)_VEGAVERO Glicina in Polvere;658296353;3.6.2026;cpc;0,31;;12;0;0;0;0;0;0;upmTGWG29;4260557423479;0
com_MarketplaceBooster_Vegavero (Marketplace Seller)_VEGAVERO BIO Mushroom Mix;620545551;3.6.2026;cpc;0,51;;5;0;0;0;0;0;0;upmALDCEH;4260557423028;0
it_CrossSellReRank_Vegavero (Marketplace Seller)_VEGAVERO Aglio Plus;649116897;3.6.2026;cpc;0,31;;8;0;0;0;0;0;0;upm2WRLPU;4260557422632;0
at_MarketplaceBooster_Vegavero (Marketplace Seller)_VEGAVERO Knoblauch Plus;626438714;3.6.2026;cpc;0,51;;5;0;0;0;0;0;0;upm2WRLPU;4260557422632;0
com_MarketplaceBooster_Vegavero (Marketplace Seller)_VEGAVERO Vitamin D3 + K2 Depot;658295755;3.6.2026;cpc;0,51;;5;0;0;0;0;0;0;upmC2RH39;4260557423271;0
at_MarketplaceBooster_Vegavero (Marketplace Seller)_VEGAVERO Teufelskralle Plus;620605271;3.6.2026;cpc;0,51;;5;0;0;0;0;0;0;upmD3U322;4260557421192;0
at_CrossSellReRank_Vegavero (Marketplace Seller)_VEGAVERO Koffein;658282821;3.6.2026;cpc;0,31;;6;0;0;0;0;0;0;upm4XZRWY;4260557423127;0
at_MarketplaceBooster_Vegavero (Marketplace Seller)_VEGAVERO Vitamin B12 Spray Cherry;620611413;3.6.2026;cpc;0,51;;5;0;0;0;0;0;0;14251102;4260557420027;0
it_CrossSellReRank_Vegavero (Marketplace Seller)_VEGAVERO L-Triptofano;658352473;3.6.2026;cpc;0,31;;6;1;20;0;0,31;0;0;14250841;4260309481108;0,31
at_CrossSellReRank_Vegavero (Marketplace Seller)_VEGAVERO Cholin Bitartrat;658283014;3.6.2026;cpc;0,31;;9;0;0;0;0;0;0;upmU9FP9M;4260557423325;0
com_MarketplaceBooster_Vegavero (Marketplace Seller)_VEGAVERO Apple Cider Vinegar;620564988;3.6.2026;cpc;0,51;;5;0;0;0;0;0;0;upmUTDZP9;4260557423158;0
it_CrossSellReRank_Vegavero (Marketplace Seller)_VEGAVERO Elettroliti Complex;649122256;3.6.2026;cpc;0,31;;7;0;0;0;0;0;0;upmD23XCL;4260557422823;0
it_MarketplaceBooster_Vegavero (Marketplace Seller)_VEGAVERO Astaxantina BIO;620574573;3.6.2026;cpc;0,71;;4;0;0;0;0;0;0;upm7GZX42;4260557423165;0
com_MarketplaceBooster_Vegavero (Marketplace Seller)_VEGAVERO Bromelain 2400 GDU/g;619684531;3.6.2026;cpc;0,51;;4;0;0;0;0;0;0;upm43HM34;4260557421130;0
it_MarketplaceBooster_Vegavero (Marketplace Seller)_VEGAVERO Iperico + Passiflora BIO;649077428;3.6.2026;cpc;0,51;;4;0;0;0;0;0;0;upmYMX3D7;4260557421147;0
it_MarketplaceBooster_Vegavero (Marketplace Seller)_VEGAVERO Biancospino BIO;620566747;3.6.2026;cpc;0,51;;4;0;0;0;0;0;0;upmXW7KXD;4260557420720;0
it_CrossSellReRank_Vegavero (Marketplace Seller)_VEGAVERO Caffeina;649151028;3.6.2026;cpc;0,31;;9;0;0;0;0;0;0;upm4XZRWY;4260557423127;0
com_MarketplaceBooster_Vegavero (Marketplace Seller)_VEGAVERO Echinacea Plus;620564961;3.6.2026;cpc;0,51;;4;0;0;0;0;0;0;upmPHKX9F;4260557423141;0
com_MarketplaceBooster_Vegavero (Marketplace Seller)_VEGAVERO Salbei BIO;619682278;3.6.2026;cpc;0,51;;4;0;0;0;0;0;0;upmMMLDZE;4260557420966;0
at_MarketplaceBooster_Vegavero (Marketplace Seller)_VEGAVERO NAC;626438024;3.6.2026;cpc;0,51;;4;0;0;0;0;0;0;upmMWPTCY;4260557422564;0
it_CrossSellReRank_Vegavero (Marketplace Seller)_VEGAVERO Artiglio del Diavolo Plus;649082840;3.6.2026;cpc;0,31;;5;0;0;0;0;0;0;upmD3U322;4260557421192;0
at_CrossSellReRank_Vegavero (Marketplace Seller)_VEGAVERO Astaxanthin ?l;658280070;3.6.2026;cpc;0,31;;4;0;0;0;0;0;0;upmYPTY2W;4260557421925;0
at_MarketplaceBooster_Vegavero (Marketplace Seller)_VEGAVERO Artischocke BIO;625777974;3.6.2026;cpc;0,51;;4;0;0;0;0;0;0;upmUTCWKM;4260557421215;0
com_MarketplaceBooster_Vegavero (Marketplace Seller)_VEGAVERO Johanniskraut mit Passionsblume BIO;619687826;3.6.2026;cpc;0,51;;4;0;0;0;0;0;0;upmYMX3D7;4260557421147;0
it_MarketplaceBooster_Vegavero (Marketplace Seller)_VEGAVERO Ippocastano BIO Plus;620572890;3.6.2026;cpc;0,51;;4;0;0;0;0;0;0;upmUR4ZK4;4260557421239;0
it_MarketplaceBooster_Vegavero (Marketplace Seller)_VEGAVERO BCAA in Polvere;658381388;3.6.2026;cpc;1,01;;4;0;0;0;0;0;0;upmWWWMYX;4260557423523;0
at_MarketplaceBooster_Vegavero (Marketplace Seller)_VEGAVERO D-Mannose Complex;620609091;3.6.2026;cpc;0,51;;4;0;0;0;0;0;0;14250640;4260309482747;0
com_MarketplaceBooster_Vegavero (Marketplace Seller)_VEGAVERO Multi Magnesium Complex;617842636;3.6.2026;cpc;1,01;;4;0;0;0;0;0;0;upmUZUHTT;4260557421888;0
at_MarketplaceBooster_Vegavero (Marketplace Seller)_VEGAVERO Prostaid Complex;658727261;3.6.2026;cpc;1,31;;4;0;0;0;0;0;0;upmCEE43U;4260557420515;0
com_CrossSellReRank_Vegavero (Marketplace Seller)_VEGAVERO ZMA (Zink + Magnesium + Vitamin B6);643094148;3.6.2026;cpc;0,51;;8;0;0;0;0;0;0;upmRXLDAR;4260557422465;0
com_MarketplaceBooster_Vegavero (Marketplace Seller)_VEGAVERO Pro Bio Kulturenkomplex;618496725;3.6.2026;cpc;0,51;;4;0;0;0;0;0;0;14250976;4260557420034;0
com_MarketplaceBooster_Vegavero (Marketplace Seller)_VEGAVERO Prostaid Complex;658727268;3.6.2026;cpc;1,51;;4;0;0;0;0;0;0;upmCEE43U;4260557420515;0
it_MarketplaceBooster_Vegavero (Marketplace Seller)_VEGAVERO Astaxantina;620574476;3.6.2026;cpc;1,11;;4;0;0;0;0;0;0;upmYPTY2W;4260557421925;0
it_CrossSellReRank_Vegavero (Marketplace Seller)_VEGAVERO Nattokinase;649160527;3.6.2026;cpc;0,31;;5;1;25;0;0,31;0;0;upm2ZL4CL;4260557423264;0,31
it_MarketplaceBooster_Vegavero (Marketplace Seller)_VEGAVERO Mushroom Mix Complex;641622719;3.6.2026;cpc;0,51;;4;0;0;0;0;0;0;upm4XDXPR;4260557422045;0
it_CrossSellReRank_Vegavero (Marketplace Seller)_VEGAVERO Cumino Nero BIO;658352478;3.6.2026;cpc;0,31;;8;0;0;0;0;0;0;upmEUZ9F7;4260557421376;0
it_CrossSellReRank_Vegavero (Marketplace Seller)_VEGAVERO Biancospino BIO;649076903;3.6.2026;cpc;0,31;;8;0;0;0;0;0;0;upmXW7KXD;4260557420720;0
com_MarketplaceBooster_Vegavero (Marketplace Seller)_VEGAVERO Brennnessel BIO;619682703;3.6.2026;cpc;0,51;;4;0;0;0;0;0;0;upm9RX43T;4260557421031;0
at_MarketplaceBooster_Vegavero (Marketplace Seller)_VEGAVERO Reishi BIO;625763782;3.6.2026;cpc;0,51;;4;0;0;0;0;0;0;upmZRC9TD;4260557420706;0
com_MarketplaceBooster_Vegavero (Marketplace Seller)_VEGAVERO Lecithin BIO;652876638;3.6.2026;cpc;1,41;1;4;0;0;0;0;25,9;0;upm2HFKPC;4260557422021;0
com_CrossSellReRank_Vegavero (Marketplace Seller)_VEGAVERO Ginkgo biloba Extrakt;643083227;3.6.2026;cpc;0,31;;6;0;0;0;0;0;0;upmDYUXLH;4260557420119;0
at_CrossSellReRank_Vegavero (Marketplace Seller)_VEGAVERO Quercetin Komplex;658445035;3.6.2026;cpc;0,61;;4;0;0;0;0;0;0;upmF2AFXC;4260557423509;0
com_CrossSellReRank_Vegavero (Marketplace Seller)_VEGAVERO Magnesium Bisglycinat;643231145;3.6.2026;cpc;1,41;;11;0;0;0;0;0;0;upmX4LT4H;4260557423257;0
com_MarketplaceBooster_Vegavero (Marketplace Seller)_VEGAVERO Vitamin B3 (Nicotinamid);619677908;3.6.2026;cpc;1,51;;4;0;0;0;0;0;0;upmUEXHE2;4260557420850;0
com_MarketplaceBooster_Vegavero (Marketplace Seller)_VEGAVERO Zimt-Ceylon Extrakt;619660976;3.6.2026;cpc;0,51;;4;0;0;0;0;0;0;14251208;4260557420164;0
at_MarketplaceBooster_Vegavero (Marketplace Seller)_VEGAVERO Vitamin C liposomal;626439698;3.6.2026;cpc;0,51;1;4;1;25;100;0,51;21,9;4294,117647;upm77WEEP;4260557422786;0,51
com_MarketplaceBooster_Vegavero (Marketplace Seller)_VEGAVERO Triphala BIO;619677150;3.6.2026;cpc;0,51;;4;0;0;0;0;0;0;upmGL239Y;4260557420812;0
it_CrossSellReRank_Vegavero (Marketplace Seller)_VEGAVERO Glucomammano BIO;649158747;3.6.2026;cpc;0,31;;6;0;0;0;0;0;0;upmLXEUT7;4260557423240;0
com_MarketplaceBooster_Vegavero (Marketplace Seller)_VEGAVERO Ginkgo biloba Extrakt;619660953;3.6.2026;cpc;0,51;;4;0;0;0;0;0;0;upmDYUXLH;4260557420119;0
at_MarketplaceBooster_Vegavero (Marketplace Seller)_VEGAVERO Beifu? Extrakt;658280100;3.6.2026;cpc;0,61;;4;0;0;0;0;0;0;upmWMGCRY;4260557422090;0
it_CrossSellReRank_Vegavero (Marketplace Seller)_VEGAVERO Creatina in Polvere;658331599;3.6.2026;cpc;0,31;;5;0;0;0;0;0;0;upmFRZEFX;4260557423226;0
com_MarketplaceBooster_Vegavero (Marketplace Seller)_VEGAVERO OPC Trio;620554337;3.6.2026;cpc;0,51;;4;0;0;0;0;0;0;upmWFGGMG;4260557423097;0
at_MarketplaceBooster_Vegavero (Marketplace Seller)_VEGAVERO Serenity;658280178;3.6.2026;cpc;0,51;;4;0;0;0;0;0;0;upmZFGPHR;4260557422830;0
at_MarketplaceBooster_Vegavero (Marketplace Seller)_VEGAVERO MSM Pulver DOSE;658279977;3.6.2026;cpc;1,01;;4;0;0;0;0;0;0;upmTLUPGT;4260309483881;0
it_MarketplaceBooster_Vegavero (Marketplace Seller)_VEGAVERO L-Triptofano;658352472;3.6.2026;cpc;0,51;;4;0;0;0;0;0;0;14250841;4260309481108;0
it_CrossSellReRank_Vegavero (Marketplace Seller)_VEGAVERO Echinacea Plus;649151902;3.6.2026;cpc;0,31;;5;0;0;0;0;0;0;upmPHKX9F;4260557423141;0
at_CrossSellReRank_Vegavero (Marketplace Seller)_VEGAVERO Vision Care Complex;658347600;3.6.2026;cpc;0,31;;6;0;0;0;0;0;0;upmWRPTR4;4260557420867;0
at_MarketplaceBooster_Vegavero (Marketplace Seller)_VEGAVERO Natural Jod BIO;625769489;3.6.2026;cpc;0,51;;4;0;0;0;0;0;0;14250769;4260557420256;0
it_CrossSellReRank_Vegavero (Marketplace Seller)_VEGAVERO Igname Selvatico +  Zinco;658353188;3.6.2026;cpc;0,31;;6;0;0;0;0;0;0;14251183;4260309481672;0
at_CrossSellReRank_Vegavero (Marketplace Seller)_VEGAVERO Sun Care Complex;658280012;3.6.2026;cpc;0,31;;6;0;0;0;0;0;0;upm7C9XR2;4260557420836;0
com_MarketplaceBooster_Vegavero (Marketplace Seller)_VEGAVERO Vitamin C liposomal;619662437;3.6.2026;cpc;0,51;;4;0;0;0;0;0;0;upm77WEEP;4260557422786;0
it_CrossSellReRank_Vegavero (Marketplace Seller)_VEGAVERO Enzima della Papaya;658445112;3.6.2026;cpc;0,31;;10;0;0;0;0;0;0;14250930;4260309482648;0
com_MarketplaceBooster_Vegavero (Marketplace Seller)_VEGAVERO MSM Pulver DOSE;619660893;3.6.2026;cpc;1,01;;3;0;0;0;0;0;0;upmTLUPGT;4260309483881;0
com_MarketplaceBooster_Vegavero (Marketplace Seller)_VEGAVERO Light Legs Complex;658347560;3.6.2026;cpc;1,01;;3;0;0;0;0;0;0;upmD7EWMP;4260557420454;0
at_MarketplaceBooster_Vegavero (Marketplace Seller)_VEGAVERO Vitamin B Plus;620605316;3.6.2026;cpc;0,51;;3;0;0;0;0;0;0;14251094;4260309482754;0
com_CrossSellReRank_Vegavero (Marketplace Seller)_VEGAVERO Taurin Pulver;658347286;3.6.2026;cpc;0,31;;3;0;0;0;0;0;0;upmHULHZD;4260557423370;0
at_CrossSellReRank_Vegavero (Marketplace Seller)_VEGAVERO L-Glutamin Pulver;658282832;3.6.2026;cpc;0,31;;5;0;0;0;0;0;0;upmUPTFMH;4260557423233;0
it_CrossSellReRank_Vegavero (Marketplace Seller)_VEGAVERO Curcuma BIO;649142586;3.6.2026;cpc;0,31;;4;0;0;0;0;0;0;upm27X4XW;4260557422878;0
at_MarketplaceBooster_Vegavero (Marketplace Seller)_VEGAVERO Resveratrol + Nicotinamid;625771680;3.6.2026;cpc;0,51;;3;0;0;0;0;0;0;upmGDDD7G;4260557420805;0
com_CrossSellReRank_Vegavero (Marketplace Seller)_VEGAVERO Griffonia;658283048;3.6.2026;cpc;1,41;;4;0;0;0;0;0;0;upmG7RZLC;4260557423318;0
at_CrossSellReRank_Vegavero (Marketplace Seller)_VEGAVERO Glycin Pulver;658280144;3.6.2026;cpc;0,31;;3;0;0;0;0;0;0;upmR9H4DE;4260557422595;0
com_CrossSellReRank_Vegavero (Marketplace Seller)_VEGAVERO Psyllium BIO;658295762;3.6.2026;cpc;0,31;;3;0;0;0;0;0;0;upmERYMM3;4260557423295;0
at_CrossSellReRank_Vegavero (Marketplace Seller)_VEGAVERO Nattokinase;658282838;3.6.2026;cpc;0,31;;4;0;0;0;0;0;0;upm2ZL4CL;4260557423264;0
at_MarketplaceBooster_Vegavero (Marketplace Seller)_VEGAVERO Youth Biotics;658445045;3.6.2026;cpc;1,01;;3;0;0;0;0;0;0;upmW7Y7DL;4260557423462;0
at_CrossSellReRank_Vegavero (Marketplace Seller)_VEGAVERO Knoblauch Plus;658280151;3.6.2026;cpc;0,31;;3;0;0;0;0;0;0;upm2WRLPU;4260557422632;0
it_CrossSellReRank_Vegavero (Marketplace Seller)_VEGAVERO ZMA;649109453;3.6.2026;cpc;0,31;;3;0;0;0;0;0;0;upmRXLDAR;4260557422465;0
it_CrossSellReRank_Vegavero (Marketplace Seller)_VEGAVERO Salvia BIO;649077205;3.6.2026;cpc;0,31;;7;0;0;0;0;0;0;upmMMLDZE;4260557420966;0
at_CrossSellReRank_Vegavero (Marketplace Seller)_VEGAVERO Strong Bones;658283006;3.6.2026;cpc;0,31;;3;0;0;0;0;0;0;upmAP9MLM;4260557423301;0
com_CrossSellReRank_Vegavero (Marketplace Seller)_VEGAVERO Vitamin K2;658347334;3.6.2026;cpc;0,31;;3;0;0;0;0;0;0;upmFYFHAU;4260557423424;0
at_CrossSellReRank_Vegavero (Marketplace Seller)_VEGAVERO Olivenblatt (40% Oleuropein);658280028;3.6.2026;cpc;0,31;;4;0;0;0;0;0;0;upmZ43LYR;4260557420898;0
at_CrossSellReRank_Vegavero (Marketplace Seller)_VEGAVERO Roter Reis Plus;658282817;3.6.2026;cpc;0,31;;3;0;0;0;0;0;0;upmDFWTTT;4260557423110;0
it_CrossSellReRank_Vegavero (Marketplace Seller)_VEGAVERO Olio di semi di Lino BIO;649102015;3.6.2026;cpc;0,31;;3;0;0;0;0;0;0;upmKU4FAU;4260557422038;0
it_MarketplaceBooster_Vegavero (Marketplace Seller)_VEGAVERO Enzima della Papaya;658445110;3.6.2026;cpc;1,01;;3;0;0;0;0;0;0;14250930;4260309482648;0
com_CrossSellReRank_Vegavero (Marketplace Seller)_VEGAVERO Echinacea Plus;643137759;3.6.2026;cpc;0,31;;4;0;0;0;0;0;0;upmPHKX9F;4260557423141;0
at_MarketplaceBooster_Vegavero (Marketplace Seller)_VEGAVERO Griffonia Plus;658280152;3.6.2026;cpc;0,51;;3;0;0;0;0;0;0;upmHCULGA;4260557422755;0
it_CrossSellReRank_Vegavero (Marketplace Seller)_VEGAVERO Enotera e Borragine  BIO;649091296;3.6.2026;cpc;0,31;;4;0;0;0;0;0;0;upm7KTFPH;4260557421420;0
com_MarketplaceBooster_Vegavero (Marketplace Seller)_VEGAVERO NAC;620528729;3.6.2026;cpc;0,51;;3;0;0;0;0;0;0;upmMWPTCY;4260557422564;0
it_CrossSellReRank_Vegavero (Marketplace Seller)_VEGAVERO Cardo Mariano Plus;649143954;3.6.2026;cpc;0,31;;5;0;0;0;0;0;0;upmR9H2HU;4260557422892;0
com_CrossSellReRank_Vegavero (Marketplace Seller)_VEGAVERO Salbei BIO;643089690;3.6.2026;cpc;0,31;;4;0;0;0;0;0;0;upmMMLDZE;4260557420966;0
com_CrossSellReRank_Vegavero (Marketplace Seller)_VEGAVERO L-Tryptophan;643237471;3.6.2026;cpc;0,31;;5;0;0;0;0;0;0;14250841;4260309481108;0
com_MarketplaceBooster_Vegavero (Marketplace Seller)_VEGAVERO Beta-Alanin Pulver;658295769;3.6.2026;cpc;0,51;;3;0;0;0;0;0;0;upmFKHFRA;4260557423431;0
it_CrossSellReRank_Vegavero (Marketplace Seller)_VEGAVERO Resveratrolo Plus;649077189;3.6.2026;cpc;0,31;;7;0;0;0;0;0;0;upmGDDD7G;4260557420805;0
com_CrossSellReRank_Vegavero (Marketplace Seller)_VEGAVERO Myo-Inositol Complex;658295458;3.6.2026;cpc;1,11;;6;1;33,333333;0;1,11;0;0;upm7PGM77;4260557421765;1,11
it_CrossSellReRank_Vegavero (Marketplace Seller)_VEGAVERO Bacopa BIO;649096403;3.6.2026;cpc;0,31;;3;0;0;0;0;0;0;upmHFPDDK;4260557421956;0
at_CrossSellReRank_Vegavero (Marketplace Seller)_VEGAVERO Shilajit Mumijo;658280062;3.6.2026;cpc;0,31;;3;0;0;0;0;0;0;upmR33A3P;4260557421406;0
it_CrossSellReRank_Vegavero (Marketplace Seller)_VEGAVERO Sugar Balance Complex;649105321;3.6.2026;cpc;0,31;;3;0;0;0;0;0;0;upmAD4HK4;4260557422403;0
com_MarketplaceBooster_Vegavero (Marketplace Seller)_VEGAVERO Glycin Pulver;620530024;3.6.2026;cpc;1,01;;3;0;0;0;0;0;0;upmR9H4DE;4260557422595;0
com_MarketplaceBooster_Vegavero (Marketplace Seller)_VEGAVERO Shiitake Extrakt;619721567;3.6.2026;cpc;0,51;;3;0;0;0;0;0;0;upmZ7P4AX;4260557421970;0
it_CrossSellReRank_Vegavero (Marketplace Seller)_VEGAVERO Kudzu Plus;649085977;3.6.2026;cpc;0,31;;3;0;0;0;0;0;0;upmRLD9ZM;4260557421314;0
com_CrossSellReRank_Vegavero (Marketplace Seller)_VEGAVERO Light Legs Complex;658347562;3.6.2026;cpc;0,31;;3;0;0;0;0;0;0;upmD7EWMP;4260557420454;0
it_CrossSellReRank_Vegavero (Marketplace Seller)_VEGAVERO Ginseng Rosso Coreano;649076431;3.6.2026;cpc;0,31;;6;0;0;0;0;0;0;upm2CZXC9;4260557420140;0
at_MarketplaceBooster_Vegavero (Marketplace Seller)_VEGAVERO Hagebutte BIO;658280037;3.6.2026;cpc;0,51;;3;0;0;0;0;0;0;upmWRWWCG;4260557421048;0
com_MarketplaceBooster_Vegavero (Marketplace Seller)_VEGAVERO Youth Biotics;658469892;3.6.2026;cpc;1,01;;3;0;0;0;0;0;0;upmW7Y7DL;4260557423462;0
it_CrossSellReRank_Vegavero (Marketplace Seller)_VEGAVERO Cordyceps Sinensis BIO;649146937;3.6.2026;cpc;0,31;;7;0;0;0;0;0;0;upmTG77MW;4260557422991;0
at_CrossSellReRank_Vegavero (Marketplace Seller)_VEGAVERO Myo-Inositol Complex;658280066;3.6.2026;cpc;1,21;;4;0;0;0;0;0;0;upm7PGM77;4260557421765;0
at_MarketplaceBooster_Vegavero (Marketplace Seller)_VEGAVERO Multi Magnesium Complex;620592800;3.6.2026;cpc;0,51;;3;1;33,333333;0;0,51;0;0;upmUZUHTT;4260557421888;0,51
at_CrossSellReRank_Vegavero (Marketplace Seller)_VEGAVERO Zimt Extrakt BIO;658280146;3.6.2026;cpc;0,31;;6;0;0;0;0;0;0;upmW9KKTG;4260557422618;0
at_CrossSellReRank_Vegavero (Marketplace Seller)_VEGAVERO Johanniskraut mit Passionsblume BIO;658280045;3.6.2026;cpc;0,31;;4;0;0;0;0;0;0;upmYMX3D7;4260557421147;0
com_CrossSellReRank_Vegavero (Marketplace Seller)_VEGAVERO Knoblauch Plus;643126592;3.6.2026;cpc;0,31;;4;0;0;0;0;0;0;upm2WRLPU;4260557422632;0
it_MarketplaceBooster_Vegavero (Marketplace Seller)_VEGAVERO Glucosamin Complex;620567054;3.6.2026;cpc;0,51;;3;2;66,666667;0;1,02;0;0;upmTYL3Y7;4260557420737;0,51
at_CrossSellReRank_Vegavero (Marketplace Seller)_VEGAVERO Ashwagandha BIO;658280005;3.6.2026;cpc;0,31;;4;0;0;0;0;0;0;upmUPLLZH;4260557420676;0
com_CrossSellReRank_Vegavero (Marketplace Seller)_VEGAVERO Magnesium + Kalium;643084952;3.6.2026;cpc;0,31;;4;0;0;0;0;0;0;upm32MART;4260557420287;0
com_CrossSellReRank_Vegavero (Marketplace Seller)_VEGAVERO Vitamin C BIO aus Acerola;643085309;3.6.2026;cpc;0,31;;3;0;0;0;0;0;0;upmFY9KW9;4260557420331;0
at_MarketplaceBooster_Vegavero (Marketplace Seller)_VEGAVERO Rosskastanie Plus BIO;658295840;3.6.2026;cpc;1,21;;2;0;0;0;0;0;0;upmUR4ZK4;4260557421239;0
it_CrossSellReRank_Vegavero (Marketplace Seller)_VEGAVERO Shiitake;649097667;3.6.2026;cpc;0,31;;4;0;0;0;0;0;0;upmZ7P4AX;4260557421970;0
com_MarketplaceBooster_Vegavero (Marketplace Seller)_VEGAVERO Quercetin Komplex;658469903;3.6.2026;cpc;1,01;;2;0;0;0;0;0;0;upmF2AFXC;4260557423509;0
at_MarketplaceBooster_Vegavero (Marketplace Seller)_VEGAVERO Moringa BIO;620604770;3.6.2026;cpc;1,41;;3;0;0;0;0;0;0;14250893;4260309481115;0
com_CrossSellReRank_Vegavero (Marketplace Seller)_VEGAVERO Schwarzk?mmel?l BIO;658295948;3.6.2026;cpc;0,71;;4;0;0;0;0;0;0;upmEUZ9F7;4260557421376;0
it_MarketplaceBooster_Vegavero (Marketplace Seller)_VEGAVERO Ginseng Rosso Coreano;620566091;3.6.2026;cpc;0,51;;2;0;0;0;0;0;0;upm2CZXC9;4260557420140;0
com_CrossSellReRank_Vegavero (Marketplace Seller)_VEGAVERO Papaya BIO;643089807;3.6.2026;cpc;0,31;;4;0;0;0;0;0;0;upm9HWLUD;4260557421055;0
at_MarketplaceBooster_Vegavero (Marketplace Seller)_VEGAVERO Mariendistel Plus;658280173;3.6.2026;cpc;0,51;;2;0;0;0;0;0;0;upmR9H2HU;4260557422892;0
it_MarketplaceBooster_Vegavero (Marketplace Seller)_VEGAVERO Boswellia;641624237;3.6.2026;cpc;0,51;;2;0;0;0;0;0;0;upmEH2K74;4260557422588;0
com_CrossSellReRank_Vegavero (Marketplace Seller)_VEGAVERO Female Harmony Complex;643239568;3.6.2026;cpc;0,31;;5;0;0;0;0;0;0;upmUFEEWW;4260557420300;0
com_MarketplaceBooster_Vegavero (Marketplace Seller)_VEGAVERO Papaya Enzym;620527421;3.6.2026;cpc;0,51;;2;0;0;0;0;0;0;14250930;4260309482648;0
it_CrossSellReRank_Vegavero (Marketplace Seller)_VEGAVERO Artemisia Vulgaris;649102429;3.6.2026;cpc;0,31;;2;0;0;0;0;0;0;upmWMGCRY;4260557422090;0
at_MarketplaceBooster_Vegavero (Marketplace Seller)_VEGAVERO L-Citrullin Plus;626438649;3.6.2026;cpc;0,51;;2;0;0;0;0;0;0;upmTF7MFK;4260557422625;0
com_CrossSellReRank_Vegavero (Marketplace Seller)_VEGAVERO Vegan Essentials Complex;643092356;3.6.2026;cpc;0,31;;2;0;0;0;0;0;0;upmHHT433;4260557421390;0
com_MarketplaceBooster_Vegavero (Marketplace Seller)_VEGAVERO Vision Care Complex;619678178;3.6.2026;cpc;0,51;;2;0;0;0;0;0;0;upmWRPTR4;4260557420867;0
at_MarketplaceBooster_Vegavero (Marketplace Seller)_VEGAVERO Shilajit Mumijo;625779482;3.6.2026;cpc;0,51;;2;0;0;0;0;0;0;upmR33A3P;4260557421406;0
com_MarketplaceBooster_Vegavero (Marketplace Seller)_VEGAVERO Mushroom Mix Complex;620546918;3.6.2026;cpc;0,51;;2;0;0;0;0;0;0;upm4XDXPR;4260557422045;0
it_CrossSellReRank_Vegavero (Marketplace Seller)_VEGAVERO Olio di semi di Zucca BIO;649099614;3.6.2026;cpc;0,31;;4;0;0;0;0;0;0;upmY7MX4C;4260557422014;0
it_CrossSellReRank_Vegavero (Marketplace Seller)_VEGAVERO Ginkgo + Ginseng;649102509;3.6.2026;cpc;0,31;;4;0;0;0;0;0;0;upmF3XUHA;4260557422106;0
com_MarketplaceBooster_Vegavero (Marketplace Seller)_VEGAVERO Knoblauch Plus;620530228;3.6.2026;cpc;0,51;;2;0;0;0;0;0;0;upm2WRLPU;4260557422632;0
it_CrossSellReRank_Vegavero (Marketplace Seller)_VEGAVERO Zenzero BIO;658353197;3.6.2026;cpc;0,31;;5;0;0;0;0;0;0;upmPX4TPU;4260557420386;0
it_MarketplaceBooster_Vegavero (Marketplace Seller)_VEGAVERO Triphala BIO;620567265;3.6.2026;cpc;0,51;;2;0;0;0;0;0;0;upmGL239Y;4260557420812;0
it_MarketplaceBooster_Vegavero (Marketplace Seller)_VEGAVERO EAA - Aminoacidi Essenziali;620567252;3.6.2026;cpc;1,11;;2;1;50;0;1,11;0;0;upmGMXXY9;4260557420744;1,11
it_CrossSellReRank_Vegavero (Marketplace Seller)_VEGAVERO Triphala BIO;649077190;3.6.2026;cpc;0,31;;5;0;0;0;0;0;0;upmGL239Y;4260557420812;0
it_CrossSellReRank_Vegavero (Marketplace Seller)_VEGAVERO Griffonia;658296092;3.6.2026;cpc;0,31;;6;0;0;0;0;0;0;upmG7RZLC;4260557423318;0
com_CrossSellReRank_Vegavero (Marketplace Seller)_VEGAVERO Maitake BIO;643089677;3.6.2026;cpc;0,31;;2;0;0;0;0;0;0;upmW4TZYD;4260557420874;0
com_CrossSellReRank_Vegavero (Marketplace Seller)_VEGAVERO Moringa BIO;642560128;3.6.2026;cpc;1,41;;4;0;0;0;0;0;0;14250893;4260309481115;0
at_MarketplaceBooster_Vegavero (Marketplace Seller)_VEGAVERO Kudzu Plus;658280055;3.6.2026;cpc;0,51;;2;0;0;0;0;0;0;upmRLD9ZM;4260557421314;0
com_MarketplaceBooster_Vegavero (Marketplace Seller)_VEGAVERO Maitake BIO;629496632;3.6.2026;cpc;0,51;;2;0;0;0;0;0;0;upmW4TZYD;4260557420874;0
com_CrossSellReRank_Vegavero (Marketplace Seller)_VEGAVERO Leinsamen?l BIO;643093628;3.6.2026;cpc;0,31;;4;0;0;0;0;0;0;upmKU4FAU;4260557422038;0
com_CrossSellReRank_Vegavero (Marketplace Seller)_VEGAVERO Zimt Extrakt BIO;643084936;3.6.2026;cpc;0,31;;2;0;0;0;0;0;0;upmW9KKTG;4260557422618;0
com_CrossSellReRank_Vegavero (Marketplace Seller)_VEGAVERO Folat;643094175;3.6.2026;cpc;0,31;;2;0;0;0;0;0;0;upmZR3PP7;4260557422496;0
com_MarketplaceBooster_Vegavero (Marketplace Seller)_VEGAVERO Bockshornklee BIO;620539867;3.6.2026;cpc;0,51;;2;0;0;0;0;0;0;upm7AL3PG;4260557422977;0
com_MarketplaceBooster_Vegavero (Marketplace Seller)_VEGAVERO Tribulus terrestris Extrakt;619660805;3.6.2026;cpc;0,51;;2;0;0;0;0;0;0;14251088;4260309481313;0
it_CrossSellReRank_Vegavero (Marketplace Seller)_VEGAVERO Lievito di Birra;658296221;3.6.2026;cpc;0,31;;4;0;0;0;0;0;0;upmKUKGHH;4260557423332;0
at_MarketplaceBooster_Vegavero (Marketplace Seller)_VEGAVERO Koffein;626443345;3.6.2026;cpc;0,51;;2;0;0;0;0;0;0;upm4XZRWY;4260557423127;0
com_MarketplaceBooster_Vegavero (Marketplace Seller)_VEGAVERO Hagebutte BIO;619682810;3.6.2026;cpc;0,51;;2;0;0;0;0;0;0;upmWRWWCG;4260557421048;0
at_MarketplaceBooster_Vegavero (Marketplace Seller)_VEGAVERO Triphala BIO;625772285;3.6.2026;cpc;0,51;;2;0;0;0;0;0;0;upmGL239Y;4260557420812;0
it_CrossSellReRank_Vegavero (Marketplace Seller)_VEGAVERO D Mannosio Complex;658381392;3.6.2026;cpc;0,3;;3;0;0;0;0;0;0;14250640;4260309482747;0
at_CrossSellReRank_Vegavero (Marketplace Seller)_VEGAVERO Hagebutte BIO;658280038;3.6.2026;cpc;0,31;;4;0;0;0;0;0;0;upmWRWWCG;4260557421048;0
at_MarketplaceBooster_Vegavero (Marketplace Seller)_VEGAVERO Leinsamen?l BIO;658280092;3.6.2026;cpc;0,51;;2;0;0;0;0;0;0;upmKU4FAU;4260557422038;0
com_MarketplaceBooster_Vegavero (Marketplace Seller)_VEGAVERO Ashwagandha BIO;619667906;3.6.2026;cpc;0,51;;2;0;0;0;0;0;0;upmUPLLZH;4260557420676;0
it_MarketplaceBooster_Vegavero (Marketplace Seller)_VEGAVERO Artemisia Vulgaris;649102355;3.6.2026;cpc;0,51;;2;0;0;0;0;0;0;upmWMGCRY;4260557422090;0
com_CrossSellReRank_Vegavero (Marketplace Seller)_VEGAVERO Sugar Balance Complex;652861490;3.6.2026;cpc;0,31;;6;0;0;0;0;0;0;upmAD4HK4;4260557422403;0
at_CrossSellReRank_Vegavero (Marketplace Seller)_VEGAVERO Salbei BIO;658280032;3.6.2026;cpc;0,31;;2;0;0;0;0;0;0;upmMMLDZE;4260557420966;0
it_MarketplaceBooster_Vegavero (Marketplace Seller)_VEGAVERO Cardo Mariano;620565790;3.6.2026;cpc;1,01;;2;0;0;0;0;0;0;upmGMGWYP;4260309481979;0
com_CrossSellReRank_Vegavero (Marketplace Seller)_VEGAVERO Liver Active Complex;643084947;3.6.2026;cpc;0,31;;3;0;0;0;0;0;0;14250812;4260557420188;0
it_CrossSellReRank_Vegavero (Marketplace Seller)_VEGAVERO Echinacea Purpurea;649076430;3.6.2026;cpc;0,31;;4;0;0;0;0;0;0;upmPZPD44;4260557420133;0
at_CrossSellReRank_Vegavero (Marketplace Seller)_VEGAVERO Glucosamin Plus;658295896;3.6.2026;cpc;0,31;;2;0;0;0;0;0;0;upmKWW3MD;4260557423349;0
com_CrossSellReRank_Vegavero (Marketplace Seller)_VEGAVERO Vitamin B12 Spray Cherry;643079936;3.6.2026;cpc;0,31;;5;0;0;0;0;0;0;14251102;4260557420027;0
com_MarketplaceBooster_Vegavero (Marketplace Seller)_VEGAVERO Black Maca + Tribulus;620502535;3.6.2026;cpc;1,51;;2;1;50;0;1,51;0;0;upmEK72LX;4260557422434;1,51
at_MarketplaceBooster_Vegavero (Marketplace Seller)_VEGAVERO Brennnessel BIO;625775256;3.6.2026;cpc;0,51;;2;0;0;0;0;0;0;upm9RX43T;4260557421031;0
at_CrossSellReRank_Vegavero (Marketplace Seller)_VEGAVERO Triphala BIO;658280010;3.6.2026;cpc;0,31;;2;0;0;0;0;0;0;upmGL239Y;4260557420812;0
at_MarketplaceBooster_Vegavero (Marketplace Seller)_VEGAVERO BIO Mushroom Mix;625774145;3.6.2026;cpc;0,51;;2;0;0;0;0;0;0;upmALDCEH;4260557423028;0
it_MarketplaceBooster_Vegavero (Marketplace Seller)_VEGAVERO Shilajit Mumijo;626452031;3.6.2026;cpc;0,51;;2;0;0;0;0;0;0;upmR33A3P;4260557421406;0
it_MarketplaceBooster_Vegavero (Marketplace Seller)_VEGAVERO Citrullina in Polvere;658381380;3.6.2026;cpc;1,01;;2;1;50;0;1,01;0;0;upm7K39U2;4260557423493;1,01
com_CrossSellReRank_Vegavero (Marketplace Seller)_VEGAVERO Ackerschachtelhalm BIO;643090788;3.6.2026;cpc;0,31;;4;0;0;0;0;0;0;upmDKAWH3;4260557421307;0
SOLD_OUT_it_MarketplaceBooster_Vegavero (Marketplace Seller)_VEGAVERO Collagene Vegano + Acido Ialuronico;658334348;3.6.2026;cpc;1,21;;2;0;0;0;0;0;0;upmK3CG99;4260557422656;0
at_MarketplaceBooster_Vegavero (Marketplace Seller)_VEGAVERO Ingwer BIO;625770334;3.6.2026;cpc;0,51;;2;0;0;0;0;0;0;upmPX4TPU;4260557420386;0
com_MarketplaceBooster_Vegavero (Marketplace Seller)_VEGAVERO Nattokinase;620565077;3.6.2026;cpc;0,51;;2;0;0;0;0;0;0;upm2ZL4CL;4260557423264;0
it_MarketplaceBooster_Vegavero (Marketplace Seller)_VEGAVERO Acido Ialuronico;626451010;3.6.2026;cpc;0,51;;2;0;0;0;0;0;0;upmPMLEP9;4260557423103;0
it_MarketplaceBooster_Vegavero (Marketplace Seller)_VEGAVERO Glicina in Polvere;658334361;3.6.2026;cpc;1,01;;2;0;0;0;0;0;0;upmR9H4DE;4260557422595;0
at_CrossSellReRank_Vegavero (Marketplace Seller)_VEGAVERO Glycin Pulver;658280145;3.6.2026;cpc;0,31;;2;0;0;0;0;0;0;upmTGWG29;4260557423479;0
com_CrossSellReRank_Vegavero (Marketplace Seller)_VEGAVERO Prostaid Complex;658727269;3.6.2026;cpc;1,31;;2;1;50;0;1,31;0;0;upmCEE43U;4260557420515;1,31
com_CrossSellReRank_Vegavero (Marketplace Seller)_VEGAVERO Multivitamin Spray Junior;643089899;3.6.2026;cpc;0,31;;2;0;0;0;0;0;0;upm9ZTF3H;4260557421178;0
at_CrossSellReRank_Vegavero (Marketplace Seller)_VEGAVERO Glucomannan BIO;658347640;3.6.2026;cpc;0,31;;3;0;0;0;0;0;0;upmLXEUT7;4260557423240;0
at_MarketplaceBooster_Vegavero (Marketplace Seller)_VEGAVERO Cholin Trio;658280067;3.6.2026;cpc;1,01;;2;1;50;0;1,01;0;0;upm97PFY9;4260557421826;1,01
com_MarketplaceBooster_Vegavero (Marketplace Seller)_VEGAVERO Party Hero;653854277;3.6.2026;cpc;0,51;;2;0;0;0;0;0;0;upmFACEA7;4260557423356;0
com_MarketplaceBooster_Vegavero (Marketplace Seller)_VEGAVERO Apple Cider Vinegar Gummies;620564989;3.6.2026;cpc;0,51;;2;0;0;0;0;0;0;upmF2EYPK;4260557423172;0
it_MarketplaceBooster_Vegavero (Marketplace Seller)_VEGAVERO Olivo;641644609;3.6.2026;cpc;0,51;;2;1;50;0;0,51;0;0;upmZ43LYR;4260557420898;0,51
com_MarketplaceBooster_Vegavero (Marketplace Seller)_VEGAVERO L-Citrullin Malat Pulver;658469900;3.6.2026;cpc;1,01;;2;0;0;0;0;0;0;upm7K39U2;4260557423493;0
it_MarketplaceBooster_Vegavero (Marketplace Seller)_VEGAVERO MSM;620565773;3.6.2026;cpc;1,01;;2;0;0;0;0;0;0;upmWCKTTE;4260309481214;0
at_MarketplaceBooster_Vegavero (Marketplace Seller)_VEGAVERO Mushroom Mix Complex;625773721;3.6.2026;cpc;0,51;;2;0;0;0;0;0;0;upm4XDXPR;4260557422045;0
at_MarketplaceBooster_Vegavero (Marketplace Seller)_VEGAVERO Ashwagandha BIO;625771655;3.6.2026;cpc;0,51;;2;0;0;0;0;0;0;upmUPLLZH;4260557420676;0
at_CrossSellReRank_Vegavero (Marketplace Seller)_VEGAVERO Zimt-Ceylon Extrakt;658279983;3.6.2026;cpc;0,31;;2;0;0;0;0;0;0;14251208;4260557420164;0
com_CrossSellReRank_Vegavero (Marketplace Seller)_VEGAVERO Shilajit Mumijo;643092358;3.6.2026;cpc;0,31;;2;0;0;0;0;0;0;upmR33A3P;4260557421406;0
com_CrossSellReRank_Vegavero (Marketplace Seller)_VEGAVERO OPC Trio;643136197;3.6.2026;cpc;0,31;;2;0;0;0;0;0;0;upmWFGGMG;4260557423097;0
at_CrossSellReRank_Vegavero (Marketplace Seller)_VEGAVERO NAC;658280139;3.6.2026;cpc;0,31;;2;0;0;0;0;0;0;upmMWPTCY;4260557422564;0
com_CrossSellReRank_Vegavero (Marketplace Seller)_VEGAVERO Vitamin B3 (Nicotinamid);643089676;3.6.2026;cpc;0,51;;4;0;0;0;0;0;0;upmUEXHE2;4260557420850;0
it_MarketplaceBooster_Vegavero (Marketplace Seller)_VEGAVERO Cysti-Aid Complex;641622752;3.6.2026;cpc;0,51;;2;2;100;0;1,02;0;0;upmTZFCGA;4260557422199;0,51
com_CrossSellReRank_Vegavero (Marketplace Seller)_VEGAVERO Bockshornklee BIO;643134873;3.6.2026;cpc;0,31;;3;0;0;0;0;0;0;upm7AL3PG;4260557422977;0
it_CrossSellReRank_Vegavero (Marketplace Seller)_VEGAVERO Ippocastano BIO Plus;649084572;3.6.2026;cpc;0,31;;6;0;0;0;0;0;0;upmUR4ZK4;4260557421239;0
at_MarketplaceBooster_Vegavero (Marketplace Seller)_VEGAVERO Chrom Plus;626442427;3.6.2026;cpc;0,51;;2;0;0;0;0;0;0;upmL7ZDD2;4260557422946;0
it_MarketplaceBooster_Vegavero (Marketplace Seller)_VEGAVERO Zenzero BIO;658353196;3.6.2026;cpc;0,51;;2;0;0;0;0;0;0;upmPX4TPU;4260557420386;0
it_CrossSellReRank_Vegavero (Marketplace Seller)_VEGAVERO Party Hero;658331705;3.6.2026;cpc;0,31;;4;0;0;0;0;0;0;upmFACEA7;4260557423356;0
at_CrossSellReRank_Vegavero (Marketplace Seller)_VEGAVERO OPC Trio;658282816;3.6.2026;cpc;0,31;;2;0;0;0;0;0;0;upmWFGGMG;4260557423097;0
com_CrossSellReRank_Vegavero (Marketplace Seller)_VEGAVERO Beta-Alanin Pulver;658295770;3.6.2026;cpc;0,31;;3;0;0;0;0;0;0;upmFKHFRA;4260557423431;0
com_MarketplaceBooster_Vegavero (Marketplace Seller)_VEGAVERO Vitamin B Plus;619721747;3.6.2026;cpc;0,51;;2;0;0;0;0;0;0;14251094;4260309482754;0
at_MarketplaceBooster_Vegavero (Marketplace Seller)_VEGAVERO Apple Cider Vinegar;626443800;3.6.2026;cpc;0,51;;2;0;0;0;0;0;0;upmUTDZP9;4260557423158;0
it_MarketplaceBooster_Vegavero (Marketplace Seller)_VEGAVERO Boswellia;649114805;3.6.2026;cpc;0,51;;2;0;0;0;0;0;0;upmEH2K74;4260557422588;0
at_MarketplaceBooster_Vegavero (Marketplace Seller)_VEGAVERO Vitamin D3 und K2 ?l;658280064;3.6.2026;cpc;1,31;;2;0;0;0;0;0;0;upm7FHKKZ;4260557421437;0
at_MarketplaceBooster_Vegavero (Marketplace Seller)_VEGAVERO Female Harmony Complex;658279991;3.6.2026;cpc;0,51;;2;2;100;0;1,02;0;0;upmUFEEWW;4260557420300;0,51
at_CrossSellReRank_Vegavero (Marketplace Seller)_VEGAVERO Vitamin C liposomal;658280156;3.6.2026;cpc;0,31;;2;0;0;0;0;0;0;upm77WEEP;4260557422786;0
at_MarketplaceBooster_Vegavero (Marketplace Seller)_VEGAVERO Astragalus BIO;625778112;3.6.2026;cpc;1,01;;2;0;0;0;0;0;0;upmCGKMCH;4260557421222;0
it_MarketplaceBooster_Vegavero (Marketplace Seller)_VEGAVERO MSM;641622735;3.6.2026;cpc;1,01;;2;0;0;0;0;0;0;upmTLUPGT;4260309483881;0
com_MarketplaceBooster_Vegavero (Marketplace Seller)_VEGAVERO Cordyceps sinensis BIO;620541534;3.6.2026;cpc;0,51;;2;0;0;0;0;0;0;upmTG77MW;4260557422991;0
it_MarketplaceBooster_Vegavero (Marketplace Seller)_VEGAVERO Nattokinase;649159872;3.6.2026;cpc;0,51;;2;0;0;0;0;0;0;upm2ZL4CL;4260557423264;0
com_CrossSellReRank_Vegavero (Marketplace Seller)_VEGAVERO NAC;643094179;3.6.2026;cpc;0,31;;5;0;0;0;0;0;0;upmMWPTCY;4260557422564;0
it_CrossSellReRank_Vegavero (Marketplace Seller)_VEGAVERO Drena Flux;649110222;3.6.2026;cpc;0,31;;3;0;0;0;0;0;0;upm2XGYDU;4260557422489;0
com_MarketplaceBooster_Vegavero (Marketplace Seller)_VEGAVERO L-Glutamin Pulver;620565039;3.6.2026;cpc;0,51;;2;0;0;0;0;0;0;upmUPTFMH;4260557423233;0
com_MarketplaceBooster_Vegavero (Marketplace Seller)_VEGAVERO Psyllium BIO;658295766;3.6.2026;cpc;0,51;;2;0;0;0;0;0;0;upmERYMM3;4260557423295;0
at_CrossSellReRank_Vegavero (Marketplace Seller)_VEGAVERO Magnesium + Kalium;658279990;3.6.2026;cpc;0,31;;2;0;0;0;0;0;0;upm32MART;4260557420287;0
at_CrossSellReRank_Vegavero (Marketplace Seller)_VEGAVERO Cordyceps sinensis BIO;658282808;3.6.2026;cpc;0,31;;2;0;0;0;0;0;0;upmTG77MW;4260557422991;0
com_CrossSellReRank_Vegavero (Marketplace Seller)_VEGAVERO Glycin Pulver;658347520;3.6.2026;cpc;0,31;;3;0;0;0;0;0;0;upmTGWG29;4260557423479;0
at_CrossSellReRank_Vegavero (Marketplace Seller)_VEGAVERO EAA;658280007;3.6.2026;cpc;0,31;;1;0;0;0;0;0;0;upmGMXXY9;4260557420744;0
com_CrossSellReRank_Vegavero (Marketplace Seller)_VEGAVERO Chia ?l BIO;643127528;3.6.2026;cpc;0,31;;1;0;0;0;0;0;0;upmK7YWLD;4260557422649;0
com_CrossSellReRank_Vegavero (Marketplace Seller)_VEGAVERO Black Maca + Tribulus;643094146;3.6.2026;cpc;0,31;;3;0;0;0;0;0;0;upmEK72LX;4260557422434;0
at_CrossSellReRank_Vegavero (Marketplace Seller)_VEGAVERO Reishi Extrakt;658279956;3.6.2026;cpc;0,31;;1;0;0;0;0;0;0;14251013;4260309481665;0
at_CrossSellReRank_Vegavero (Marketplace Seller)_VEGAVERO BIO Astaxanthin ?l;658282827;3.6.2026;cpc;0,91;;1;0;0;0;0;0;0;upm7GZX42;4260557423165;0
at_CrossSellReRank_Vegavero (Marketplace Seller)_VEGAVERO Keto Power;658282947;3.6.2026;cpc;0,31;;2;0;0;0;0;0;0;upmP77L3M;4260557423288;0
com_CrossSellReRank_Vegavero (Marketplace Seller)_VEGAVERO Glycin Pulver;658295818;3.6.2026;cpc;0,31;;1;0;0;0;0;0;0;upmR9H4DE;4260557422595;0
com_CrossSellReRank_Vegavero (Marketplace Seller)_VEGAVERO Omega-3 ?l;643091125;3.6.2026;cpc;1,31;;1;0;0;0;0;0;0;upm9KDWAZ;4260557421383;0
it_MarketplaceBooster_Vegavero (Marketplace Seller)_VEGAVERO EAA in Polvere;658381330;3.6.2026;cpc;1,01;;1;0;0;0;0;0;0;upmP94YR7;4260557423530;0
at_MarketplaceBooster_Vegavero (Marketplace Seller)_VEGAVERO Shiitake Extrakt;658280086;3.6.2026;cpc;0,51;;1;0;0;0;0;0;0;upmZ7P4AX;4260557421970;0
com_CrossSellReRank_Vegavero (Marketplace Seller)_VEGAVERO Nachtkerzen und Borretsch?l BIO;643092372;3.6.2026;cpc;0,31;;2;0;0;0;0;0;0;upm7KTFPH;4260557421420;0
com_CrossSellReRank_Vegavero (Marketplace Seller)_VEGAVERO Vitamin D3 und K2 ?l;652854756;3.6.2026;cpc;1,11;;1;0;0;0;0;0;0;upm7FHKKZ;4260557421437;0
com_MarketplaceBooster_Vegavero (Marketplace Seller)_VEGAVERO Zimt Extrakt BIO;619661041;3.6.2026;cpc;0,51;;1;0;0;0;0;0;0;upmW9KKTG;4260557422618;0
at_CrossSellReRank_Vegavero (Marketplace Seller)_VEGAVERO Chrom Plus;658280180;3.6.2026;cpc;0,31;;2;0;0;0;0;0;0;upmL7ZDD2;4260557422946;0
it_CrossSellReRank_Vegavero (Marketplace Seller)_VEGAVERO Folato;649111206;3.6.2026;cpc;0,31;;2;0;0;0;0;0;0;upmZR3PP7;4260557422496;0
at_MarketplaceBooster_Vegavero (Marketplace Seller)_VEGAVERO Zimt Extrakt BIO;625767692;3.6.2026;cpc;0,51;;1;0;0;0;0;0;0;upmW9KKTG;4260557422618;0
it_CrossSellReRank_Vegavero (Marketplace Seller)_VEGAVERO Iodio naturale BIO;658445106;3.6.2026;cpc;0,31;;1;0;0;0;0;0;0;14250769;4260557420256;0
it_CrossSellReRank_Vegavero (Marketplace Seller)_VEGAVERO Olio di Semi di Chia;649117677;3.6.2026;cpc;0,31;;5;0;0;0;0;0;0;upmK7YWLD;4260557422649;0
at_CrossSellReRank_Vegavero (Marketplace Seller)_VEGAVERO D-Mannose Complex;643049572;3.6.2026;cpc;0,31;;1;0;0;0;0;0;0;14250640;4260309482747;0
com_MarketplaceBooster_Vegavero (Marketplace Seller)_VEGAVERO Wild Yams + Zink;619660532;3.6.2026;cpc;0,51;;1;0;0;0;0;0;0;14251183;4260309481672;0
com_CrossSellReRank_Vegavero (Marketplace Seller)_VEGAVERO Chaga BIO;643093999;3.6.2026;cpc;0,31;;1;0;0;0;0;0;0;upmPYECDL;4260557422298;0
com_MarketplaceBooster_Vegavero (Marketplace Seller)_VEGAVERO Kudzu Plus;653633077;3.6.2026;cpc;0,51;;1;1;100;0;0,51;0;0;upmRLD9ZM;4260557421314;0,51
at_MarketplaceBooster_Vegavero (Marketplace Seller)_VEGAVERO EAA;625771660;3.6.2026;cpc;0,51;;1;0;0;0;0;0;0;upmGMXXY9;4260557420744;0
at_CrossSellReRank_Vegavero (Marketplace Seller)_VEGAVERO Apple Cider Vinegar;658282824;3.6.2026;cpc;0,31;;1;0;0;0;0;0;0;upmUTDZP9;4260557423158;0
at_CrossSellReRank_Vegavero (Marketplace Seller)_VEGAVERO Papaya BIO;658295838;3.6.2026;cpc;0,31;;2;0;0;0;0;0;0;upm9HWLUD;4260557421055;0
at_MarketplaceBooster_Vegavero (Marketplace Seller)_VEGAVERO Hyaluronsaeure;620609033;3.6.2026;cpc;0,51;;1;0;0;0;0;0;0;upmKMAH3F;4260557420539;0
it_CrossSellReRank_Vegavero (Marketplace Seller)_VEGAVERO NAC;649114668;3.6.2026;cpc;0,31;;1;0;0;0;0;0;0;upmMWPTCY;4260557422564;0
at_CrossSellReRank_Vegavero (Marketplace Seller)_VEGAVERO Glucosamin Complex;658280006;3.6.2026;cpc;0,31;;2;0;0;0;0;0;0;upmTYL3Y7;4260557420737;0
it_CrossSellReRank_Vegavero (Marketplace Seller)_VEGAVERO Vitamina C Liposomiale;649120758;3.6.2026;cpc;0,61;;1;0;0;0;0;0;0;upm77WEEP;4260557422786;0
com_CrossSellReRank_Vegavero (Marketplace Seller)_VEGAVERO Glucomannan BIO;658283041;3.6.2026;cpc;0,31;;1;0;0;0;0;0;0;upmLXEUT7;4260557423240;0
com_CrossSellReRank_Vegavero (Marketplace Seller)_VEGAVERO Astragalus BIO;643090713;3.6.2026;cpc;0,31;;3;0;0;0;0;0;0;upmCGKMCH;4260557421222;0
com_CrossSellReRank_Vegavero (Marketplace Seller)_VEGAVERO Natural Jod BIO;643084951;3.6.2026;cpc;0,31;;1;0;0;0;0;0;0;14250769;4260557420256;0
at_CrossSellReRank_Vegavero (Marketplace Seller)_VEGAVERO L-Citrullin Plus;658280147;3.6.2026;cpc;0,31;;1;0;0;0;0;0;0;upmTF7MFK;4260557422625;0
com_CrossSellReRank_Vegavero (Marketplace Seller)_VEGAVERO Multi Magnesium Complex;643092855;3.6.2026;cpc;0,31;;3;0;0;0;0;0;0;upmUZUHTT;4260557421888;0
com_CrossSellReRank_Vegavero (Marketplace Seller)_VEGAVERO EAA;643088060;3.6.2026;cpc;0,31;;1;0;0;0;0;0;0;upmGMXXY9;4260557420744;0
it_CrossSellReRank_Vegavero (Marketplace Seller)_VEGAVERO Chaga BIO;649104196;3.6.2026;cpc;0,31;;3;0;0;0;0;0;0;upmPYECDL;4260557422298;0
at_CrossSellReRank_Vegavero (Marketplace Seller)_VEGAVERO Chaga BIO;658280111;3.6.2026;cpc;0,31;;1;0;0;0;0;0;0;upmPYECDL;4260557422298;0
at_CrossSellReRank_Vegavero (Marketplace Seller)_VEGAVERO Vitamin D3 und K2 ?l;658280065;3.6.2026;cpc;1,11;;1;0;0;0;0;0;0;upm7FHKKZ;4260557421437;0
com_CrossSellReRank_Vegavero (Marketplace Seller)_VEGAVERO D-Mannose Complex;643077907;3.6.2026;cpc;0,31;;4;0;0;0;0;0;0;14250640;4260309482747;0
it_CrossSellReRank_Vegavero (Marketplace Seller)_VEGAVERO OPC Trio;649150121;3.6.2026;cpc;0,31;;5;0;0;0;0;0;0;upmWFGGMG;4260557423097;0
com_MarketplaceBooster_Vegavero (Marketplace Seller)_VEGAVERO Brewers Yeast;658295767;3.6.2026;cpc;0,51;;1;0;0;0;0;0;0;upmKUKGHH;4260557423332;0
it_CrossSellReRank_Vegavero (Marketplace Seller)_VEGAVERO Beta-Alanina in Polvere;658296317;3.6.2026;cpc;0,61;;1;0;0;0;0;0;0;upmFKHFRA;4260557423431;0
at_MarketplaceBooster_Vegavero (Marketplace Seller)_VEGAVERO Zimt-Ceylon Extrakt;625767691;3.6.2026;cpc;0,51;;1;0;0;0;0;0;0;14251208;4260557420164;0
at_MarketplaceBooster_Vegavero (Marketplace Seller)_VEGAVERO Hyaluronsaeure;620609034;3.6.2026;cpc;0,51;;2;0;0;0;0;0;0;upmPMLEP9;4260557423103;0
com_MarketplaceBooster_Vegavero (Marketplace Seller)_VEGAVERO Taurin Pulver;658347271;3.6.2026;cpc;1,51;;1;0;0;0;0;0;0;upmHULHZD;4260557423370;0
at_CrossSellReRank_Vegavero (Marketplace Seller)_VEGAVERO Natural Jod BIO;658279988;3.6.2026;cpc;0,31;;1;0;0;0;0;0;0;14250769;4260557420256;0
com_MarketplaceBooster_Vegavero (Marketplace Seller)_VEGAVERO Cordyceps Extrakt;658347556;3.6.2026;cpc;1,01;;1;0;0;0;0;0;0;14250611;4260309483218;0
com_CrossSellReRank_Vegavero (Marketplace Seller)_VEGAVERO Griffonia Plus;643128060;3.6.2026;cpc;0,31;;2;0;0;0;0;0;0;upmHCULGA;4260557422755;0
com_MarketplaceBooster_Vegavero (Marketplace Seller)_VEGAVERO Sugar Balance Complex;652859174;3.6.2026;cpc;0,51;;1;0;0;0;0;0;0;upmAD4HK4;4260557422403;0
it_CrossSellReRank_Vegavero (Marketplace Seller)_VEGAVERO EAA in Polvere;658381331;3.6.2026;cpc;0,61;;4;0;0;0;0;0;0;upmP94YR7;4260557423530;0
com_CrossSellReRank_Vegavero (Marketplace Seller)_VEGAVERO Curcuma BIO;643130748;3.6.2026;cpc;0,31;;1;0;0;0;0;0;0;upm27X4XW;4260557422878;0
com_MarketplaceBooster_Vegavero (Marketplace Seller)_VEGAVERO EAA;619674321;3.6.2026;cpc;0,51;;1;0;0;0;0;0;0;upmGMXXY9;4260557420744;0
com_CrossSellReRank_Vegavero (Marketplace Seller)_VEGAVERO Serenity;658295817;3.6.2026;cpc;0,31;;2;0;0;0;0;0;0;upmZFGPHR;4260557422830;0
com_CrossSellReRank_Vegavero (Marketplace Seller)_VEGAVERO Vitamin D3 + K2 Depot;658295756;3.6.2026;cpc;0,31;;1;0;0;0;0;0;0;upmC2RH39;4260557423271;0
com_CrossSellReRank_Vegavero (Marketplace Seller)_VEGAVERO Brahmi BIO;643093286;3.6.2026;cpc;0,31;;2;0;0;0;0;0;0;upmHFPDDK;4260557421956;0
com_MarketplaceBooster_Vegavero (Marketplace Seller)_VEGAVERO Boswellia Extrakt;620528799;3.6.2026;cpc;0,51;;1;0;0;0;0;0;0;upmEH2K74;4260557422588;0
at_CrossSellReRank_Vegavero (Marketplace Seller)_VEGAVERO Bockshornklee BIO;658280184;3.6.2026;cpc;0,31;;1;0;0;0;0;0;0;upm7AL3PG;4260557422977;0
at_CrossSellReRank_Vegavero (Marketplace Seller)_VEGAVERO Natural Silicium BIO;658280119;3.6.2026;cpc;0,31;;1;0;0;0;0;0;0;upmCAPY7U;4260557422328;0
it_MarketplaceBooster_Vegavero (Marketplace Seller)_VEGAVERO Curcuma BIO;641629765;3.6.2026;cpc;0,51;;1;0;0;0;0;0;0;upm27X4XW;4260557422878;0
it_CrossSellReRank_Vegavero (Marketplace Seller)_VEGAVERO MSM;658296418;3.6.2026;cpc;0,61;;2;0;0;0;0;0;0;upmWCKTTE;4260309481214;0
it_MarketplaceBooster_Vegavero (Marketplace Seller)_VEGAVERO L-Glutammina in Polvere;649157245;3.6.2026;cpc;0,51;;1;0;0;0;0;0;0;upmUPTFMH;4260557423233;0
com_CrossSellReRank_Vegavero (Marketplace Seller)_VEGAVERO Vitamin D3+K2 Tropfen;643133550;3.6.2026;cpc;1,21;;2;0;0;0;0;0;0;upmKAXT9Y;4260557422915;0
com_CrossSellReRank_Vegavero (Marketplace Seller)_VEGAVERO Colon Care Complex;643084949;3.6.2026;cpc;0,31;;1;0;0;0;0;0;0;14250605;4260557420201;0
at_MarketplaceBooster_Vegavero (Marketplace Seller)_VEGAVERO Bockshornklee BIO;626442445;3.6.2026;cpc;0,51;;1;0;0;0;0;0;0;upm7AL3PG;4260557422977;0
at_CrossSellReRank_Vegavero (Marketplace Seller)_VEGAVERO Colon Care Complex;658279985;3.6.2026;cpc;0,31;;1;0;0;0;0;0;0;14250605;4260557420201;0
at_CrossSellReRank_Vegavero (Marketplace Seller)_VEGAVERO Vitamin B3 (Nicotinamid);658280014;3.6.2026;cpc;0,51;;2;0;0;0;0;0;0;upmUEXHE2;4260557420850;0
at_MarketplaceBooster_Vegavero (Marketplace Seller)_VEGAVERO Echinacea Plus;658282823;3.6.2026;cpc;0,31;;1;0;0;0;0;0;0;upmPHKX9F;4260557423141;0
com_MarketplaceBooster_Vegavero (Marketplace Seller)_VEGAVERO ZMA (Zink + Magnesium + Vitamin B6);617842639;3.6.2026;cpc;1,61;;1;0;0;0;0;0;0;upmRXLDAR;4260557422465;0
at_MarketplaceBooster_Vegavero (Marketplace Seller)_VEGAVERO BCAA Pulver Mango;658445037;3.6.2026;cpc;1,01;;1;0;0;0;0;0;0;upmWWWMYX;4260557423523;0
com_CrossSellReRank_Vegavero (Marketplace Seller)_VEGAVERO Vitamin C liposomal;643129759;3.6.2026;cpc;0,31;;2;0;0;0;0;0;0;upm77WEEP;4260557422786;0
at_MarketplaceBooster_Vegavero (Marketplace Seller)_VEGAVERO ZMA (Zink + Magnesium + Vitamin B6);620595473;3.6.2026;cpc;0,51;;1;0;0;0;0;0;0;upmRXLDAR;4260557422465;0
at_CrossSellReRank_Vegavero (Marketplace Seller)_VEGAVERO Boswellia Extrakt;658280140;3.6.2026;cpc;0,31;;1;0;0;0;0;0;0;upmEH2K74;4260557422588;0
at_MarketplaceBooster_Vegavero (Marketplace Seller)_VEGAVERO Nattokinase;626443809;3.6.2026;cpc;0,51;;1;0;0;0;0;0;0;upm2ZL4CL;4260557423264;0
com_CrossSellReRank_Vegavero (Marketplace Seller)_VEGAVERO Astaxanthin ?l;643093279;3.6.2026;cpc;0,31;;3;0;0;0;0;0;0;upmYPTY2W;4260557421925;0
com_CrossSellReRank_Vegavero (Marketplace Seller)_VEGAVERO Mariendistel Plus;652868608;3.6.2026;cpc;0,31;;1;0;0;0;0;0;0;upmR9H2HU;4260557422892;0
at_CrossSellReRank_Vegavero (Marketplace Seller)_VEGAVERO Magnesium Bisglycinat;658282836;3.6.2026;cpc;1,61;;2;0;0;0;0;0;0;upmX4LT4H;4260557423257;0
com_MarketplaceBooster_Vegavero (Marketplace Seller)_VEGAVERO Ingwer BIO;619663942;3.6.2026;cpc;0,51;;1;0;0;0;0;0;0;upmPX4TPU;4260557420386;0
at_CrossSellReRank_Vegavero (Marketplace Seller)_VEGAVERO Sugar Balance Complex;658280126;3.6.2026;cpc;0,31;;4;0;0;0;0;0;0;upmAD4HK4;4260557422403;0
at_MarketplaceBooster_Vegavero (Marketplace Seller)_VEGAVERO Chaga BIO;625789278;3.6.2026;cpc;0,51;;1;0;0;0;0;0;0;upmPYECDL;4260557422298;0
at_CrossSellReRank_Vegavero (Marketplace Seller)_VEGAVERO Griffonia;658283010;3.6.2026;cpc;1,51;;2;0;0;0;0;0;0;upmG7RZLC;4260557423318;0
at_MarketplaceBooster_Vegavero (Marketplace Seller)_VEGAVERO Saccharomyces boulardii;658347617;3.6.2026;cpc;0,51;;1;1;100;0;0,51;0;0;upmWDER3T;4260557421949;0,51
it_MarketplaceBooster_Vegavero (Marketplace Seller)_VEGAVERO Reishi BIO;620566570;3.6.2026;cpc;0,51;;1;0;0;0;0;0;0;upmZRC9TD;4260557420706;0
it_CrossSellReRank_Vegavero (Marketplace Seller)_VEGAVERO BCAA in Polvere;658381389;3.6.2026;cpc;0,61;;2;0;0;0;0;0;0;upmWWWMYX;4260557423523;0
at_CrossSellReRank_Vegavero (Marketplace Seller)_VEGAVERO Black Maca + Tribulus;658280129;3.6.2026;cpc;0,31;;1;0;0;0;0;0;0;upmEK72LX;4260557422434;0
com_MarketplaceBooster_Vegavero (Marketplace Seller)_VEGAVERO Natural Silicium BIO;629499980;3.6.2026;cpc;1,01;;1;1;100;0;1,01;0;0;upmCAPY7U;4260557422328;1,01
com_MarketplaceBooster_Vegavero (Marketplace Seller)_VEGAVERO Vitamin C BIO aus Acerola;619663712;3.6.2026;cpc;0,51;;1;0;0;0;0;0;0;upmFY9KW9;4260557420331;0
com_MarketplaceBooster_Vegavero (Marketplace Seller)_VEGAVERO Hyaluronsaeure;620565218;3.6.2026;cpc;1,51;;1;0;0;0;0;0;0;upmPMLEP9;4260557423103;0
at_MarketplaceBooster_Vegavero (Marketplace Seller)_VEGAVERO Nachtkerzen und Borretsch?l BIO;658295855;3.6.2026;cpc;0,51;;1;0;0;0;0;0;0;upm7KTFPH;4260557421420;0
com_MarketplaceBooster_Vegavero (Marketplace Seller)_VEGAVERO Psyllium BIO;658295759;3.6.2026;cpc;0,51;;1;0;0;0;0;0;0;upmERYMM3;4260557423295;0
at_CrossSellReRank_Vegavero (Marketplace Seller)_VEGAVERO Multi Magnesium Complex;658280069;3.6.2026;cpc;0,31;;1;0;0;0;0;0;0;upmUZUHTT;4260557421888;0
at_MarketplaceBooster_Vegavero (Marketplace Seller)_VEGAVERO Papaya Enzym;625793359;3.6.2026;cpc;0,51;;1;0;0;0;0;0;0;14250930;4260309482648;0
com_CrossSellReRank_Vegavero (Marketplace Seller)_VEGAVERO Boswellia Extrakt;643094189;3.6.2026;cpc;0,31;;2;0;0;0;0;0;0;upmEH2K74;4260557422588;0
com_CrossSellReRank_Vegavero (Marketplace Seller)_VEGAVERO BIO Astaxanthin ?l;643093116;3.6.2026;cpc;0,91;;1;0;0;0;0;0;0;upm7GZX42;4260557423165;0
at_MarketplaceBooster_Vegavero (Marketplace Seller)_VEGAVERO Nachtkerzen und Borretsch?l BIO;625782152;3.6.2026;cpc;0,51;;1;0;0;0;0;0;0;upm7KTFPH;4260557421420;0
at_CrossSellReRank_Vegavero (Marketplace Seller)_VEGAVERO Vitamin B12 Spray Cherry;643057333;3.6.2026;cpc;0,31;;2;0;0;0;0;0;0;14251102;4260557420027;0
it_CrossSellReRank_Vegavero (Marketplace Seller)_VEGAVERO Vegan Essentials Complex;649088044;3.6.2026;cpc;0,31;;3;0;0;0;0;0;0;upmHHT433;4260557421390;0
it_CrossSellReRank_Vegavero (Marketplace Seller)_VEGAVERO Youth Biotics;658445087;3.6.2026;cpc;0,61;;1;0;0;0;0;0;0;upmW7Y7DL;4260557423462;0
at_CrossSellReRank_Vegavero (Marketplace Seller)_VEGAVERO Kudzu Plus;658280056;3.6.2026;cpc;0,31;;2;0;0;0;0;0;0;upmRLD9ZM;4260557421314;0
at_CrossSellReRank_Vegavero (Marketplace Seller)_VEGAVERO Hyaluronsaeure;643052336;3.6.2026;cpc;0,31;;1;0;0;0;0;0;0;upmKMAH3F;4260557420539;0
at_CrossSellReRank_Vegavero (Marketplace Seller)_VEGAVERO Astragalus BIO;658280053;3.6.2026;cpc;0,31;;3;0;0;0;0;0;0;upmCGKMCH;4260557421222;0
at_CrossSellReRank_Vegavero (Marketplace Seller)_VEGAVERO Papaya Enzym;658280137;3.6.2026;cpc;0,31;;1;0;0;0;0;0;0;14250930;4260309482648;0
com_MarketplaceBooster_Vegavero (Marketplace Seller)_VEGAVERO Curcuma BIO;618496721;3.6.2026;cpc;0,51;;1;0;0;0;0;0;0;upm27X4XW;4260557422878;0
at_CrossSellReRank_Vegavero (Marketplace Seller)_VEGAVERO Party Hero;658283021;3.6.2026;cpc;0,31;;1;0;0;0;0;0;0;upmFACEA7;4260557423356;0
it_MarketplaceBooster_Vegavero (Marketplace Seller)_VEGAVERO Ginkgo + Ginseng;620565878;3.6.2026;cpc;0,51;;1;0;0;0;0;0;0;upmF3XUHA;4260557422106;0
at_MarketplaceBooster_Vegavero (Marketplace Seller)_VEGAVERO Echinacea Plus;626443785;3.6.2026;cpc;0,51;;1;0;0;0;0;0;0;upmPHKX9F;4260557423141;0
com_MarketplaceBooster_Vegavero (Marketplace Seller)_VEGAVERO Rapunzel;658295813;3.6.2026;cpc;0,51;;1;0;0;0;0;0;0;upmDUFHFK;4260557423134;0
it_CrossSellReRank_Vegavero (Marketplace Seller)_VEGAVERO Acido Ialuronico;649164412;3.6.2026;cpc;0,31;;1;0;0;0;0;0;0;upmKMAH3F;4260557420539;0
at_CrossSellReRank_Vegavero (Marketplace Seller)_VEGAVERO Tribulus terrestris Extrakt;658279971;3.6.2026;cpc;0,31;;5;0;0;0;0;0;0;14251088;4260309481313;0
com_MarketplaceBooster_Vegavero (Marketplace Seller)_VEGAVERO Reishi Extrakt;619660758;3.6.2026;cpc;0,51;;1;0;0;0;0;0;0;14251013;4260309481665;0
it_MarketplaceBooster_Vegavero (Marketplace Seller)_VEGAVERO Vegan Essentials Complex;641622696;3.6.2026;cpc;0,51;;1;0;0;0;0;0;0;upmHHT433;4260557421390;0
com_CrossSellReRank_Vegavero (Marketplace Seller)_VEGAVERO Bromelain 2500 GDU/g;658347577;3.6.2026;cpc;0,31;;3;0;0;0;0;0;0;upm43HM34;4260557421130;0
at_CrossSellReRank_Vegavero (Marketplace Seller)_VEGAVERO Shiitake Extrakt;658280087;3.6.2026;cpc;0,31;;2;0;0;0;0;0;0;upmZ7P4AX;4260557421970;0
com_MarketplaceBooster_Vegavero (Marketplace Seller)_VEGAVERO Glucomannan BIO;658283040;3.6.2026;cpc;0,51;;0;0;0;0;0;0;0;upmLXEUT7;4260557423240;0
com_CrossSellReRank_Vegavero (Marketplace Seller)_VEGAVERO Tribulus terrestris Extrakt;643082758;3.6.2026;cpc;0,31;;0;0;0;0;0;0;0;14251088;4260309481313;0
com_MarketplaceBooster_Vegavero (Marketplace Seller)_VEGAVERO Vitamin K2;658347316;3.6.2026;cpc;1,01;;0;0;0;0;0;0;0;upmFYFHAU;4260557423424;0
at_CrossSellReRank_Vegavero (Marketplace Seller)_VEGAVERO Griffonia Plus;658280154;3.6.2026;cpc;0,31;;1;0;0;0;0;0;0;upmHCULGA;4260557422755;0
com_CrossSellReRank_Vegavero (Marketplace Seller)_VEGAVERO Glucosamin Plus;658347224;3.6.2026;cpc;0,31;;2;0;0;0;0;0;0;upmKWW3MD;4260557423349;0
at_CrossSellReRank_Vegavero (Marketplace Seller)_VEGAVERO Vitamin K2;658295904;3.6.2026;cpc;0,31;;1;0;0;0;0;0;0;upmFYFHAU;4260557423424;0
com_CrossSellReRank_Vegavero (Marketplace Seller)_VEGAVERO Shiitake Extrakt;643093288;3.6.2026;cpc;0,31;;1;0;0;0;0;0;0;upmZ7P4AX;4260557421970;0
com_CrossSellReRank_Vegavero (Marketplace Seller)_VEGAVERO BCAA Pulver Mango;658445062;3.6.2026;cpc;0,31;;0;0;0;0;0;0;0;upmWWWMYX;4260557423523;0
it_CrossSellReRank_Vegavero (Marketplace Seller)_VEGAVERO Fieno Greco BIO;649146229;3.6.2026;cpc;0,31;;1;0;0;0;0;0;0;upm7AL3PG;4260557422977;0
com_CrossSellReRank_Vegavero (Marketplace Seller)_VEGAVERO Quercetin Komplex;658469905;3.6.2026;cpc;0,61;;0;0;0;0;0;0;0;upmF2AFXC;4260557423509;0
com_CrossSellReRank_Vegavero (Marketplace Seller)_VEGAVERO Chlorella BIO + Spirulina BIO;643078910;3.6.2026;cpc;1,01;;0;0;0;0;0;0;0;14250597;4260309484185;0
com_MarketplaceBooster_Vegavero (Marketplace Seller)_VEGAVERO Chaga BIO;629497666;3.6.2026;cpc;0,51;;0;0;0;0;0;0;0;upmPYECDL;4260557422298;0
at_MarketplaceBooster_Vegavero (Marketplace Seller)_VEGAVERO Cholin Bitartrat;658283012;3.6.2026;cpc;0,51;;0;0;0;0;0;0;0;upmU9FP9M;4260557423325;0
com_MarketplaceBooster_Vegavero (Marketplace Seller)_VEGAVERO Bilberry + Pine Bark BIO;658347582;3.6.2026;cpc;1,01;;0;0;0;0;0;0;0;upm2LFWC7;4260557422076;0
com_CrossSellReRank_Vegavero (Marketplace Seller)_VEGAVERO Apple Cider Vinegar;643138167;3.6.2026;cpc;0,31;;0;0;0;0;0;0;0;upmUTDZP9;4260557423158;0
com_CrossSellReRank_Vegavero (Marketplace Seller)_VEGAVERO Brennnessel BIO;643089721;3.6.2026;cpc;0,31;;0;0;0;0;0;0;0;upm9RX43T;4260557421031;0
it_MarketplaceBooster_Vegavero (Marketplace Seller)_VEGAVERO Echinacea Purpurea;620565881;3.6.2026;cpc;0,51;;0;0;0;0;0;0;0;upmPZPD44;4260557420133;0
it_MarketplaceBooster_Vegavero (Marketplace Seller)_VEGAVERO Lievito di Birra;658296220;3.6.2026;cpc;0,51;;0;0;0;0;0;0;0;upmKUKGHH;4260557423332;0
at_MarketplaceBooster_Vegavero (Marketplace Seller)_VEGAVERO Quercetin Komplex;658445034;3.6.2026;cpc;1,01;;0;0;0;0;0;0;0;upmF2AFXC;4260557423509;0
it_CrossSellReRank_Vegavero (Marketplace Seller)_VEGAVERO Keto Power;658295963;3.6.2026;cpc;0,31;;4;0;0;0;0;0;0;upmP77L3M;4260557423288;0
com_CrossSellReRank_Vegavero (Marketplace Seller)_VEGAVERO Bergamotte Extrakt;643094178;3.6.2026;cpc;0,31;;1;0;0;0;0;0;0;upmRKUZYE;4260557422557;0
it_MarketplaceBooster_Vegavero (Marketplace Seller)_VEGAVERO Griffonia;658296090;3.6.2026;cpc;0,51;;0;0;0;0;0;0;0;upmG7RZLC;4260557423318;0
com_MarketplaceBooster_Vegavero (Marketplace Seller)_VEGAVERO Brahmi BIO;619717869;3.6.2026;cpc;0,51;;0;0;0;0;0;0;0;upmHFPDDK;4260557421956;0
at_CrossSellReRank_Vegavero (Marketplace Seller)_VEGAVERO Taurin Pulver;658283035;3.6.2026;cpc;0,31;;1;0;0;0;0;0;0;upmHULHZD;4260557423370;0
at_CrossSellReRank_Vegavero (Marketplace Seller)_VEGAVERO Drenaflux Complex;658295889;3.6.2026;cpc;0,31;;2;0;0;0;0;0;0;upm2XGYDU;4260557422489;0
at_MarketplaceBooster_Vegavero (Marketplace Seller)_VEGAVERO Psyllium BIO;658282984;3.6.2026;cpc;0,51;;0;0;0;0;0;0;0;upmERYMM3;4260557423295;0
at_MarketplaceBooster_Vegavero (Marketplace Seller)_VEGAVERO Brahmi BIO;625785188;3.6.2026;cpc;0,51;;0;0;0;0;0;0;0;upmHFPDDK;4260557421956;0
com_MarketplaceBooster_Vegavero (Marketplace Seller)_VEGAVERO BCAA Pulver Mango;658445052;3.6.2026;cpc;2,01;;0;0;0;0;0;0;0;upmWWWMYX;4260557423523;0
at_MarketplaceBooster_Vegavero (Marketplace Seller)_VEGAVERO Creatin Monohydrat Pulver;658291469;3.6.2026;cpc;0,51;;0;0;0;0;0;0;0;upmFRZEFX;4260557423226;0
com_CrossSellReRank_Vegavero (Marketplace Seller)_VEGAVERO Wild Yams + Zink;643234437;3.6.2026;cpc;0,31;;1;0;0;0;0;0;0;14251183;4260309481672;0
at_MarketplaceBooster_Vegavero (Marketplace Seller)_VEGAVERO Vitamin D3 + K2 Depot;658282834;3.6.2026;cpc;0,51;;0;0;0;0;0;0;0;upmC2RH39;4260557423271;0
at_CrossSellReRank_Vegavero (Marketplace Seller)_VEGAVERO Wild Yams + Zink;658279949;3.6.2026;cpc;0,31;;0;0;0;0;0;0;0;14251183;4260309481672;0
SOLD_OUT_at_CrossSellReRank_Vegavero (Marketplace Seller)_VEGAVERO Vegan Collagen+Hyaluronic Acid;658347624;3.6.2026;cpc;1,21;;0;0;0;0;0;0;0;upmK3CG99;4260557422656;0
com_MarketplaceBooster_Vegavero (Marketplace Seller)_VEGAVERO Serenity;620539276;3.6.2026;cpc;0,51;;0;0;0;0;0;0;0;upmZFGPHR;4260557422830;0
at_CrossSellReRank_Vegavero (Marketplace Seller)_VEGAVERO Resveratrol + Nicotinamid;658280009;3.6.2026;cpc;0,31;;0;0;0;0;0;0;0;upmGDDD7G;4260557420805;0
at_MarketplaceBooster_Vegavero (Marketplace Seller)_VEGAVERO Reishi Extrakt;625763780;3.6.2026;cpc;0,51;;0;0;0;0;0;0;0;14251013;4260309481665;0
at_MarketplaceBooster_Vegavero (Marketplace Seller)_VEGAVERO Vitamin C BIO aus Acerola;625769770;3.6.2026;cpc;0,51;;0;0;0;0;0;0;0;upmFY9KW9;4260557420331;0
com_MarketplaceBooster_Vegavero (Marketplace Seller)_VEGAVERO Chlorella BIO + Spirulina BIO;619667808;3.6.2026;cpc;1,01;;0;0;0;0;0;0;0;14250597;4260309484185;0
at_CrossSellReRank_Vegavero (Marketplace Seller)_VEGAVERO Mushroom Mix Complex;658280095;3.6.2026;cpc;0,31;;0;0;0;0;0;0;0;upm4XDXPR;4260557422045;0
com_MarketplaceBooster_Vegavero (Marketplace Seller)_VEGAVERO Roter Reis Plus;620557805;3.6.2026;cpc;0,51;;0;0;0;0;0;0;0;upmDFWTTT;4260557423110;0
it_MarketplaceBooster_Vegavero (Marketplace Seller)_VEGAVERO Origano BIO;641622706;3.6.2026;cpc;0,51;;0;0;0;0;0;0;0;upmYCXAL7;4260557421932;0
com_MarketplaceBooster_Vegavero (Marketplace Seller)_VEGAVERO Artischocke BIO;619702389;3.6.2026;cpc;0,51;;0;0;0;0;0;0;0;upmUTCWKM;4260557421215;0
at_MarketplaceBooster_Vegavero (Marketplace Seller)_VEGAVERO Vitamin B3 (Nicotinamid);625772385;3.6.2026;cpc;0,81;;0;0;0;0;0;0;0;upmUEXHE2;4260557420850;0
com_MarketplaceBooster_Vegavero (Marketplace Seller)_VEGAVERO Koffein;620560659;3.6.2026;cpc;0,51;;0;0;0;0;0;0;0;upm4XZRWY;4260557423127;0
com_CrossSellReRank_Vegavero (Marketplace Seller)_VEGAVERO Creatin Monohydrat Pulver;658295752;3.6.2026;cpc;0,31;;0;0;0;0;0;0;0;upmFRZEFX;4260557423226;0
it_MarketplaceBooster_Vegavero (Marketplace Seller)_VEGAVERO Papaya BIO;641643600;3.6.2026;cpc;0,51;;0;0;0;0;0;0;0;upm9HWLUD;4260557421055;0
com_MarketplaceBooster_Vegavero (Marketplace Seller)_VEGAVERO Nachtkerzen ?l;658291478;3.6.2026;cpc;1,01;;0;0;0;0;0;0;0;upm7DM474;4260557423448;0
at_MarketplaceBooster_Vegavero (Marketplace Seller)_VEGAVERO Party Hero;658283016;3.6.2026;cpc;0,51;;0;0;0;0;0;0;0;upmFACEA7;4260557423356;0
it_MarketplaceBooster_Vegavero (Marketplace Seller)_VEGAVERO Taurina;658296229;3.6.2026;cpc;0,51;;0;0;0;0;0;0;0;upmHULHZD;4260557423370;0
com_CrossSellReRank_Vegavero (Marketplace Seller)_VEGAVERO L-Glutamin Pulver;643141362;3.6.2026;cpc;0,31;;0;0;0;0;0;0;0;upmUPTFMH;4260557423233;0
at_CrossSellReRank_Vegavero (Marketplace Seller)_VEGAVERO Nachtkerzen und Borretsch?l BIO;658295856;3.6.2026;cpc;0,31;;0;0;0;0;0;0;0;upm7KTFPH;4260557421420;0
at_MarketplaceBooster_Vegavero (Marketplace Seller)_VEGAVERO OPC Trio;626443283;3.6.2026;cpc;0,51;;0;0;0;0;0;0;0;upmWFGGMG;4260557423097;0
it_MarketplaceBooster_Vegavero (Marketplace Seller)_VEGAVERO Beta-Alanina in Polvere;658296313;3.6.2026;cpc;1,01;;0;0;0;0;0;0;0;upmFKHFRA;4260557423431;0
com_CrossSellReRank_Vegavero (Marketplace Seller)_VEGAVERO Strong Bones;658283045;3.6.2026;cpc;0,31;;0;0;0;0;0;0;0;upmAP9MLM;4260557423301;0
it_CrossSellReRank_Vegavero (Marketplace Seller)_VEGAVERO Maitake BIO;649077201;3.6.2026;cpc;0,31;;1;0;0;0;0;0;0;upmW4TZYD;4260557420874;0
at_CrossSellReRank_Vegavero (Marketplace Seller)_VEGAVERO Hyaluronsaeure;643052787;3.6.2026;cpc;0,31;;0;0;0;0;0;0;0;upmPMLEP9;4260557423103;0
at_CrossSellReRank_Vegavero (Marketplace Seller)_VEGAVERO Brahmi BIO;658280083;3.6.2026;cpc;0,31;;1;0;0;0;0;0;0;upmHFPDDK;4260557421956;0
at_CrossSellReRank_Vegavero (Marketplace Seller)_VEGAVERO Light Legs Complex;658347598;3.6.2026;cpc;0,31;;1;0;0;0;0;0;0;upmD7EWMP;4260557420454;0
com_MarketplaceBooster_Vegavero (Marketplace Seller)_VEGAVERO Glucosamin Plus;658347207;3.6.2026;cpc;1,01;;0;0;0;0;0;0;0;upmKWW3MD;4260557423349;0
it_MarketplaceBooster_Vegavero (Marketplace Seller)_VEGAVERO Reishi;658296411;3.6.2026;cpc;0,51;;0;0;0;0;0;0;0;14251013;4260309481665;0
it_MarketplaceBooster_Vegavero (Marketplace Seller)_VEGAVERO Cordyceps Sinensis BIO;626451122;3.6.2026;cpc;0,51;;0;0;0;0;0;0;0;upmTG77MW;4260557422991;0
com_CrossSellReRank_Vegavero (Marketplace Seller)_VEGAVERO Keto Power;658283043;3.6.2026;cpc;0,31;;0;0;0;0;0;0;0;upmP77L3M;4260557423288;0
com_CrossSellReRank_Vegavero (Marketplace Seller)_VEGAVERO Mushroom Mix Complex;643093879;3.6.2026;cpc;0,31;;0;0;0;0;0;0;0;upm4XDXPR;4260557422045;0
com_MarketplaceBooster_Vegavero (Marketplace Seller)_VEGAVERO Mariendistel Plus;652868156;3.6.2026;cpc;1,01;;0;0;0;0;0;0;0;upmR9H2HU;4260557422892;0
com_MarketplaceBooster_Vegavero (Marketplace Seller)_VEGAVERO Griffonia;658283046;3.6.2026;cpc;1,51;;0;0;0;0;0;0;0;upmG7RZLC;4260557423318;0
at_MarketplaceBooster_Vegavero (Marketplace Seller)_VEGAVERO Keto Power;658282839;3.6.2026;cpc;0,51;;0;0;0;0;0;0;0;upmP77L3M;4260557423288;0
com_CrossSellReRank_Vegavero (Marketplace Seller)_VEGAVERO Zimt-Ceylon Extrakt;643084475;3.6.2026;cpc;0,31;;1;0;0;0;0;0;0;14251208;4260557420164;0
at_MarketplaceBooster_Vegavero (Marketplace Seller)_VEGAVERO Bilberry + Pine Bark BIO;658280097;3.6.2026;cpc;0,51;;0;0;0;0;0;0;0;upm2LFWC7;4260557422076;0
it_MarketplaceBooster_Vegavero (Marketplace Seller)_VEGAVERO Strong Bones;658296086;3.6.2026;cpc;0,51;;0;0;0;0;0;0;0;upmAP9MLM;4260557423301;0
it_MarketplaceBooster_Vegavero (Marketplace Seller)_VEGAVERO Glicina in Polvere;658296346;3.6.2026;cpc;1,01;;0;0;0;0;0;0;0;upmTGWG29;4260557423479;0
at_CrossSellReRank_Vegavero (Marketplace Seller)_VEGAVERO Nachtkerzen ?l;658283039;3.6.2026;cpc;0,61;;1;0;0;0;0;0;0;upm7DM474;4260557423448;0
at_MarketplaceBooster_Vegavero (Marketplace Seller)_VEGAVERO Glycin Pulver;658280143;3.6.2026;cpc;1,01;;0;0;0;0;0;0;0;upmTGWG29;4260557423479;0
it_CrossSellReRank_Vegavero (Marketplace Seller)_VEGAVERO Vitamina B3 Nicotinamide;649112226;3.6.2026;cpc;0,31;;3;0;0;0;0;0;0;upmKKE3R2;4260557422526;0
at_CrossSellReRank_Vegavero (Marketplace Seller)_VEGAVERO Ackerschachtelhalm BIO;658347604;3.6.2026;cpc;0,31;;2;0;0;0;0;0;0;upmDKAWH3;4260557421307;0
at_CrossSellReRank_Vegavero (Marketplace Seller)_VEGAVERO Curcuma BIO;658280163;3.6.2026;cpc;0,31;;1;0;0;0;0;0;0;upm27X4XW;4260557422878;0
com_CrossSellReRank_Vegavero (Marketplace Seller)_VEGAVERO MSM Pulver DOSE;643236175;3.6.2026;cpc;0,61;;1;0;0;0;0;0;0;upmTLUPGT;4260309483881;0
at_MarketplaceBooster_Vegavero (Marketplace Seller)_VEGAVERO Strong Bones;658283003;3.6.2026;cpc;0,51;;0;0;0;0;0;0;0;upmAP9MLM;4260557423301;0
at_MarketplaceBooster_Vegavero (Marketplace Seller)_VEGAVERO Tribulus terrestris Extrakt;658279972;3.6.2026;cpc;0,51;;0;0;0;0;0;0;0;14251088;4260309481313;0
com_CrossSellReRank_Vegavero (Marketplace Seller)_VEGAVERO Papaya Enzym;643094177;3.6.2026;cpc;0,31;;0;0;0;0;0;0;0;14250930;4260309482648;0
com_MarketplaceBooster_Vegavero (Marketplace Seller)_VEGAVERO Resveratrol + Nicotinamid;619676602;3.6.2026;cpc;0,51;;0;0;0;0;0;0;0;upmGDDD7G;4260557420805;0
at_MarketplaceBooster_Vegavero (Marketplace Seller)_VEGAVERO Black Maca + Tribulus;625786543;3.6.2026;cpc;0,51;;0;0;0;0;0;0;0;upmEK72LX;4260557422434;0
at_MarketplaceBooster_Vegavero (Marketplace Seller)_VEGAVERO Griffonia;658283007;3.6.2026;cpc;1,61;;0;0;0;0;0;0;0;upmG7RZLC;4260557423318;0
com_CrossSellReRank_Vegavero (Marketplace Seller)_VEGAVERO Brewers Yeast;658295768;3.6.2026;cpc;0,31;;2;0;0;0;0;0;0;upmKUKGHH;4260557423332;0
it_MarketplaceBooster_Vegavero (Marketplace Seller)_VEGAVERO Cordyceps;658334300;3.6.2026;cpc;0,51;;0;0;0;0;0;0;0;14250611;4260309483218;0
com_CrossSellReRank_Vegavero (Marketplace Seller)_VEGAVERO Olivenblatt (40% Oleuropein);643089681;3.6.2026;cpc;0,31;;0;0;0;0;0;0;0;upmZ43LYR;4260557420898;0
it_MarketplaceBooster_Vegavero (Marketplace Seller)_VEGAVERO Vitamina K2;658296232;3.6.2026;cpc;0,51;;0;0;0;0;0;0;0;upmFYFHAU;4260557423424;0
it_MarketplaceBooster_Vegavero (Marketplace Seller)_VEGAVERO Enotera;658296331;3.6.2026;cpc;1,01;;0;0;0;0;0;0;0;upm7DM474;4260557423448;0
it_MarketplaceBooster_Vegavero (Marketplace Seller)_VEGAVERO Party Hero;658331695;3.6.2026;cpc;0,51;;0;0;0;0;0;0;0;upmFACEA7;4260557423356;0
at_CrossSellReRank_Vegavero (Marketplace Seller)_VEGAVERO Bromelain 2500 GDU/g;658280042;3.6.2026;cpc;0,31;;1;0;0;0;0;0;0;upm43HM34;4260557421130;0
it_CrossSellReRank_Vegavero (Marketplace Seller)_VEGAVERO Enotera;658296335;3.6.2026;cpc;0,61;;3;0;0;0;0;0;0;upm7DM474;4260557423448;0
at_MarketplaceBooster_Vegavero (Marketplace Seller)_VEGAVERO Cordyceps Extrakt;658347645;3.6.2026;cpc;0,51;;0;0;0;0;0;0;0;14250611;4260309483218;0
at_CrossSellReRank_Vegavero (Marketplace Seller)_VEGAVERO Moringa BIO;658725473;3.6.2026;cpc;1,01;;0;0;0;0;0;0;0;14250893;4260309481115;0
at_CrossSellReRank_Vegavero (Marketplace Seller)_VEGAVERO D-Mannose Pulver;658295900;3.6.2026;cpc;0,31;;0;0;0;0;0;0;0;14250686;4260309481603;0
it_MarketplaceBooster_Vegavero (Marketplace Seller)_VEGAVERO Maitake BIO;620567773;3.6.2026;cpc;0,51;;0;0;0;0;0;0;0;upmW4TZYD;4260557420874;0
at_MarketplaceBooster_Vegavero (Marketplace Seller)_VEGAVERO Taurin Pulver;658283030;3.6.2026;cpc;0,51;;0;0;0;0;0;0;0;upmHULHZD;4260557423370;0
at_MarketplaceBooster_Vegavero (Marketplace Seller)_VEGAVERO Sugar Balance Complex;658280124;3.6.2026;cpc;0,51;;0;0;0;0;0;0;0;upmAD4HK4;4260557422403;0
it_CrossSellReRank_Vegavero (Marketplace Seller)_VEGAVERO Femme Biotics;658445084;3.6.2026;cpc;0,61;;1;0;0;0;0;0;0;upm4AEDEP;4260557423455;0
at_CrossSellReRank_Vegavero (Marketplace Seller)_VEGAVERO Saccharomyces boulardii;658347619;3.6.2026;cpc;0,81;;0;0;0;0;0;0;0;upmWDER3T;4260557421949;0
com_MarketplaceBooster_Vegavero (Marketplace Seller)_VEGAVERO L-Tryptophan;619660835;3.6.2026;cpc;2,02;;0;0;0;0;0;0;0;14250841;4260309481108;0
it_MarketplaceBooster_Vegavero (Marketplace Seller)_VEGAVERO Colina Bitartrato;658296180;3.6.2026;cpc;0,51;;0;0;0;0;0;0;0;upmU9FP9M;4260557423325;0
at_CrossSellReRank_Vegavero (Marketplace Seller)_VEGAVERO Youth Biotics;658445047;3.6.2026;cpc;0,31;;0;0;0;0;0;0;0;upmW7Y7DL;4260557423462;0
com_MarketplaceBooster_Vegavero (Marketplace Seller)_VEGAVERO Strong Bones;658283044;3.6.2026;cpc;0,51;;0;0;0;0;0;0;0;upmAP9MLM;4260557423301;0
com_MarketplaceBooster_Vegavero (Marketplace Seller)_VEGAVERO Hyaluronsaeure;620565217;3.6.2026;cpc;1,51;;0;0;0;0;0;0;0;upmKMAH3F;4260557420539;0
com_CrossSellReRank_Vegavero (Marketplace Seller)_VEGAVERO Vitamin B Plus;653855001;3.6.2026;cpc;0,31;;1;0;0;0;0;0;0;14251094;4260309482754;0
com_CrossSellReRank_Vegavero (Marketplace Seller)_VEGAVERO Reishi Extrakt;643082721;3.6.2026;cpc;0,31;;3;0;0;0;0;0;0;14251013;4260309481665;0
com_CrossSellReRank_Vegavero (Marketplace Seller)_VEGAVERO Cordyceps Extrakt;658347557;3.6.2026;cpc;0,31;;1;0;0;0;0;0;0;14250611;4260309483218;0
at_MarketplaceBooster_Vegavero (Marketplace Seller)_VEGAVERO L-Citrullin Malat Pulver;658445029;3.6.2026;cpc;1,01;;0;0;0;0;0;0;0;upm7K39U2;4260557423493;0
at_MarketplaceBooster_Vegavero (Marketplace Seller)_VEGAVERO Brewers Yeast;658347642;3.6.2026;cpc;0,51;;0;0;0;0;0;0;0;upmKUKGHH;4260557423332;0
com_MarketplaceBooster_Vegavero (Marketplace Seller)_VEGAVERO Chrom Plus;627595667;3.6.2026;cpc;0,51;;0;0;0;0;0;0;0;upmL7ZDD2;4260557422946;0
com_CrossSellReRank_Vegavero (Marketplace Seller)_VEGAVERO Apple Cider Vinegar Gummies;643140412;3.6.2026;cpc;0,31;;0;0;0;0;0;0;0;upmF2EYPK;4260557423172;0
it_CrossSellReRank_Vegavero (Marketplace Seller)_VEGAVERO Papaya BIO;649077206;3.6.2026;cpc;0,31;;0;0;0;0;0;0;0;upm9HWLUD;4260557421055;0
it_CrossSellReRank_Vegavero (Marketplace Seller)_VEGAVERO Vitamina D3 + K2;649091298;3.6.2026;cpc;1,11;;2;0;0;0;0;0;0;upm7FHKKZ;4260557421437;0
at_CrossSellReRank_Vegavero (Marketplace Seller)_VEGAVERO Vegan Essentials Complex;658280060;3.6.2026;cpc;0,31;;1;0;0;0;0;0;0;upmHHT433;4260557421390;0
at_MarketplaceBooster_Vegavero (Marketplace Seller)_VEGAVERO Curcuma BIO;626440031;3.6.2026;cpc;0,51;;0;0;0;0;0;0;0;upm27X4XW;4260557422878;0
it_CrossSellReRank_Vegavero (Marketplace Seller)_VEGAVERO Aceto di Sidro di Mele;649154266;3.6.2026;cpc;0,31;;1;0;0;0;0;0;0;upmF2EYPK;4260557423172;0
com_MarketplaceBooster_Vegavero (Marketplace Seller)_VEGAVERO Reishi BIO;619660798;3.6.2026;cpc;0,51;;0;0;0;0;0;0;0;upmZRC9TD;4260557420706;0
it_MarketplaceBooster_Vegavero (Marketplace Seller)_VEGAVERO Creatina in Polvere;658331593;3.6.2026;cpc;0,51;;0;0;0;0;0;0;0;upmFRZEFX;4260557423226;0
com_MarketplaceBooster_Vegavero (Marketplace Seller)_VEGAVERO Moringa BIO;628844146;3.6.2026;cpc;1,31;;0;0;0;0;0;0;0;14250893;4260309481115;0
it_CrossSellReRank_Vegavero (Marketplace Seller)_VEGAVERO Mirtillo Nero + Corteccia di Pino BIO\,;649102105;3.6.2026;cpc;0,31;;1;0;0;0;0;0;0;upm2LFWC7;4260557422076;0
com_MarketplaceBooster_Vegavero (Marketplace Seller)_VEGAVERO Saccharomyces boulardii;619717397;3.6.2026;cpc;0,61;;0;0;0;0;0;0;0;upmWDER3T;4260557421949;0
at_MarketplaceBooster_Vegavero (Marketplace Seller)_VEGAVERO Folat;620605315;3.6.2026;cpc;0,51;;0;0;0;0;0;0;0;upmZR3PP7;4260557422496;0
it_MarketplaceBooster_Vegavero (Marketplace Seller)_VEGAVERO Lecitina BIO;626459035;3.6.2026;cpc;0,51;;0;0;0;0;0;0;0;upm2HFKPC;4260557422021;0
at_CrossSellReRank_Vegavero (Marketplace Seller)_VEGAVERO Cholin Trio;658280068;3.6.2026;cpc;0,31;;1;0;0;0;0;0;0;upm97PFY9;4260557421826;0
at_MarketplaceBooster_Vegavero (Marketplace Seller)_VEGAVERO Glucosamin Plus;658295895;3.6.2026;cpc;0,51;;0;0;0;0;0;0;0;upmKWW3MD;4260557423349;0
it_CrossSellReRank_Vegavero (Marketplace Seller)_VEGAVERO Multivitamino Spray per Bambini;649081621;3.6.2026;cpc;0,31;;2;0;0;0;0;0;0;upm9ZTF3H;4260557421178;0
com_MarketplaceBooster_Vegavero (Marketplace Seller)_VEGAVERO Beifu? Extrakt;658295464;3.6.2026;cpc;0,61;;0;0;0;0;0;0;0;upmWMGCRY;4260557422090;0
com_CrossSellReRank_Vegavero (Marketplace Seller)_VEGAVERO Cordyceps sinensis BIO;658295815;3.6.2026;cpc;0,31;;0;0;0;0;0;0;0;upmTG77MW;4260557422991;0
at_MarketplaceBooster_Vegavero (Marketplace Seller)_VEGAVERO EAA Pulver Pfirsich;658445040;3.6.2026;cpc;1,01;;0;0;0;0;0;0;0;upmP94YR7;4260557423530;0
at_MarketplaceBooster_Vegavero (Marketplace Seller)_VEGAVERO Vitamin K2;658295902;3.6.2026;cpc;0,51;;0;0;0;0;0;0;0;upmFYFHAU;4260557423424;0
at_CrossSellReRank_Vegavero (Marketplace Seller)_VEGAVERO Serenity;658280179;3.6.2026;cpc;0,31;;0;0;0;0;0;0;0;upmZFGPHR;4260557422830;0
at_MarketplaceBooster_Vegavero (Marketplace Seller)_VEGAVERO Liver Active Complex;625768092;3.6.2026;cpc;0,51;;0;0;0;0;0;0;0;14250812;4260557420188;0
at_CrossSellReRank_Vegavero (Marketplace Seller)_VEGAVERO Brewers Yeast;658347644;3.6.2026;cpc;0,31;;0;0;0;0;0;0;0;upmKUKGHH;4260557423332;0
it_MarketplaceBooster_Vegavero (Marketplace Seller)_VEGAVERO Acido Ialuronico;626451040;3.6.2026;cpc;0,51;;0;0;0;0;0;0;0;upmKMAH3F;4260557420539;0
it_MarketplaceBooster_Vegavero (Marketplace Seller)_VEGAVERO Keto Power;658295962;3.6.2026;cpc;0,51;;0;0;0;0;0;0;0;upmP77L3M;4260557423288;0
at_MarketplaceBooster_Vegavero (Marketplace Seller)_VEGAVERO Nachtkerzen ?l;658283038;3.6.2026;cpc;1,01;;0;0;0;0;0;0;0;upm7DM474;4260557423448;0
com_CrossSellReRank_Vegavero (Marketplace Seller)_VEGAVERO Vision Care Complex;658347575;3.6.2026;cpc;0,31;;3;0;0;0;0;0;0;upmWRPTR4;4260557420867;0
at_MarketplaceBooster_Vegavero (Marketplace Seller)_VEGAVERO Natural Silicium BIO;658280117;3.6.2026;cpc;1,01;;0;0;0;0;0;0;0;upmCAPY7U;4260557422328;0
it_CrossSellReRank_Vegavero (Marketplace Seller)_VEGAVERO Citrullina in Polvere;658381381;3.6.2026;cpc;0,61;;4;0;0;0;0;0;0;upm7K39U2;4260557423493;0
com_MarketplaceBooster_Vegavero (Marketplace Seller)_VEGAVERO Ackerschachtelhalm BIO;653634560;3.6.2026;cpc;0,51;;0;0;0;0;0;0;0;upmDKAWH3;4260557421307;0
it_CrossSellReRank_Vegavero (Marketplace Seller)_VEGAVERO Strong Bones;658296089;3.6.2026;cpc;0,31;;7;0;0;0;0;0;0;upmAP9MLM;4260557423301;0
it_MarketplaceBooster_Vegavero (Marketplace Seller)_VEGAVERO Salvia BIO;641651421;3.6.2026;cpc;0,51;;0;0;0;0;0;0;0;upmMMLDZE;4260557420966;0
com_MarketplaceBooster_Vegavero (Marketplace Seller)_VEGAVERO Bergamotte Extrakt;620528574;3.6.2026;cpc;0,51;;0;0;0;0;0;0;0;upmRKUZYE;4260557422557;0
at_MarketplaceBooster_Vegavero (Marketplace Seller)_VEGAVERO Glucomannan BIO;658347634;3.6.2026;cpc;0,51;;0;0;0;0;0;0;0;upmLXEUT7;4260557423240;0