campaign;campaignId;date;Success Metric Type;Success Metric Value;conversions;unfilteredImpressions;clicks;ctr;cvr (clicks);budgetSpend;gmv;roas;productId;ean;cpc
it_CrossSellReRank_Vegavero (Marketplace Seller)_VEGAVERO Mushroom Mix Complex;649102044;1.5.2026;cpc;0,31;;335;0;0;0;0;0;0;upm4XDXPR;4260557422045;0
it_CrossSellReRank_Vegavero (Marketplace Seller)_VEGAVERO Ashwagandha BIO;649076814;1.5.2026;cpc;0,31;;228;1;0,555556;0;0,31;0;0;upmUPLLZH;4260557420676;0,31
it_MarketplaceBooster_Vegavero (Marketplace Seller)_VEGAVERO Omega 3;626451248;1.5.2026;cpc;0,81;1;174;7;4,022989;14,285714;5,67;25,9;456,790123;upm9KDWAZ;4260557421383;0,81
it_CrossSellReRank_Vegavero (Marketplace Seller)_VEGAVERO Astaxantina BIO;649155147;1.5.2026;cpc;0,61;;156;0;0;0;0;0;0;upm7GZX42;4260557423165;0
it_MarketplaceBooster_Vegavero (Marketplace Seller)_VEGAVERO Magnesio Complex;620566101;1.5.2026;cpc;0,51;;134;4;2,985075;0;2,04;0;0;upmUZUHTT;4260557421888;0,51
it_CrossSellReRank_Vegavero (Marketplace Seller)_VEGAVERO Omega 3;658752940;1.5.2026;cpc;0,81;;182;1;0,78125;0;0,81;0;0;upm9KDWAZ;4260557421383;0,81
SOLD_OUT_at_MarketplaceBooster_Vegavero (Marketplace Seller)_VEGAVERO Vegan Collagen+Hyaluronic Acid;658347622;1.5.2026;cpc;1,41;;115;1;0,869565;0;1,41;0;0;upmK3CG99;4260557422656;1,41
at_CrossSellReRank_Vegavero (Marketplace Seller)_VEGAVERO Beta Carotin;643057199;1.5.2026;cpc;0,31;;134;1;0,925926;0;0,31;0;0;14250551;4260309484208;0,31
at_MarketplaceBooster_Vegavero (Marketplace Seller)_VEGAVERO Omega-3 ?l;625779008;1.5.2026;cpc;1,71;;102;1;0,990099;0;1,71;0;0;upm9KDWAZ;4260557421383;1,71
at_MarketplaceBooster_Vegavero (Marketplace Seller)_VEGAVERO Elektrolyte Plus;620596596;1.5.2026;cpc;0,51;;78;2;2,564103;0;1,02;0;0;upmD23XCL;4260557422823;0,51
com_MarketplaceBooster_Vegavero (Marketplace Seller)_VEGAVERO Sun Care Complex;620501459;1.5.2026;cpc;0,51;;78;1;1,282051;0;0,51;0;0;upm7C9XR2;4260557420836;0,51
at_CrossSellReRank_Vegavero (Marketplace Seller)_VEGAVERO Female Balance Complex;658280004;1.5.2026;cpc;0,91;;99;1;1,369863;0;0,91;0;0;upmUX2FW3;4260557420638;0,91
at_CrossSellReRank_Vegavero (Marketplace Seller)_VEGAVERO Eisen Bisglycinat;643050566;1.5.2026;cpc;0,31;;101;0;0;0;0;0;0;14250692;4260309483065;0
it_CrossSellReRank_Vegavero (Marketplace Seller)_VEGAVERO Female Balance Complex;658381499;1.5.2026;cpc;0,31;;109;0;0;0;0;0;0;upmUX2FW3;4260557420638;0
at_CrossSellReRank_Vegavero (Marketplace Seller)_VEGAVERO Schwarzk?mmel?l BIO;658280057;1.5.2026;cpc;0,61;;86;0;0;0;0;0;0;upmEUZ9F7;4260557421376;0
it_MarketplaceBooster_Vegavero (Marketplace Seller)_VEGAVERO Olio di Semi di Chia;641627926;1.5.2026;cpc;0,51;;69;2;2,898551;0;1,02;0;0;upmK7YWLD;4260557422649;0,51
SOLD_OUT_com_MarketplaceBooster_Vegavero (Marketplace Seller)_VEGAVERO Beta Carotin Plus ?l;620501456;1.5.2026;cpc;0,51;;69;3;4,347826;0;1,53;0;0;upmGPMUEM;4260557422427;0,51
at_MarketplaceBooster_Vegavero (Marketplace Seller)_VEGAVERO Vitamin D3 und K2 ?l;658280064;1.5.2026;cpc;1,31;;67;5;7,462687;0;6,55;0;0;upm7FHKKZ;4260557421437;1,31
it_CrossSellReRank_Vegavero (Marketplace Seller)_VEGAVERO Venaflux Complex;649103716;1.5.2026;cpc;0,31;;88;0;0;0;0;0;0;upmKY422A;4260557422212;0
it_CrossSellReRank_Vegavero (Marketplace Seller)_VEGAVERO Prosta-X;658381379;1.5.2026;cpc;0,61;;85;0;0;0;0;0;0;upmKYYZM4;4260557423486;0
it_MarketplaceBooster_Vegavero (Marketplace Seller)_VEGAVERO Ferro;658331730;1.5.2026;cpc;0,51;;64;1;1,5625;0;0,51;0;0;14250692;4260309483065;0,51
com_MarketplaceBooster_Vegavero (Marketplace Seller)_VEGAVERO Female Balance Complex;629496626;1.5.2026;cpc;1,21;1;62;2;3,225806;50;2,42;27,9;1152,892562;upmUX2FW3;4260557420638;1,21
com_MarketplaceBooster_Vegavero (Marketplace Seller)_VEGAVERO Drenaflux Complex;629500801;1.5.2026;cpc;1,01;;62;4;6,451613;0;4,04;0;0;upm2XGYDU;4260557422489;1,01
it_CrossSellReRank_Vegavero (Marketplace Seller)_VEGAVERO Astaxantina;649092862;1.5.2026;cpc;0,41;;75;0;0;0;0;0;0;upmYPTY2W;4260557421925;0
SOLD_OUT_it_CrossSellReRank_Vegavero (Marketplace Seller)_VEGAVERO L-Tirosina Plus;649143283;1.5.2026;cpc;0,31;;83;0;0;0;0;0;0;upm2FC2LC;4260557422885;0
it_CrossSellReRank_Vegavero (Marketplace Seller)_VEGAVERO Vitamina B12 Spray;658334267;1.5.2026;cpc;0,31;;71;1;1,639344;0;0,31;0;0;14251102;4260557420027;0,31
at_CrossSellReRank_Vegavero (Marketplace Seller)_VEGAVERO Elektrolyte Plus;658280160;1.5.2026;cpc;0,31;;65;1;1,694915;0;0,31;0;0;upmD23XCL;4260557422823;0,31
SOLD_OUT_it_MarketplaceBooster_Vegavero (Marketplace Seller)_VEGAVERO L-Tirosina Plus;649142984;1.5.2026;cpc;0,51;;57;2;3,508772;0;1,02;0;0;upm2FC2LC;4260557422885;0,51
SOLD_OUT_it_CrossSellReRank_Vegavero (Marketplace Seller)_VEGAVERO Betacarotene Plus;649106236;1.5.2026;cpc;0,31;;68;0;0;0;0;0;0;upmGPMUEM;4260557422427;0
com_CrossSellReRank_Vegavero (Marketplace Seller)_VEGAVERO Drenaflux Complex;643094174;1.5.2026;cpc;0,31;;61;0;0;0;0;0;0;upm2XGYDU;4260557422489;0
SOLD_OUT_at_MarketplaceBooster_Vegavero (Marketplace Seller)_VEGAVERO Beta Carotin Plus ?l;620605197;1.5.2026;cpc;0,51;;56;3;5,454545;0;1,53;0;0;upmGPMUEM;4260557422427;0,51
it_CrossSellReRank_Vegavero (Marketplace Seller)_VEGAVERO Glicina in Polvere;658296353;1.5.2026;cpc;0,31;;76;0;0;0;0;0;0;upmTGWG29;4260557423479;0
com_CrossSellReRank_Vegavero (Marketplace Seller)_VEGAVERO Rhodiola rosea Extrakt;643082833;1.5.2026;cpc;0,31;;60;2;3,703704;0;0,62;0;0;14251036;4260557420102;0,31
it_MarketplaceBooster_Vegavero (Marketplace Seller)_VEGAVERO Glucosamin Complex;620567054;1.5.2026;cpc;0,51;;53;1;1,886792;0;0,51;0;0;upmTYL3Y7;4260557420737;0,51
at_MarketplaceBooster_Vegavero (Marketplace Seller)_VEGAVERO Myo-Inositol Complex;625786532;1.5.2026;cpc;1,01;;58;4;7,54717;0;4,04;0;0;upm7PGM77;4260557421765;1,01
at_MarketplaceBooster_Vegavero (Marketplace Seller)_VEGAVERO Leinsamen?l BIO;658280092;1.5.2026;cpc;0,51;;52;0;0;0;0;0;0;upmKU4FAU;4260557422038;0
it_CrossSellReRank_Vegavero (Marketplace Seller)_VEGAVERO Light Legs Complex;658381503;1.5.2026;cpc;0,31;;69;0;0;0;0;0;0;upmD7EWMP;4260557420454;0
it_MarketplaceBooster_Vegavero (Marketplace Seller)_VEGAVERO Vitamina B12 Spray;658334266;1.5.2026;cpc;0,51;;50;0;0;0;0;0;0;14251102;4260557420027;0
SOLD_OUT_it_MarketplaceBooster_Vegavero (Marketplace Seller)_VEGAVERO Collagene Vegano + Acido Ialuronico;658334348;1.5.2026;cpc;1,21;;48;0;0;0;0;0;0;upmK3CG99;4260557422656;0
it_MarketplaceBooster_Vegavero (Marketplace Seller)_VEGAVERO Vitamina D3 + K2;649145075;1.5.2026;cpc;0,91;;48;0;0;0;0;0;0;upmKAXT9Y;4260557422915;0
SOLD_OUT_com_MarketplaceBooster_Vegavero (Marketplace Seller)_VEGAVERO Vegan Collagen+Hyaluronic Acid;620530762;1.5.2026;cpc;1,51;;47;0;0;0;0;0;0;upmK3CG99;4260557422656;0
com_MarketplaceBooster_Vegavero (Marketplace Seller)_VEGAVERO Multivitamin Spray Junior;649171519;1.5.2026;cpc;0,51;;47;0;0;0;0;0;0;upm9ZTF3H;4260557421178;0
at_CrossSellReRank_Vegavero (Marketplace Seller)_VEGAVERO Lecithin BIO;658280090;1.5.2026;cpc;0,71;;58;0;0;0;0;0;0;upm2HFKPC;4260557422021;0
com_MarketplaceBooster_Vegavero (Marketplace Seller)_VEGAVERO Magnesium Bisglycinat;617842637;1.5.2026;cpc;2,11;;47;3;6,382979;0;6,33;0;0;upmX4LT4H;4260557423257;2,11
it_CrossSellReRank_Vegavero (Marketplace Seller)_VEGAVERO Cysti-Aid Complex;649102998;1.5.2026;cpc;0,31;;64;1;2,173913;0;0,31;0;0;upmTZFCGA;4260557422199;0,31
it_MarketplaceBooster_Vegavero (Marketplace Seller)_VEGAVERO Bromelina;620571075;1.5.2026;cpc;0,51;;46;0;0;0;0;0;0;upm43HM34;4260557421130;0
at_MarketplaceBooster_Vegavero (Marketplace Seller)_VEGAVERO Prostaid Complex;658727261;1.5.2026;cpc;1,31;;50;1;2,173913;0;1,31;0;0;upmCEE43U;4260557420515;1,31
at_MarketplaceBooster_Vegavero (Marketplace Seller)_VEGAVERO Vitamin D3+K2 Tropfen;626442372;1.5.2026;cpc;1,51;;46;0;0;0;0;0;0;upmKAXT9Y;4260557422915;0
it_MarketplaceBooster_Vegavero (Marketplace Seller)_VEGAVERO Vitamina D3 + K2;641650859;1.5.2026;cpc;1,21;;45;2;4,444444;0;2,42;0;0;upm7FHKKZ;4260557421437;1,21
at_CrossSellReRank_Vegavero (Marketplace Seller)_VEGAVERO Vitamin D3+K2 Tropfen;658280177;1.5.2026;cpc;1,41;;56;0;0;0;0;0;0;upmKAXT9Y;4260557422915;0
com_MarketplaceBooster_Vegavero (Marketplace Seller)_VEGAVERO Schwarzk?mmel?l BIO;658295946;1.5.2026;cpc;0,91;;44;3;6,818182;0;2,73;0;0;upmEUZ9F7;4260557421376;0,91
it_CrossSellReRank_Vegavero (Marketplace Seller)_VEGAVERO Cordyceps;658334303;1.5.2026;cpc;0,31;;51;1;2,272727;0;0,31;0;0;14250611;4260309483218;0,31
com_MarketplaceBooster_Vegavero (Marketplace Seller)_VEGAVERO Myo-Inositol Complex;658295457;1.5.2026;cpc;1,71;;44;0;0;0;0;0;0;upm7PGM77;4260557421765;0
at_CrossSellReRank_Vegavero (Marketplace Seller)_VEGAVERO Vitamin B3 (Nicotinamid);658280014;1.5.2026;cpc;0,51;;107;0;0;0;0;0;0;upmUEXHE2;4260557420850;0
com_MarketplaceBooster_Vegavero (Marketplace Seller)_VEGAVERO Beta Carotin;620501440;1.5.2026;cpc;1,01;;44;2;4,545455;0;2,02;0;0;14250551;4260309484208;1,01
com_MarketplaceBooster_Vegavero (Marketplace Seller)_VEGAVERO Omega-3 ?l;620545279;1.5.2026;cpc;1,71;;43;2;4,651163;0;3,42;0;0;upm9KDWAZ;4260557421383;1,71
it_CrossSellReRank_Vegavero (Marketplace Seller)_VEGAVERO Maca Nera Plus;649149549;1.5.2026;cpc;0,81;;61;0;0;0;0;0;0;upmG4PKUG;4260557423042;0
it_MarketplaceBooster_Vegavero (Marketplace Seller)_VEGAVERO Artiglio del Diavolo Plus;620572756;1.5.2026;cpc;0,51;;42;0;0;0;0;0;0;upmD3U322;4260557421192;0
SOLD_OUT_it_CrossSellReRank_Vegavero (Marketplace Seller)_VEGAVERO Collagene Vegano + Acido Ialuronico;658334350;1.5.2026;cpc;0,81;;64;0;0;0;0;0;0;upmK3CG99;4260557422656;0
at_MarketplaceBooster_Vegavero (Marketplace Seller)_VEGAVERO Beta Carotin;620605193;1.5.2026;cpc;1,01;;42;3;7,317073;0;3,03;0;0;14250551;4260309484208;1,01
com_MarketplaceBooster_Vegavero (Marketplace Seller)_VEGAVERO Papaya BIO;620527447;1.5.2026;cpc;0,51;;40;0;0;0;0;0;0;upm9HWLUD;4260557421055;0
SOLD_OUT_it_MarketplaceBooster_Vegavero (Marketplace Seller)_VEGAVERO Betacarotene Plus;641622772;1.5.2026;cpc;0,51;;40;1;2,5;0;0,51;0;0;upmGPMUEM;4260557422427;0,51
at_MarketplaceBooster_Vegavero (Marketplace Seller)_VEGAVERO Vegan Essentials Complex;620605288;1.5.2026;cpc;0,51;;39;1;2,564103;0;0,51;0;0;upmHHT433;4260557421390;0,51
it_CrossSellReRank_Vegavero (Marketplace Seller)_VEGAVERO Magnesio Complex;649091773;1.5.2026;cpc;0,31;;69;0;0;0;0;0;0;upmUZUHTT;4260557421888;0
at_MarketplaceBooster_Vegavero (Marketplace Seller)_VEGAVERO Liver Active Complex;625768092;1.5.2026;cpc;0,51;;39;0;0;0;0;0;0;14250812;4260557420188;0
com_MarketplaceBooster_Vegavero (Marketplace Seller)_VEGAVERO Teufelskralle Plus;619697372;1.5.2026;cpc;0,51;;38;1;2,631579;0;0,51;0;0;upmD3U322;4260557421192;0,51
com_MarketplaceBooster_Vegavero (Marketplace Seller)_VEGAVERO BIO Astaxanthin ?l;618496738;1.5.2026;cpc;1,41;;38;2;5,263158;0;2,82;0;0;upm7GZX42;4260557423165;1,41
com_MarketplaceBooster_Vegavero (Marketplace Seller)_VEGAVERO Vitamin D3 und K2 ?l;652853552;1.5.2026;cpc;1,31;;38;0;0;0;0;0;0;upm7FHKKZ;4260557421437;0
it_MarketplaceBooster_Vegavero (Marketplace Seller)_VEGAVERO Light Legs Complex;658381501;1.5.2026;cpc;0,51;;38;2;5,263158;0;1,02;0;0;upmD7EWMP;4260557420454;0,51
SOLD_OUT_com_MarketplaceBooster_Vegavero (Marketplace Seller)_VEGAVERO Taurin Plus;620551671;1.5.2026;cpc;0,51;;38;1;2,631579;0;0,51;0;0;upmXXW9XA;4260557423059;0,51
SOLD_OUT_it_MarketplaceBooster_Vegavero (Marketplace Seller)_VEGAVERO Vitamina B12 gocce;641629767;1.5.2026;cpc;0,51;;38;0;0;0;0;0;0;upmYRCT9P;4260557422908;0
com_CrossSellReRank_Vegavero (Marketplace Seller)_VEGAVERO Lecithin BIO;643093526;1.5.2026;cpc;0,61;;46;0;0;0;0;0;0;upm2HFKPC;4260557422021;0
it_MarketplaceBooster_Vegavero (Marketplace Seller)_VEGAVERO Vitamina D3 + K2;641650857;1.5.2026;cpc;0,51;;37;1;2,702703;0;0,51;0;0;upmKAXT9Y;4260557422915;0,51
com_MarketplaceBooster_Vegavero (Marketplace Seller)_VEGAVERO Vitamin B12 Spray Junior;619721771;1.5.2026;cpc;0,51;;36;0;0;0;0;0;0;upm3RXHUC;4260557422229;0
com_MarketplaceBooster_Vegavero (Marketplace Seller)_VEGAVERO Vitamin D3+K2 Tropfen;620538813;1.5.2026;cpc;1,51;;36;1;2,777778;0;1,51;0;0;upmKAXT9Y;4260557422915;1,51
it_MarketplaceBooster_Vegavero (Marketplace Seller)_VEGAVERO Prosta-X;658381378;1.5.2026;cpc;1,01;;36;6;16,666667;0;6,06;0;0;upmKYYZM4;4260557423486;1,01
at_MarketplaceBooster_Vegavero (Marketplace Seller)_VEGAVERO L-Tryptophan;625767437;1.5.2026;cpc;0,51;;51;1;2,777778;0;0,51;0;0;14250841;4260309481108;0,51
at_MarketplaceBooster_Vegavero (Marketplace Seller)_VEGAVERO Multivitamin Spray Junior;625777201;1.5.2026;cpc;0,51;;36;2;5,555556;0;1,02;0;0;upm9ZTF3H;4260557421178;0,51
at_MarketplaceBooster_Vegavero (Marketplace Seller)_VEGAVERO Schwarzk?mmel?l BIO;625778996;1.5.2026;cpc;0,81;;35;1;2,857143;0;0,81;0;0;upmEUZ9F7;4260557421376;0,81
it_MarketplaceBooster_Vegavero (Marketplace Seller)_VEGAVERO Igname Selvatico +  Zinco;658353187;1.5.2026;cpc;0,51;;35;0;0;0;0;0;0;14251183;4260309481672;0
it_CrossSellReRank_Vegavero (Marketplace Seller)_VEGAVERO Cardo Mariano;658352468;1.5.2026;cpc;0,31;;56;0;0;0;0;0;0;upmGMGWYP;4260309481979;0
com_MarketplaceBooster_Vegavero (Marketplace Seller)_VEGAVERO Natural Jod BIO;619661620;1.5.2026;cpc;0,51;;35;0;0;0;0;0;0;14250769;4260557420256;0
it_MarketplaceBooster_Vegavero (Marketplace Seller)_VEGAVERO Betacarotene;653864224;1.5.2026;cpc;0,51;;35;1;2,857143;0;0,51;0;0;14250551;4260309484208;0,51
at_MarketplaceBooster_Vegavero (Marketplace Seller)_VEGAVERO Oregano ?l BIO;658280076;1.5.2026;cpc;0,51;;36;0;0;0;0;0;0;upmYCXAL7;4260557421932;0
com_MarketplaceBooster_Vegavero (Marketplace Seller)_VEGAVERO Rhodiola rosea Extrakt;619660946;1.5.2026;cpc;1,01;;34;1;2,941176;0;1,01;0;0;14251036;4260557420102;1,01
it_CrossSellReRank_Vegavero (Marketplace Seller)_VEGAVERO Magnesio Bisglicinato;649159286;1.5.2026;cpc;1,31;;51;1;3,030303;0;1,31;0;0;upmX4LT4H;4260557423257;1,31
at_CrossSellReRank_Vegavero (Marketplace Seller)_VEGAVERO Teufelskralle Plus;658280050;1.5.2026;cpc;0,31;;49;1;3,030303;0;0,31;0;0;upmD3U322;4260557421192;0,31
it_CrossSellReRank_Vegavero (Marketplace Seller)_VEGAVERO Moringa BIO;658388299;1.5.2026;cpc;0,31;;56;1;3,030303;0;0,31;0;0;14250893;4260309481115;0,31
it_MarketplaceBooster_Vegavero (Marketplace Seller)_VEGAVERO Quercetina Complex;658381383;1.5.2026;cpc;0,51;;32;2;6,25;0;1,02;0;0;upmF2AFXC;4260557423509;0,51
com_MarketplaceBooster_Vegavero (Marketplace Seller)_VEGAVERO Liver Active Complex;619661159;1.5.2026;cpc;0,51;;32;0;0;0;0;0;0;14250812;4260557420188;0
it_MarketplaceBooster_Vegavero (Marketplace Seller)_VEGAVERO Sun Care Complex;649077191;1.5.2026;cpc;0,51;;32;0;0;0;0;0;0;upm7C9XR2;4260557420836;0
it_CrossSellReRank_Vegavero (Marketplace Seller)_VEGAVERO Betacarotene;653866107;1.5.2026;cpc;0,31;;52;0;0;0;0;0;0;14250551;4260309484208;0
SOLD_OUT_at_CrossSellReRank_Vegavero (Marketplace Seller)_VEGAVERO L-Tyrosin Plus;658280164;1.5.2026;cpc;0,31;;44;0;0;0;0;0;0;upm2FC2LC;4260557422885;0
at_MarketplaceBooster_Vegavero (Marketplace Seller)_VEGAVERO Papaya BIO;658295837;1.5.2026;cpc;0,51;;31;0;0;0;0;0;0;upm9HWLUD;4260557421055;0
com_MarketplaceBooster_Vegavero (Marketplace Seller)_VEGAVERO Mariendistel Plus;652868156;1.5.2026;cpc;1,01;;31;0;0;0;0;0;0;upmR9H2HU;4260557422892;0
it_CrossSellReRank_Vegavero (Marketplace Seller)_VEGAVERO Vitamina D3 + K2;649145192;1.5.2026;cpc;1,11;;47;0;0;0;0;0;0;upmKAXT9Y;4260557422915;0
it_MarketplaceBooster_Vegavero (Marketplace Seller)_VEGAVERO Iodio naturale BIO;658445105;1.5.2026;cpc;1,01;;30;0;0;0;0;0;0;14250769;4260557420256;0
it_MarketplaceBooster_Vegavero (Marketplace Seller)_VEGAVERO Griffonia Plus;641628925;1.5.2026;cpc;0,51;;30;2;6,666667;0;1,02;0;0;upmHCULGA;4260557422755;0,51
at_MarketplaceBooster_Vegavero (Marketplace Seller)_VEGAVERO Griffonia Plus;658280152;1.5.2026;cpc;0,51;;30;0;0;0;0;0;0;upmHCULGA;4260557422755;0
at_CrossSellReRank_Vegavero (Marketplace Seller)_VEGAVERO Oregano ?l BIO;658280077;1.5.2026;cpc;0,31;1;42;1;3,333333;100;0,31;25,9;8354,83871;upmYCXAL7;4260557421932;0,31
com_CrossSellReRank_Vegavero (Marketplace Seller)_VEGAVERO Venaflux Complex;643093981;1.5.2026;cpc;1,41;;34;1;3,333333;0;1,41;0;0;upmKY422A;4260557422212;1,41
it_MarketplaceBooster_Vegavero (Marketplace Seller)_VEGAVERO Riso Rosso Plus;641644118;1.5.2026;cpc;0,51;;29;0;0;0;0;0;0;upmDFWTTT;4260557423110;0
SOLD_OUT_at_CrossSellReRank_Vegavero (Marketplace Seller)_VEGAVERO Vitamin B12 Tropfen;658280176;1.5.2026;cpc;0,31;;52;0;0;0;0;0;0;upmYRCT9P;4260557422908;0
SOLD_OUT_at_CrossSellReRank_Vegavero (Marketplace Seller)_VEGAVERO Pro Bio Kids BIO;658279986;1.5.2026;cpc;0,31;;31;0;0;0;0;0;0;14250953;4260557420249;0
at_MarketplaceBooster_Vegavero (Marketplace Seller)_VEGAVERO Knoblauch Plus;626438714;1.5.2026;cpc;0,51;;29;0;0;0;0;0;0;upm2WRLPU;4260557422632;0
at_CrossSellReRank_Vegavero (Marketplace Seller)_VEGAVERO Sun Care Complex;658280012;1.5.2026;cpc;0,31;;41;1;3,448276;0;0,31;0;0;upm7C9XR2;4260557420836;0,31
at_MarketplaceBooster_Vegavero (Marketplace Seller)_VEGAVERO Glucosamin Complex;620608017;1.5.2026;cpc;0,51;;28;0;0;0;0;0;0;upmTYL3Y7;4260557420737;0
at_MarketplaceBooster_Vegavero (Marketplace Seller)_VEGAVERO D-Mannose Complex;620609091;1.5.2026;cpc;0,51;;28;0;0;0;0;0;0;14250640;4260309482747;0
SOLD_OUT_it_MarketplaceBooster_Vegavero (Marketplace Seller)_VEGAVERO Tribulus Terrestris;658296415;1.5.2026;cpc;0,51;;28;0;0;0;0;0;0;14251088;4260309481313;0
com_CrossSellReRank_Vegavero (Marketplace Seller)_VEGAVERO Oregano ?l BIO;643093284;1.5.2026;cpc;0,51;;33;0;0;0;0;0;0;upmYCXAL7;4260557421932;0
it_CrossSellReRank_Vegavero (Marketplace Seller)_VEGAVERO Quercetina Complex;658381384;1.5.2026;cpc;0,31;;55;0;0;0;0;0;0;upmF2AFXC;4260557423509;0
com_MarketplaceBooster_Vegavero (Marketplace Seller)_VEGAVERO Cholin Trio;618496729;1.5.2026;cpc;1,01;;28;0;0;0;0;0;0;upm97PFY9;4260557421826;0
at_MarketplaceBooster_Vegavero (Marketplace Seller)_VEGAVERO Venaflux Complex;658280105;1.5.2026;cpc;1,61;;28;0;0;0;0;0;0;upmKY422A;4260557422212;0
SOLD_OUT_at_MarketplaceBooster_Vegavero (Marketplace Seller)_VEGAVERO Pro Bio Kids BIO;620610302;1.5.2026;cpc;0,51;;27;1;3,703704;0;0,51;0;0;14250953;4260557420249;0,51
it_CrossSellReRank_Vegavero (Marketplace Seller)_VEGAVERO Spirulina BIO +  Clorella BIO;658331804;1.5.2026;cpc;0,31;;31;0;0;0;0;0;0;14250597;4260309484185;0
it_CrossSellReRank_Vegavero (Marketplace Seller)_VEGAVERO Glicina in Polvere;658334363;1.5.2026;cpc;0,31;;45;1;3,703704;0;0,31;0;0;upmR9H4DE;4260557422595;0,31
it_CrossSellReRank_Vegavero (Marketplace Seller)_VEGAVERO Elettroliti Complex;649122256;1.5.2026;cpc;0,31;;42;0;0;0;0;0;0;upmD23XCL;4260557422823;0
it_MarketplaceBooster_Vegavero (Marketplace Seller)_VEGAVERO Cumino Nero BIO;658352477;1.5.2026;cpc;0,51;;26;0;0;0;0;0;0;upmEUZ9F7;4260557421376;0
com_MarketplaceBooster_Vegavero (Marketplace Seller)_VEGAVERO Vegan Essentials Complex;627592060;1.5.2026;cpc;0,51;;26;0;0;0;0;0;0;upmHHT433;4260557421390;0
at_MarketplaceBooster_Vegavero (Marketplace Seller)_VEGAVERO Glycin Pulver;658280142;1.5.2026;cpc;0,51;;26;0;0;0;0;0;0;upmR9H4DE;4260557422595;0
at_MarketplaceBooster_Vegavero (Marketplace Seller)_VEGAVERO Colon Care Complex;625767929;1.5.2026;cpc;0,51;;26;0;0;0;0;0;0;14250605;4260557420201;0
it_CrossSellReRank_Vegavero (Marketplace Seller)_VEGAVERO Enzima della Papaya;658445112;1.5.2026;cpc;0,31;;32;0;0;0;0;0;0;14250930;4260309482648;0
it_CrossSellReRank_Vegavero (Marketplace Seller)_VEGAVERO Riso Rosso Plus;649150541;1.5.2026;cpc;0,31;;34;0;0;0;0;0;0;upmDFWTTT;4260557423110;0
com_MarketplaceBooster_Vegavero (Marketplace Seller)_VEGAVERO MSM Pulver;620565741;1.5.2026;cpc;1,21;;25;0;0;0;0;0;0;upmWCKTTE;4260309481214;0
it_CrossSellReRank_Vegavero (Marketplace Seller)_VEGAVERO Reishi;658296413;1.5.2026;cpc;0,31;;39;0;0;0;0;0;0;14251013;4260309481665;0
it_MarketplaceBooster_Vegavero (Marketplace Seller)_VEGAVERO Ashwagandha BIO;620566536;1.5.2026;cpc;0,51;;25;2;8;0;1,02;0;0;upmUPLLZH;4260557420676;0,51
it_CrossSellReRank_Vegavero (Marketplace Seller)_VEGAVERO Glucosamin Complex;649076940;1.5.2026;cpc;0,31;;33;0;0;0;0;0;0;upmTYL3Y7;4260557420737;0
com_CrossSellReRank_Vegavero (Marketplace Seller)_VEGAVERO Female Balance Complex;643085982;1.5.2026;cpc;0,71;;27;0;0;0;0;0;0;upmUX2FW3;4260557420638;0
it_MarketplaceBooster_Vegavero (Marketplace Seller)_VEGAVERO Resveratrolo Plus;620567258;1.5.2026;cpc;0,51;;25;1;4;0;0,51;0;0;upmGDDD7G;4260557420805;0,51
com_MarketplaceBooster_Vegavero (Marketplace Seller)_VEGAVERO Vitamin B12 Spray Cherry;629516457;1.5.2026;cpc;0,51;;25;1;4;0;0,51;0;0;14251102;4260557420027;0,51
com_MarketplaceBooster_Vegavero (Marketplace Seller)_VEGAVERO Colon Care Complex;627014864;1.5.2026;cpc;0,51;;25;0;0;0;0;0;0;14250605;4260557420201;0
at_MarketplaceBooster_Vegavero (Marketplace Seller)_VEGAVERO Magnesium Bisglycinat;620592111;1.5.2026;cpc;1,71;;25;0;0;0;0;0;0;upmX4LT4H;4260557423257;0
at_MarketplaceBooster_Vegavero (Marketplace Seller)_VEGAVERO Light Legs Complex;658347596;1.5.2026;cpc;0,51;;25;0;0;0;0;0;0;upmD7EWMP;4260557420454;0
SOLD_OUT_com_MarketplaceBooster_Vegavero (Marketplace Seller)_VEGAVERO L-Tyrosin Plus;620537391;1.5.2026;cpc;1,61;;24;0;0;0;0;0;0;upm2FC2LC;4260557422885;0
com_MarketplaceBooster_Vegavero (Marketplace Seller)_VEGAVERO Eisen Bisglycinat;620565118;1.5.2026;cpc;0,51;;24;2;8,333333;0;1,02;0;0;14250692;4260309483065;0,51
it_CrossSellReRank_Vegavero (Marketplace Seller)_VEGAVERO Rhodiola Rosea;658445094;1.5.2026;cpc;0,31;;36;3;12,5;0;0,93;0;0;14251036;4260557420102;0,31
com_CrossSellReRank_Vegavero (Marketplace Seller)_VEGAVERO Rosskastanie Plus BIO;643090783;1.5.2026;cpc;0,41;;25;0;0;0;0;0;0;upmUR4ZK4;4260557421239;0
it_CrossSellReRank_Vegavero (Marketplace Seller)_VEGAVERO Ippocastano BIO Plus;649084572;1.5.2026;cpc;0,31;;32;0;0;0;0;0;0;upmUR4ZK4;4260557421239;0
at_MarketplaceBooster_Vegavero (Marketplace Seller)_VEGAVERO Teufelskralle Plus;620605271;1.5.2026;cpc;0,51;;24;1;4,166667;0;0,51;0;0;upmD3U322;4260557421192;0,51
com_CrossSellReRank_Vegavero (Marketplace Seller)_VEGAVERO Nachtkerzen ?l;658291480;1.5.2026;cpc;0,61;;32;1;4,166667;0;0,61;0;0;upm7DM474;4260557423448;0,61
at_CrossSellReRank_Vegavero (Marketplace Seller)_VEGAVERO Drenaflux Complex;658295889;1.5.2026;cpc;0,31;;29;0;0;0;0;0;0;upm2XGYDU;4260557422489;0
it_MarketplaceBooster_Vegavero (Marketplace Seller)_VEGAVERO Maca Nera Plus;641623120;1.5.2026;cpc;1,01;;23;2;8,695652;0;2,02;0;0;upmG4PKUG;4260557423042;1,01
it_CrossSellReRank_Vegavero (Marketplace Seller)_VEGAVERO Aglio Plus;649116897;1.5.2026;cpc;0,31;;31;0;0;0;0;0;0;upm2WRLPU;4260557422632;0
at_CrossSellReRank_Vegavero (Marketplace Seller)_VEGAVERO L-Tryptophan;658279974;1.5.2026;cpc;0,31;;32;0;0;0;0;0;0;14250841;4260309481108;0
SOLD_OUT_at_CrossSellReRank_Vegavero (Marketplace Seller)_VEGAVERO Beta Carotin Plus ?l;658280127;1.5.2026;cpc;0,31;;27;0;0;0;0;0;0;upmGPMUEM;4260557422427;0
com_CrossSellReRank_Vegavero (Marketplace Seller)_VEGAVERO K?rbiskern?l BIO;643093438;1.5.2026;cpc;0,31;;25;0;0;0;0;0;0;upmY7MX4C;4260557422014;0
com_CrossSellReRank_Vegavero (Marketplace Seller)_VEGAVERO Sun Care Complex;643089603;1.5.2026;cpc;0,31;;23;0;0;0;0;0;0;upm7C9XR2;4260557420836;0
com_MarketplaceBooster_Vegavero (Marketplace Seller)_VEGAVERO Leinsamen?l BIO;629497213;1.5.2026;cpc;0,51;;22;0;0;0;0;0;0;upmKU4FAU;4260557422038;0
at_CrossSellReRank_Vegavero (Marketplace Seller)_VEGAVERO Omega-3 ?l;658280058;1.5.2026;cpc;1,31;;26;1;4,545455;0;1,31;0;0;upm9KDWAZ;4260557421383;1,31
it_MarketplaceBooster_Vegavero (Marketplace Seller)_VEGAVERO Elettroliti Complex;641629249;1.5.2026;cpc;0,51;;22;1;4,545455;0;0,51;0;0;upmD23XCL;4260557422823;0,51
it_MarketplaceBooster_Vegavero (Marketplace Seller)_VEGAVERO Cardo Mariano Plus;641649766;1.5.2026;cpc;0,51;;22;0;0;0;0;0;0;upmR9H2HU;4260557422892;0
it_CrossSellReRank_Vegavero (Marketplace Seller)_VEGAVERO Magnesio + Potassio;649076465;1.5.2026;cpc;0,31;;39;0;0;0;0;0;0;upm32MART;4260557420287;0
at_CrossSellReRank_Vegavero (Marketplace Seller)_VEGAVERO Salbei BIO;658280032;1.5.2026;cpc;0,31;;25;1;4,761905;0;0,31;0;0;upmMMLDZE;4260557420966;0,31
it_CrossSellReRank_Vegavero (Marketplace Seller)_VEGAVERO Cardo Mariano Plus;649143954;1.5.2026;cpc;0,31;;28;1;4,761905;0;0,31;0;0;upmR9H2HU;4260557422892;0,31
at_CrossSellReRank_Vegavero (Marketplace Seller)_VEGAVERO Boswellia Extrakt;658280140;1.5.2026;cpc;0,31;;23;0;0;0;0;0;0;upmEH2K74;4260557422588;0
com_MarketplaceBooster_Vegavero (Marketplace Seller)_VEGAVERO OPC Trio;620554337;1.5.2026;cpc;0,51;;21;0;0;0;0;0;0;upmWFGGMG;4260557423097;0
com_MarketplaceBooster_Vegavero (Marketplace Seller)_VEGAVERO Keto Power;658283042;1.5.2026;cpc;0,51;;21;0;0;0;0;0;0;upmP77L3M;4260557423288;0
it_MarketplaceBooster_Vegavero (Marketplace Seller)_VEGAVERO Probiotici e Prebiotici BIO;658296369;1.5.2026;cpc;0,51;;21;0;0;0;0;0;0;14250976;4260557420034;0
at_MarketplaceBooster_Vegavero (Marketplace Seller)_VEGAVERO Vitamin B12 Spray Cherry;620611413;1.5.2026;cpc;0,51;;21;1;4,761905;0;0,51;0;0;14251102;4260557420027;0,51
at_CrossSellReRank_Vegavero (Marketplace Seller)_VEGAVERO Rhodiola rosea Extrakt;658279979;1.5.2026;cpc;0,31;;24;1;5;0;0,31;0;0;14251036;4260557420102;0,31
it_CrossSellReRank_Vegavero (Marketplace Seller)_VEGAVERO Griffonia;658296092;1.5.2026;cpc;0,31;;25;2;10;0;0,62;0;0;upmG7RZLC;4260557423318;0,31
it_CrossSellReRank_Vegavero (Marketplace Seller)_VEGAVERO Probiotici e Prebiotici BIO;658296371;1.5.2026;cpc;0,31;;30;0;0;0;0;0;0;14250976;4260557420034;0
SOLD_OUT_com_CrossSellReRank_Vegavero (Marketplace Seller)_VEGAVERO Beta Carotin Plus ?l;643094141;1.5.2026;cpc;0,31;;23;1;5;0;0,31;0;0;upmGPMUEM;4260557422427;0,31
com_CrossSellReRank_Vegavero (Marketplace Seller)_VEGAVERO Cholin Trio;643092529;1.5.2026;cpc;0,31;;21;0;0;0;0;0;0;upm97PFY9;4260557421826;0
it_CrossSellReRank_Vegavero (Marketplace Seller)_VEGAVERO Ginseng Rosso Coreano;649076431;1.5.2026;cpc;0,31;;33;0;0;0;0;0;0;upm2CZXC9;4260557420140;0
com_CrossSellReRank_Vegavero (Marketplace Seller)_VEGAVERO Bromelain 2500 GDU/g;658347577;1.5.2026;cpc;0,31;;22;0;0;0;0;0;0;upm43HM34;4260557421130;0
com_MarketplaceBooster_Vegavero (Marketplace Seller)_VEGAVERO MSM Pulver DOSE;619660893;1.5.2026;cpc;1,01;;19;0;0;0;0;0;0;upmTLUPGT;4260309483881;0
com_MarketplaceBooster_Vegavero (Marketplace Seller)_VEGAVERO Light Legs Complex;658347560;1.5.2026;cpc;1,01;;19;0;0;0;0;0;0;upmD7EWMP;4260557420454;0
com_MarketplaceBooster_Vegavero (Marketplace Seller)_VEGAVERO Venaflux Complex;629497502;1.5.2026;cpc;1,61;;19;0;0;0;0;0;0;upmKY422A;4260557422212;0
com_CrossSellReRank_Vegavero (Marketplace Seller)_VEGAVERO Beta Carotin;643079421;1.5.2026;cpc;0,31;;25;0;0;0;0;0;0;14250551;4260309484208;0
at_MarketplaceBooster_Vegavero (Marketplace Seller)_VEGAVERO Magnesium + Kalium;620594279;1.5.2026;cpc;0,51;;20;0;0;0;0;0;0;upm32MART;4260557420287;0
com_MarketplaceBooster_Vegavero (Marketplace Seller)_VEGAVERO Female Harmony Complex;629496627;1.5.2026;cpc;0,51;;19;1;5,263158;0;0,51;0;0;upmUFEEWW;4260557420300;0,51
at_MarketplaceBooster_Vegavero (Marketplace Seller)_VEGAVERO Wild Yams + Zink;625763764;1.5.2026;cpc;0,51;;19;0;0;0;0;0;0;14251183;4260309481672;0
SOLD_OUT_com_MarketplaceBooster_Vegavero (Marketplace Seller)_VEGAVERO Vitamin B12 Tropfen;619721768;1.5.2026;cpc;0,51;;19;0;0;0;0;0;0;upmYRCT9P;4260557422908;0
it_CrossSellReRank_Vegavero (Marketplace Seller)_VEGAVERO Myo-Inositol Complex;658353200;1.5.2026;cpc;0,61;;26;0;0;0;0;0;0;upm7PGM77;4260557421765;0
SOLD_OUT_at_MarketplaceBooster_Vegavero (Marketplace Seller)_VEGAVERO Taurin Plus;626442685;1.5.2026;cpc;0,51;;19;0;0;0;0;0;0;upmXXW9XA;4260557423059;0
it_CrossSellReRank_Vegavero (Marketplace Seller)_VEGAVERO Liver Active Complex;658445100;1.5.2026;cpc;0,31;;24;0;0;0;0;0;0;14250812;4260557420188;0
it_CrossSellReRank_Vegavero (Marketplace Seller)_VEGAVERO Origano BIO;649094039;1.5.2026;cpc;0,31;;30;0;0;0;0;0;0;upmYCXAL7;4260557421932;0
at_CrossSellReRank_Vegavero (Marketplace Seller)_VEGAVERO Wild Yams + Zink;658279949;1.5.2026;cpc;0,31;;20;0;0;0;0;0;0;14251183;4260309481672;0
at_MarketplaceBooster_Vegavero (Marketplace Seller)_VEGAVERO Rhodiola rosea Extrakt;620605153;1.5.2026;cpc;0,51;;18;0;0;0;0;0;0;14251036;4260557420102;0
it_CrossSellReRank_Vegavero (Marketplace Seller)_VEGAVERO D Mannosio Complex;658381392;1.5.2026;cpc;0,3;;27;0;0;0;0;0;0;14250640;4260309482747;0
at_CrossSellReRank_Vegavero (Marketplace Seller)_VEGAVERO Magnesium + Kalium;658279990;1.5.2026;cpc;0,31;;23;0;0;0;0;0;0;upm32MART;4260557420287;0
it_CrossSellReRank_Vegavero (Marketplace Seller)_VEGAVERO D Mannosio in Polvere;658352462;1.5.2026;cpc;0,31;;22;0;0;0;0;0;0;14250686;4260309481603;0
it_MarketplaceBooster_Vegavero (Marketplace Seller)_VEGAVERO Myo-Inositol Complex;658353199;1.5.2026;cpc;1,51;;17;1;5,882353;0;1,51;0;0;upm7PGM77;4260557421765;1,51
at_CrossSellReRank_Vegavero (Marketplace Seller)_VEGAVERO D-Mannose Complex;643049572;1.5.2026;cpc;0,31;;25;0;0;0;0;0;0;14250640;4260309482747;0
SOLD_OUT_it_CrossSellReRank_Vegavero (Marketplace Seller)_VEGAVERO Tribulus Terrestris;658296416;1.5.2026;cpc;0,31;;31;0;0;0;0;0;0;14251088;4260309481313;0
at_MarketplaceBooster_Vegavero (Marketplace Seller)_VEGAVERO Vision Care Complex;658347599;1.5.2026;cpc;0,51;;17;0;0;0;0;0;0;upmWRPTR4;4260557420867;0
it_CrossSellReRank_Vegavero (Marketplace Seller)_VEGAVERO Cannella Ceylon BIO;649115454;1.5.2026;cpc;0,31;;31;0;0;0;0;0;0;upmW9KKTG;4260557422618;0
com_CrossSellReRank_Vegavero (Marketplace Seller)_VEGAVERO MSM Pulver;643233340;1.5.2026;cpc;0,31;;19;0;0;0;0;0;0;upmWCKTTE;4260309481214;0
com_CrossSellReRank_Vegavero (Marketplace Seller)_VEGAVERO Brewers Yeast;658295768;1.5.2026;cpc;0,31;;18;0;0;0;0;0;0;upmKUKGHH;4260557423332;0
at_MarketplaceBooster_Vegavero (Marketplace Seller)_VEGAVERO Lecithin BIO;620605162;1.5.2026;cpc;0,81;;17;2;11,764706;0;1,62;0;0;upm2HFKPC;4260557422021;0,81
com_CrossSellReRank_Vegavero (Marketplace Seller)_VEGAVERO Party Hero;653854384;1.5.2026;cpc;0,31;;20;0;0;0;0;0;0;upmFACEA7;4260557423356;0
SOLD_OUT_com_MarketplaceBooster_Vegavero (Marketplace Seller)_VEGAVERO Pro Bio Kids BIO;618496726;1.5.2026;cpc;0,51;;17;0;0;0;0;0;0;14250953;4260557420249;0
it_MarketplaceBooster_Vegavero (Marketplace Seller)_VEGAVERO Venaflux Complex;649103715;1.5.2026;cpc;0,51;;16;3;18,75;0;1,53;0;0;upmKY422A;4260557422212;0,51
com_MarketplaceBooster_Vegavero (Marketplace Seller)_VEGAVERO Zimt Extrakt BIO;619661041;1.5.2026;cpc;0,51;;16;0;0;0;0;0;0;upmW9KKTG;4260557422618;0
it_CrossSellReRank_Vegavero (Marketplace Seller)_VEGAVERO Olio di Semi di Chia;649117677;1.5.2026;cpc;0,31;;36;0;0;0;0;0;0;upmK7YWLD;4260557422649;0
SOLD_OUT_at_CrossSellReRank_Vegavero (Marketplace Seller)_VEGAVERO Vegan Collagen+Hyaluronic Acid;658347624;1.5.2026;cpc;1,21;;23;0;0;0;0;0;0;upmK3CG99;4260557422656;0
it_MarketplaceBooster_Vegavero (Marketplace Seller)_VEGAVERO Mushroom Mix Complex;641622719;1.5.2026;cpc;0,51;;16;2;12,5;0;1,02;0;0;upm4XDXPR;4260557422045;0,51
it_CrossSellReRank_Vegavero (Marketplace Seller)_VEGAVERO EAA - Aminoacidi Essenziali;649077110;1.5.2026;cpc;1,11;;23;0;0;0;0;0;0;upmGMXXY9;4260557420744;0
at_CrossSellReRank_Vegavero (Marketplace Seller)_VEGAVERO Beifu? Extrakt;658280102;1.5.2026;cpc;0,41;;24;0;0;0;0;0;0;upmWMGCRY;4260557422090;0
SOLD_OUT_com_CrossSellReRank_Vegavero (Marketplace Seller)_VEGAVERO L-Tyrosin Plus;643130826;1.5.2026;cpc;1,01;;22;0;0;0;0;0;0;upm2FC2LC;4260557422885;0
com_CrossSellReRank_Vegavero (Marketplace Seller)_VEGAVERO Teufelskralle Plus;643090107;1.5.2026;cpc;0,31;;21;0;0;0;0;0;0;upmD3U322;4260557421192;0
it_MarketplaceBooster_Vegavero (Marketplace Seller)_VEGAVERO Astaxantina BIO;620574573;1.5.2026;cpc;0,71;;15;1;6,666667;0;0,71;0;0;upm7GZX42;4260557423165;0,71
it_CrossSellReRank_Vegavero (Marketplace Seller)_VEGAVERO Caffeina;649151028;1.5.2026;cpc;0,31;;23;0;0;0;0;0;0;upm4XZRWY;4260557423127;0
com_MarketplaceBooster_Vegavero (Marketplace Seller)_VEGAVERO Elektrolyte Plus;617842699;1.5.2026;cpc;0,51;;15;1;6,666667;0;0,51;0;0;upmD23XCL;4260557422823;0,51
it_MarketplaceBooster_Vegavero (Marketplace Seller)_VEGAVERO Moringa BIO;658388273;1.5.2026;cpc;0,71;;15;0;0;0;0;0;0;14250893;4260309481115;0
it_MarketplaceBooster_Vegavero (Marketplace Seller)_VEGAVERO Liver Active Complex;658445099;1.5.2026;cpc;1,01;;15;1;6,666667;0;1,01;0;0;14250812;4260557420188;1,01
SOLD_OUT_at_CrossSellReRank_Vegavero (Marketplace Seller)_VEGAVERO Taurin Plus;658282814;1.5.2026;cpc;0,31;;20;0;0;0;0;0;0;upmXXW9XA;4260557423059;0
com_MarketplaceBooster_Vegavero (Marketplace Seller)_VEGAVERO Lecithin BIO;652876638;1.5.2026;cpc;1,41;;15;1;6,666667;0;1,41;0;0;upm2HFKPC;4260557422021;1,41
at_CrossSellReRank_Vegavero (Marketplace Seller)_VEGAVERO Light Legs Complex;658347598;1.5.2026;cpc;0,31;;20;0;0;0;0;0;0;upmD7EWMP;4260557420454;0
at_MarketplaceBooster_Vegavero (Marketplace Seller)_VEGAVERO D-Mannose Pulver;620609056;1.5.2026;cpc;0,51;;15;1;6,666667;0;0,51;0;0;14250686;4260309481603;0,51
it_MarketplaceBooster_Vegavero (Marketplace Seller)_VEGAVERO Echinacea Plus;620565882;1.5.2026;cpc;1,01;;15;0;0;0;0;0;0;upmPHKX9F;4260557423141;0
com_MarketplaceBooster_Vegavero (Marketplace Seller)_VEGAVERO Moringa BIO;628844146;1.5.2026;cpc;1,31;;15;0;0;0;0;0;0;14250893;4260309481115;0
it_MarketplaceBooster_Vegavero (Marketplace Seller)_VEGAVERO Glucomammano BIO;641643679;1.5.2026;cpc;0,51;;15;0;0;0;0;0;0;upmLXEUT7;4260557423240;0
at_CrossSellReRank_Vegavero (Marketplace Seller)_VEGAVERO Ashwagandha BIO;658280005;1.5.2026;cpc;0,31;;20;0;0;0;0;0;0;upmUPLLZH;4260557420676;0
com_MarketplaceBooster_Vegavero (Marketplace Seller)_VEGAVERO L-Glutamin Pulver;620565039;1.5.2026;cpc;0,51;;15;1;6,666667;0;0,51;0;0;upmUPTFMH;4260557423233;0,51
com_MarketplaceBooster_Vegavero (Marketplace Seller)_VEGAVERO D-Mannose Pulver;619660673;1.5.2026;cpc;1,51;;14;0;0;0;0;0;0;14250686;4260309481603;0
com_MarketplaceBooster_Vegavero (Marketplace Seller)_VEGAVERO Knoblauch Plus;620530228;1.5.2026;cpc;0,51;;14;1;7,142857;0;0,51;0;0;upm2WRLPU;4260557422632;0,51
at_CrossSellReRank_Vegavero (Marketplace Seller)_VEGAVERO Glycin Pulver;658280144;1.5.2026;cpc;0,31;;18;0;0;0;0;0;0;upmR9H4DE;4260557422595;0
at_CrossSellReRank_Vegavero (Marketplace Seller)_VEGAVERO Glucosamin Complex;658280006;1.5.2026;cpc;0,31;;19;0;0;0;0;0;0;upmTYL3Y7;4260557420737;0
com_CrossSellReRank_Vegavero (Marketplace Seller)_VEGAVERO Beifu? Extrakt;643093976;1.5.2026;cpc;0,31;;16;0;0;0;0;0;0;upmWMGCRY;4260557422090;0
at_CrossSellReRank_Vegavero (Marketplace Seller)_VEGAVERO Natural Jod BIO;658279988;1.5.2026;cpc;0,31;;18;1;7,142857;0;0,31;0;0;14250769;4260557420256;0,31
at_CrossSellReRank_Vegavero (Marketplace Seller)_VEGAVERO Sugar Balance Complex;658280126;1.5.2026;cpc;0,31;;18;0;0;0;0;0;0;upmAD4HK4;4260557422403;0
it_CrossSellReRank_Vegavero (Marketplace Seller)_VEGAVERO Fieno Greco BIO;649146229;1.5.2026;cpc;0,31;;19;0;0;0;0;0;0;upm7AL3PG;4260557422977;0
it_MarketplaceBooster_Vegavero (Marketplace Seller)_VEGAVERO Ginseng Rosso Coreano;620566091;1.5.2026;cpc;0,51;;13;0;0;0;0;0;0;upm2CZXC9;4260557420140;0
at_MarketplaceBooster_Vegavero (Marketplace Seller)_VEGAVERO BIO Astaxanthin ?l;620605149;1.5.2026;cpc;1,01;;13;0;0;0;0;0;0;upm7GZX42;4260557423165;0
at_CrossSellReRank_Vegavero (Marketplace Seller)_VEGAVERO Venaflux Complex;658280106;1.5.2026;cpc;1,41;;15;0;0;0;0;0;0;upmKY422A;4260557422212;0
at_MarketplaceBooster_Vegavero (Marketplace Seller)_VEGAVERO Sun Care Complex;658280011;1.5.2026;cpc;0,51;1;13;2;15,384615;50;1,02;25,9;2539,215686;upm7C9XR2;4260557420836;0,51
at_CrossSellReRank_Vegavero (Marketplace Seller)_VEGAVERO Brennnessel BIO;658280036;1.5.2026;cpc;0,31;;13;0;0;0;0;0;0;upm9RX43T;4260557421031;0
it_CrossSellReRank_Vegavero (Marketplace Seller)_VEGAVERO Zenzero BIO;658353197;1.5.2026;cpc;0,31;;19;0;0;0;0;0;0;upmPX4TPU;4260557420386;0
at_MarketplaceBooster_Vegavero (Marketplace Seller)_VEGAVERO K?rbiskern?l BIO;620605158;1.5.2026;cpc;0,51;;13;0;0;0;0;0;0;upmY7MX4C;4260557422014;0
at_MarketplaceBooster_Vegavero (Marketplace Seller)_VEGAVERO OPC Trio;626443283;1.5.2026;cpc;0,51;;13;0;0;0;0;0;0;upmWFGGMG;4260557423097;0
at_MarketplaceBooster_Vegavero (Marketplace Seller)_VEGAVERO Roter Reis Plus;626443344;1.5.2026;cpc;0,51;;13;0;0;0;0;0;0;upmDFWTTT;4260557423110;0
at_MarketplaceBooster_Vegavero (Marketplace Seller)_VEGAVERO Vitamin B12 Spray Junior;625789014;1.5.2026;cpc;0,51;;13;0;0;0;0;0;0;upm3RXHUC;4260557422229;0
at_MarketplaceBooster_Vegavero (Marketplace Seller)_VEGAVERO Zimt-Ceylon Extrakt;625767691;1.5.2026;cpc;0,51;;15;1;7,692308;0;0,51;0;0;14251208;4260557420164;0,51
com_MarketplaceBooster_Vegavero (Marketplace Seller)_VEGAVERO Taurin Pulver;658347271;1.5.2026;cpc;1,51;;13;0;0;0;0;0;0;upmHULHZD;4260557423370;0
it_CrossSellReRank_Vegavero (Marketplace Seller)_VEGAVERO Vitamina B3 Nicotinamide;649112226;1.5.2026;cpc;0,31;;20;0;0;0;0;0;0;upmKKE3R2;4260557422526;0
com_MarketplaceBooster_Vegavero (Marketplace Seller)_VEGAVERO Astaxanthin ?l;619716956;1.5.2026;cpc;0,51;;13;0;0;0;0;0;0;upmYPTY2W;4260557421925;0
SOLD_OUT_it_MarketplaceBooster_Vegavero (Marketplace Seller)_VEGAVERO Guggul;641655761;1.5.2026;cpc;0,51;;13;0;0;0;0;0;0;upmT99EZK;4260557421123;0
it_MarketplaceBooster_Vegavero (Marketplace Seller)_VEGAVERO Aglio Plus;641627386;1.5.2026;cpc;0,51;;13;0;0;0;0;0;0;upm2WRLPU;4260557422632;0
it_CrossSellReRank_Vegavero (Marketplace Seller)_VEGAVERO L-Glutammina in Polvere;649158096;1.5.2026;cpc;0,31;;22;0;0;0;0;0;0;upmUPTFMH;4260557423233;0
com_CrossSellReRank_Vegavero (Marketplace Seller)_VEGAVERO Vitamin B3 (Nicotinamid);643089676;1.5.2026;cpc;0,51;;16;0;0;0;0;0;0;upmUEXHE2;4260557420850;0
at_CrossSellReRank_Vegavero (Marketplace Seller)_VEGAVERO Vegan Essentials Complex;658280060;1.5.2026;cpc;0,31;;16;0;0;0;0;0;0;upmHHT433;4260557421390;0
com_MarketplaceBooster_Vegavero (Marketplace Seller)_VEGAVERO Glycin Pulver;658347478;1.5.2026;cpc;1,51;;13;0;0;0;0;0;0;upmTGWG29;4260557423479;0
SOLD_OUT_at_MarketplaceBooster_Vegavero (Marketplace Seller)_VEGAVERO L-Tyrosin Plus;626440758;1.5.2026;cpc;0,81;;12;1;8,333333;0;0,81;0;0;upm2FC2LC;4260557422885;0,81
com_MarketplaceBooster_Vegavero (Marketplace Seller)_VEGAVERO Echinacea Plus;620564961;1.5.2026;cpc;0,51;;12;0;0;0;0;0;0;upmPHKX9F;4260557423141;0
com_CrossSellReRank_Vegavero (Marketplace Seller)_VEGAVERO MSM Pulver;643233362;1.5.2026;cpc;0,61;;13;0;0;0;0;0;0;upmWCKTTE;4260309481214;0
com_MarketplaceBooster_Vegavero (Marketplace Seller)_VEGAVERO BCAA Pulver Mango;658445052;1.5.2026;cpc;2,01;;12;2;16,666667;0;4,02;0;0;upmWWWMYX;4260557423523;2,01
com_MarketplaceBooster_Vegavero (Marketplace Seller)_VEGAVERO Pro Bio Kulturenkomplex;618496725;1.5.2026;cpc;0,51;;12;0;0;0;0;0;0;14250976;4260557420034;0
it_CrossSellReRank_Vegavero (Marketplace Seller)_VEGAVERO Salvia BIO;649077205;1.5.2026;cpc;0,31;;25;0;0;0;0;0;0;upmMMLDZE;4260557420966;0
SOLD_OUT_at_MarketplaceBooster_Vegavero (Marketplace Seller)_VEGAVERO Vitamin B12 Tropfen;620608016;1.5.2026;cpc;0,51;;12;0;0;0;0;0;0;upmYRCT9P;4260557422908;0
at_CrossSellReRank_Vegavero (Marketplace Seller)_VEGAVERO Roter Reis Plus;658282817;1.5.2026;cpc;0,31;;15;0;0;0;0;0;0;upmDFWTTT;4260557423110;0
at_MarketplaceBooster_Vegavero (Marketplace Seller)_VEGAVERO Astaxanthin ?l;620605150;1.5.2026;cpc;0,51;;12;0;0;0;0;0;0;upmYPTY2W;4260557421925;0
com_MarketplaceBooster_Vegavero (Marketplace Seller)_VEGAVERO Hagebutte BIO;619682810;1.5.2026;cpc;0,51;;12;1;8,333333;0;0,51;0;0;upmWRWWCG;4260557421048;0,51
it_MarketplaceBooster_Vegavero (Marketplace Seller)_VEGAVERO L-Glutammina in Polvere;649157245;1.5.2026;cpc;0,51;;12;1;8,333333;0;0,51;0;0;upmUPTFMH;4260557423233;0,51
com_MarketplaceBooster_Vegavero (Marketplace Seller)_VEGAVERO D-Mannose Complex;619660802;1.5.2026;cpc;1,51;;12;0;0;0;0;0;0;14250640;4260309482747;0
at_MarketplaceBooster_Vegavero (Marketplace Seller)_VEGAVERO Salbei BIO;658280029;1.5.2026;cpc;0,51;;12;0;0;0;0;0;0;upmMMLDZE;4260557420966;0
it_CrossSellReRank_Vegavero (Marketplace Seller)_VEGAVERO Creatina in Polvere;658331599;1.5.2026;cpc;0,31;;24;0;0;0;0;0;0;upmFRZEFX;4260557423226;0
at_MarketplaceBooster_Vegavero (Marketplace Seller)_VEGAVERO MSM Pulver;620609038;1.5.2026;cpc;1,31;;12;0;0;0;0;0;0;upmWCKTTE;4260309481214;0
at_CrossSellReRank_Vegavero (Marketplace Seller)_VEGAVERO Zimt Extrakt BIO;658280146;1.5.2026;cpc;0,31;;17;0;0;0;0;0;0;upmW9KKTG;4260557422618;0
at_CrossSellReRank_Vegavero (Marketplace Seller)_VEGAVERO Chlorella BIO + Spirulina BIO;643057141;1.5.2026;cpc;0,31;;17;0;0;0;0;0;0;14250597;4260309484185;0
at_CrossSellReRank_Vegavero (Marketplace Seller)_VEGAVERO BIO Astaxanthin ?l;658282827;1.5.2026;cpc;0,91;;18;0;0;0;0;0;0;upm7GZX42;4260557423165;0
SOLD_OUT_it_CrossSellReRank_Vegavero (Marketplace Seller)_VEGAVERO Probiotici e Prebiotici Bambini;658445102;1.5.2026;cpc;0,31;;21;0;0;0;0;0;0;14250953;4260557420249;0
com_MarketplaceBooster_Vegavero (Marketplace Seller)_VEGAVERO Prostaid Complex;658727268;1.5.2026;cpc;1,51;;11;0;0;0;0;0;0;upmCEE43U;4260557420515;0
it_CrossSellReRank_Vegavero (Marketplace Seller)_VEGAVERO Biancospino BIO;649076903;1.5.2026;cpc;0,31;;20;1;9,090909;0;0,31;0;0;upmXW7KXD;4260557420720;0,31
it_MarketplaceBooster_Vegavero (Marketplace Seller)_VEGAVERO Reishi;658296411;1.5.2026;cpc;0,51;;11;0;0;0;0;0;0;14251013;4260309481665;0
at_MarketplaceBooster_Vegavero (Marketplace Seller)_VEGAVERO Boswellia Extrakt;626438065;1.5.2026;cpc;0,51;;11;0;0;0;0;0;0;upmEH2K74;4260557422588;0
it_MarketplaceBooster_Vegavero (Marketplace Seller)_VEGAVERO Enzima della Papaya;658445110;1.5.2026;cpc;1,01;;11;0;0;0;0;0;0;14250930;4260309482648;0
com_MarketplaceBooster_Vegavero (Marketplace Seller)_VEGAVERO Cholin Bitartrat;658347145;1.5.2026;cpc;1,01;;11;0;0;0;0;0;0;upmU9FP9M;4260557423325;0
com_MarketplaceBooster_Vegavero (Marketplace Seller)_VEGAVERO Zimt-Ceylon Extrakt;619660976;1.5.2026;cpc;0,51;;11;1;9,090909;0;0,51;0;0;14251208;4260557420164;0,51
it_CrossSellReRank_Vegavero (Marketplace Seller)_VEGAVERO Vitamina C Naturale BIO;649076562;1.5.2026;cpc;1,31;;17;0;0;0;0;0;0;upmFY9KW9;4260557420331;0
at_MarketplaceBooster_Vegavero (Marketplace Seller)_VEGAVERO Natural Jod BIO;625769489;1.5.2026;cpc;0,51;;11;0;0;0;0;0;0;14250769;4260557420256;0
com_CrossSellReRank_Vegavero (Marketplace Seller)_VEGAVERO Vision Care Complex;658347575;1.5.2026;cpc;0,31;;14;0;0;0;0;0;0;upmWRPTR4;4260557420867;0
SOLD_OUT_it_MarketplaceBooster_Vegavero (Marketplace Seller)_VEGAVERO Probiotici e Prebiotici Bambini;658445101;1.5.2026;cpc;1,01;;10;1;10;0;1,01;0;0;14250953;4260557420249;1,01
com_CrossSellReRank_Vegavero (Marketplace Seller)_VEGAVERO Cholin Bitartrat;658347159;1.5.2026;cpc;0,31;;11;0;0;0;0;0;0;upmU9FP9M;4260557423325;0
it_CrossSellReRank_Vegavero (Marketplace Seller)_VEGAVERO Lecitina BIO;649100827;1.5.2026;cpc;0,31;;15;0;0;0;0;0;0;upm2HFKPC;4260557422021;0
com_MarketplaceBooster_Vegavero (Marketplace Seller)_VEGAVERO Brewers Yeast;658295767;1.5.2026;cpc;0,51;;10;1;10;0;0,51;0;0;upmKUKGHH;4260557423332;0,51
com_MarketplaceBooster_Vegavero (Marketplace Seller)_VEGAVERO Bockshornklee BIO;620539867;1.5.2026;cpc;0,51;;11;0;0;0;0;0;0;upm7AL3PG;4260557422977;0
com_MarketplaceBooster_Vegavero (Marketplace Seller)_VEGAVERO K?rbiskern?l BIO;619721382;1.5.2026;cpc;0,51;;10;2;20;0;1,02;0;0;upmY7MX4C;4260557422014;0,51
com_CrossSellReRank_Vegavero (Marketplace Seller)_VEGAVERO Vitamin B12 Spray Cherry;643079936;1.5.2026;cpc;0,31;;13;1;10;0;0,31;0;0;14251102;4260557420027;0,31
com_CrossSellReRank_Vegavero (Marketplace Seller)_VEGAVERO Eisen Bisglycinat;643077960;1.5.2026;cpc;0,31;;12;0;0;0;0;0;0;14250692;4260309483065;0
com_CrossSellReRank_Vegavero (Marketplace Seller)_VEGAVERO L-Tryptophan;643237471;1.5.2026;cpc;0,31;;12;0;0;0;0;0;0;14250841;4260309481108;0
at_MarketplaceBooster_Vegavero (Marketplace Seller)_VEGAVERO BIO Mushroom Mix;625774145;1.5.2026;cpc;0,51;;10;0;0;0;0;0;0;upmALDCEH;4260557423028;0
com_CrossSellReRank_Vegavero (Marketplace Seller)_VEGAVERO Vitamin D3+K2 Tropfen;643133550;1.5.2026;cpc;1,21;;12;0;0;0;0;0;0;upmKAXT9Y;4260557422915;0
at_MarketplaceBooster_Vegavero (Marketplace Seller)_VEGAVERO Sugar Balance Complex;658280124;1.5.2026;cpc;0,51;;10;0;0;0;0;0;0;upmAD4HK4;4260557422403;0
at_MarketplaceBooster_Vegavero (Marketplace Seller)_VEGAVERO Nattokinase;626443809;1.5.2026;cpc;0,51;;10;0;0;0;0;0;0;upm2ZL4CL;4260557423264;0
com_CrossSellReRank_Vegavero (Marketplace Seller)_VEGAVERO Myo-Inositol Complex;658295458;1.5.2026;cpc;1,11;;11;0;0;0;0;0;0;upm7PGM77;4260557421765;0
it_MarketplaceBooster_Vegavero (Marketplace Seller)_VEGAVERO Youth Biotics;658445086;1.5.2026;cpc;1,01;;10;0;0;0;0;0;0;upmW7Y7DL;4260557423462;0
at_MarketplaceBooster_Vegavero (Marketplace Seller)_VEGAVERO Ashwagandha BIO;625771655;1.5.2026;cpc;0,51;;10;0;0;0;0;0;0;upmUPLLZH;4260557420676;0
it_MarketplaceBooster_Vegavero (Marketplace Seller)_VEGAVERO L-Triptofano;658352472;1.5.2026;cpc;0,51;;10;1;10;0;0,51;0;0;14250841;4260309481108;0,51
it_MarketplaceBooster_Vegavero (Marketplace Seller)_VEGAVERO Zenzero BIO;658353196;1.5.2026;cpc;0,51;;10;1;10;0;0,51;0;0;upmPX4TPU;4260557420386;0,51
SOLD_OUT_it_CrossSellReRank_Vegavero (Marketplace Seller)_VEGAVERO Vitamina B12 gocce;649144392;1.5.2026;cpc;0,31;;16;2;20;0;0,62;0;0;upmYRCT9P;4260557422908;0,31
it_CrossSellReRank_Vegavero (Marketplace Seller)_VEGAVERO Multivitamino Spray per Bambini;649081621;1.5.2026;cpc;0,31;;28;0;0;0;0;0;0;upm9ZTF3H;4260557421178;0
it_CrossSellReRank_Vegavero (Marketplace Seller)_VEGAVERO Drena Flux;649110222;1.5.2026;cpc;0,31;;14;0;0;0;0;0;0;upm2XGYDU;4260557422489;0
com_MarketplaceBooster_Vegavero (Marketplace Seller)_VEGAVERO Rapunzel;658295813;1.5.2026;cpc;0,51;;10;0;0;0;0;0;0;upmDUFHFK;4260557423134;0
it_CrossSellReRank_Vegavero (Marketplace Seller)_VEGAVERO L-Triptofano;658352473;1.5.2026;cpc;0,31;;21;1;10;0;0,31;0;0;14250841;4260309481108;0,31
com_MarketplaceBooster_Vegavero (Marketplace Seller)_VEGAVERO Rosskastanie Plus BIO;619708788;1.5.2026;cpc;1,31;;9;1;11,111111;0;1,31;0;0;upmUR4ZK4;4260557421239;1,31
com_CrossSellReRank_Vegavero (Marketplace Seller)_VEGAVERO Rapunzel;658295814;1.5.2026;cpc;0,31;;12;0;0;0;0;0;0;upmDUFHFK;4260557423134;0
com_CrossSellReRank_Vegavero (Marketplace Seller)_VEGAVERO Schwarzk?mmel?l BIO;658295948;1.5.2026;cpc;0,71;;11;0;0;0;0;0;0;upmEUZ9F7;4260557421376;0
it_CrossSellReRank_Vegavero (Marketplace Seller)_VEGAVERO Artiglio del Diavolo Plus;649082840;1.5.2026;cpc;0,31;;12;0;0;0;0;0;0;upmD3U322;4260557421192;0
com_MarketplaceBooster_Vegavero (Marketplace Seller)_VEGAVERO Astragalus BIO;625748178;1.5.2026;cpc;1,01;;9;0;0;0;0;0;0;upmCGKMCH;4260557421222;0
at_CrossSellReRank_Vegavero (Marketplace Seller)_VEGAVERO Chrom Plus;658280180;1.5.2026;cpc;0,31;;12;0;0;0;0;0;0;upmL7ZDD2;4260557422946;0
it_MarketplaceBooster_Vegavero (Marketplace Seller)_VEGAVERO Ippocastano BIO Plus;620572890;1.5.2026;cpc;0,51;;9;1;11,111111;0;0,51;0;0;upmUR4ZK4;4260557421239;0,51
it_CrossSellReRank_Vegavero (Marketplace Seller)_VEGAVERO Colina Bitartrato;658296216;1.5.2026;cpc;0,31;;19;1;11,111111;0;0,31;0;0;upmU9FP9M;4260557423325;0,31
it_CrossSellReRank_Vegavero (Marketplace Seller)_VEGAVERO Ginkgo + Ginseng;649102509;1.5.2026;cpc;0,31;;17;0;0;0;0;0;0;upmF3XUHA;4260557422106;0
com_MarketplaceBooster_Vegavero (Marketplace Seller)_VEGAVERO Roter Reis Plus;620557805;1.5.2026;cpc;0,51;;9;1;11,111111;0;0,51;0;0;upmDFWTTT;4260557423110;0,51
it_CrossSellReRank_Vegavero (Marketplace Seller)_VEGAVERO Triphala BIO;649077190;1.5.2026;cpc;0,31;;13;0;0;0;0;0;0;upmGL239Y;4260557420812;0
at_CrossSellReRank_Vegavero (Marketplace Seller)_VEGAVERO Nachtkerzen und Borretsch?l BIO;658295856;1.5.2026;cpc;0,31;;14;0;0;0;0;0;0;upm7KTFPH;4260557421420;0
SOLD_OUT_it_CrossSellReRank_Vegavero (Marketplace Seller)_VEGAVERO Taurina Plus;649149719;1.5.2026;cpc;0,31;;12;0;0;0;0;0;0;upmXXW9XA;4260557423059;0
it_CrossSellReRank_Vegavero (Marketplace Seller)_VEGAVERO Enotera e Borragine  BIO;649091296;1.5.2026;cpc;0,31;;15;0;0;0;0;0;0;upm7KTFPH;4260557421420;0
com_CrossSellReRank_Vegavero (Marketplace Seller)_VEGAVERO Magnesium Bisglycinat;643231145;1.5.2026;cpc;1,41;;11;0;0;0;0;0;0;upmX4LT4H;4260557423257;0
it_MarketplaceBooster_Vegavero (Marketplace Seller)_VEGAVERO Spirulina BIO +  Clorella BIO;658331796;1.5.2026;cpc;0,51;;9;1;11,111111;0;0,51;0;0;14250597;4260309484185;0,51
com_MarketplaceBooster_Vegavero (Marketplace Seller)_VEGAVERO Party Hero;653854277;1.5.2026;cpc;0,51;;9;0;0;0;0;0;0;upmFACEA7;4260557423356;0
com_MarketplaceBooster_Vegavero (Marketplace Seller)_VEGAVERO Magnesium + Kalium;617842638;1.5.2026;cpc;1,01;;9;1;11,111111;0;1,01;0;0;upm32MART;4260557420287;1,01
at_CrossSellReRank_Vegavero (Marketplace Seller)_VEGAVERO Astragalus BIO;658280053;1.5.2026;cpc;0,31;;9;0;0;0;0;0;0;upmCGKMCH;4260557421222;0
com_MarketplaceBooster_Vegavero (Marketplace Seller)_VEGAVERO Ackerschachtelhalm BIO;653634560;1.5.2026;cpc;0,51;;9;1;11,111111;0;0,51;0;0;upmDKAWH3;4260557421307;0,51
at_MarketplaceBooster_Vegavero (Marketplace Seller)_VEGAVERO Moringa BIO;620604770;1.5.2026;cpc;1,41;;8;1;12,5;0;1,41;0;0;14250893;4260309481115;1,41
SOLD_OUT_it_CrossSellReRank_Vegavero (Marketplace Seller)_VEGAVERO Guggul;649077297;1.5.2026;cpc;0,31;;9;0;0;0;0;0;0;upmT99EZK;4260557421123;0
at_MarketplaceBooster_Vegavero (Marketplace Seller)_VEGAVERO Shiitake Extrakt;658280086;1.5.2026;cpc;0,51;;8;0;0;0;0;0;0;upmZ7P4AX;4260557421970;0
it_CrossSellReRank_Vegavero (Marketplace Seller)_VEGAVERO Keto Power;658295963;1.5.2026;cpc;0,31;;9;0;0;0;0;0;0;upmP77L3M;4260557423288;0
com_CrossSellReRank_Vegavero (Marketplace Seller)_VEGAVERO Hagebutte BIO;643089764;1.5.2026;cpc;0,31;;13;0;0;0;0;0;0;upmWRWWCG;4260557421048;0
it_CrossSellReRank_Vegavero (Marketplace Seller)_VEGAVERO Olio di semi di Zucca BIO;649099614;1.5.2026;cpc;0,31;;19;0;0;0;0;0;0;upmY7MX4C;4260557422014;0
at_MarketplaceBooster_Vegavero (Marketplace Seller)_VEGAVERO Hyaluronsaeure;620609033;1.5.2026;cpc;0,51;;8;0;0;0;0;0;0;upmKMAH3F;4260557420539;0
at_CrossSellReRank_Vegavero (Marketplace Seller)_VEGAVERO Knoblauch Plus;658280151;1.5.2026;cpc;0,31;;10;0;0;0;0;0;0;upm2WRLPU;4260557422632;0
com_CrossSellReRank_Vegavero (Marketplace Seller)_VEGAVERO Moringa BIO;642560128;1.5.2026;cpc;1,41;;12;0;0;0;0;0;0;14250893;4260309481115;0
at_MarketplaceBooster_Vegavero (Marketplace Seller)_VEGAVERO Chlorella BIO + Spirulina BIO;620611807;1.5.2026;cpc;0,51;;8;0;0;0;0;0;0;14250597;4260309484185;0
com_CrossSellReRank_Vegavero (Marketplace Seller)_VEGAVERO Keto Power;658283043;1.5.2026;cpc;0,31;;16;0;0;0;0;0;0;upmP77L3M;4260557423288;0
com_MarketplaceBooster_Vegavero (Marketplace Seller)_VEGAVERO Sugar Balance Complex;652859174;1.5.2026;cpc;0,51;;8;0;0;0;0;0;0;upmAD4HK4;4260557422403;0
it_MarketplaceBooster_Vegavero (Marketplace Seller)_VEGAVERO Vitamina C Naturale BIO;620566115;1.5.2026;cpc;1,51;;8;0;0;0;0;0;0;upmFY9KW9;4260557420331;0
com_MarketplaceBooster_Vegavero (Marketplace Seller)_VEGAVERO Resveratrol + Nicotinamid;619676602;1.5.2026;cpc;0,51;;8;1;12,5;0;0,51;0;0;upmGDDD7G;4260557420805;0,51
it_MarketplaceBooster_Vegavero (Marketplace Seller)_VEGAVERO Curcuma BIO;641629765;1.5.2026;cpc;0,51;;8;0;0;0;0;0;0;upm27X4XW;4260557422878;0
it_MarketplaceBooster_Vegavero (Marketplace Seller)_VEGAVERO Shilajit Mumijo;626452031;1.5.2026;cpc;0,51;;8;0;0;0;0;0;0;upmR33A3P;4260557421406;0
at_MarketplaceBooster_Vegavero (Marketplace Seller)_VEGAVERO Ingwer BIO;625770334;1.5.2026;cpc;0,51;;8;1;12,5;0;0,51;0;0;upmPX4TPU;4260557420386;0,51
it_CrossSellReRank_Vegavero (Marketplace Seller)_VEGAVERO Glucomammano BIO;649158747;1.5.2026;cpc;0,31;;14;0;0;0;0;0;0;upmLXEUT7;4260557423240;0
at_MarketplaceBooster_Vegavero (Marketplace Seller)_VEGAVERO BCAA Pulver Mango;658445037;1.5.2026;cpc;1,01;;8;0;0;0;0;0;0;upmWWWMYX;4260557423523;0
SOLD_OUT_at_CrossSellReRank_Vegavero (Marketplace Seller)_VEGAVERO Guggul;658280041;1.5.2026;cpc;0,31;;9;0;0;0;0;0;0;upmT99EZK;4260557421123;0
it_CrossSellReRank_Vegavero (Marketplace Seller)_VEGAVERO Echinacea Plus;649151902;1.5.2026;cpc;0,31;;17;0;0;0;0;0;0;upmPHKX9F;4260557423141;0
SOLD_OUT_at_CrossSellReRank_Vegavero (Marketplace Seller)_VEGAVERO MSM 670mg;643055483;1.5.2026;cpc;0,61;;12;0;0;0;0;0;0;14250924;4260309484130;0
at_CrossSellReRank_Vegavero (Marketplace Seller)_VEGAVERO Vision Care Complex;658347600;1.5.2026;cpc;0,31;;11;0;0;0;0;0;0;upmWRPTR4;4260557420867;0
it_CrossSellReRank_Vegavero (Marketplace Seller)_VEGAVERO Vegan Essentials Complex;649088044;1.5.2026;cpc;0,31;;15;0;0;0;0;0;0;upmHHT433;4260557421390;0
at_CrossSellReRank_Vegavero (Marketplace Seller)_VEGAVERO Party Hero;658283021;1.5.2026;cpc;0,31;;9;0;0;0;0;0;0;upmFACEA7;4260557423356;0
SOLD_OUT_com_CrossSellReRank_Vegavero (Marketplace Seller)_VEGAVERO Vegan Collagen+Hyaluronic Acid;658347591;1.5.2026;cpc;1,21;;9;0;0;0;0;0;0;upmK3CG99;4260557422656;0
at_CrossSellReRank_Vegavero (Marketplace Seller)_VEGAVERO Prostaid Complex;658727263;1.5.2026;cpc;1,31;;16;0;0;0;0;0;0;upmCEE43U;4260557420515;0
com_MarketplaceBooster_Vegavero (Marketplace Seller)_VEGAVERO Glucomannan BIO;658283040;1.5.2026;cpc;0,51;;7;0;0;0;0;0;0;upmLXEUT7;4260557423240;0
com_CrossSellReRank_Vegavero (Marketplace Seller)_VEGAVERO Glycin Pulver;658347520;1.5.2026;cpc;0,31;;8;0;0;0;0;0;0;upmTGWG29;4260557423479;0
com_MarketplaceBooster_Vegavero (Marketplace Seller)_VEGAVERO Bromelain 2400 GDU/g;619684531;1.5.2026;cpc;0,51;;7;0;0;0;0;0;0;upm43HM34;4260557421130;0
com_CrossSellReRank_Vegavero (Marketplace Seller)_VEGAVERO Omega-3 ?l;643091125;1.5.2026;cpc;1,31;;11;0;0;0;0;0;0;upm9KDWAZ;4260557421383;0
com_CrossSellReRank_Vegavero (Marketplace Seller)_VEGAVERO Nachtkerzen und Borretsch?l BIO;643092372;1.5.2026;cpc;0,31;;8;0;0;0;0;0;0;upm7KTFPH;4260557421420;0
at_MarketplaceBooster_Vegavero (Marketplace Seller)_VEGAVERO Mariendistel Plus;658280173;1.5.2026;cpc;0,51;;7;0;0;0;0;0;0;upmR9H2HU;4260557422892;0
at_CrossSellReRank_Vegavero (Marketplace Seller)_VEGAVERO Apple Cider Vinegar;658282828;1.5.2026;cpc;0,31;;7;0;0;0;0;0;0;upmF2EYPK;4260557423172;0
at_MarketplaceBooster_Vegavero (Marketplace Seller)_VEGAVERO Quercetin Komplex;658445034;1.5.2026;cpc;1,01;;7;0;0;0;0;0;0;upmF2AFXC;4260557423509;0
it_CrossSellReRank_Vegavero (Marketplace Seller)_VEGAVERO Curcuma BIO;649142586;1.5.2026;cpc;0,31;;13;0;0;0;0;0;0;upm27X4XW;4260557422878;0
at_MarketplaceBooster_Vegavero (Marketplace Seller)_VEGAVERO Brahmi BIO;625785188;1.5.2026;cpc;0,51;;7;0;0;0;0;0;0;upmHFPDDK;4260557421956;0
at_MarketplaceBooster_Vegavero (Marketplace Seller)_VEGAVERO Youth Biotics;658445045;1.5.2026;cpc;1,01;;7;0;0;0;0;0;0;upmW7Y7DL;4260557423462;0
it_CrossSellReRank_Vegavero (Marketplace Seller)_VEGAVERO Maitake BIO;649077201;1.5.2026;cpc;0,31;;13;0;0;0;0;0;0;upmW4TZYD;4260557420874;0
com_CrossSellReRank_Vegavero (Marketplace Seller)_VEGAVERO Vitamin B12 Spray Junior;643093986;1.5.2026;cpc;0,31;;10;1;14,285714;0;0,31;0;0;upm3RXHUC;4260557422229;0,31
com_CrossSellReRank_Vegavero (Marketplace Seller)_VEGAVERO Zimt-Ceylon Extrakt;643084475;1.5.2026;cpc;0,31;;7;0;0;0;0;0;0;14251208;4260557420164;0
com_CrossSellReRank_Vegavero (Marketplace Seller)_VEGAVERO Sugar Balance Complex;652861490;1.5.2026;cpc;0,31;;9;0;0;0;0;0;0;upmAD4HK4;4260557422403;0
com_CrossSellReRank_Vegavero (Marketplace Seller)_VEGAVERO Papaya Enzym;643094177;1.5.2026;cpc;0,31;;9;0;0;0;0;0;0;14250930;4260309482648;0
com_MarketplaceBooster_Vegavero (Marketplace Seller)_VEGAVERO Nattokinase;620565077;1.5.2026;cpc;0,51;;7;0;0;0;0;0;0;upm2ZL4CL;4260557423264;0
at_CrossSellReRank_Vegavero (Marketplace Seller)_VEGAVERO Moringa BIO;658725473;1.5.2026;cpc;1,01;;10;0;0;0;0;0;0;14250893;4260309481115;0
com_MarketplaceBooster_Vegavero (Marketplace Seller)_VEGAVERO Nachtkerzen und Borretsch?l BIO;619715142;1.5.2026;cpc;0,51;;7;2;28,571429;0;1,02;0;0;upm7KTFPH;4260557421420;0,51
com_CrossSellReRank_Vegavero (Marketplace Seller)_VEGAVERO Mariendistel Plus;652868608;1.5.2026;cpc;0,31;;10;0;0;0;0;0;0;upmR9H2HU;4260557422892;0
com_MarketplaceBooster_Vegavero (Marketplace Seller)_VEGAVERO Glycin Pulver;620530024;1.5.2026;cpc;1,01;;7;0;0;0;0;0;0;upmR9H4DE;4260557422595;0
it_CrossSellReRank_Vegavero (Marketplace Seller)_VEGAVERO MSM;658352467;1.5.2026;cpc;0,61;;13;0;0;0;0;0;0;upmTLUPGT;4260309483881;0
com_MarketplaceBooster_Vegavero (Marketplace Seller)_VEGAVERO BIO Mushroom Mix;620545551;1.5.2026;cpc;0,51;;7;0;0;0;0;0;0;upmALDCEH;4260557423028;0
at_CrossSellReRank_Vegavero (Marketplace Seller)_VEGAVERO OPC Trio;658282816;1.5.2026;cpc;0,31;;10;0;0;0;0;0;0;upmWFGGMG;4260557423097;0
it_MarketplaceBooster_Vegavero (Marketplace Seller)_VEGAVERO Caffeina;641650370;1.5.2026;cpc;0,51;;7;0;0;0;0;0;0;upm4XZRWY;4260557423127;0
SOLD_OUT_com_MarketplaceBooster_Vegavero (Marketplace Seller)_VEGAVERO MSM 670mg;620565489;1.5.2026;cpc;1,01;;7;0;0;0;0;0;0;14250924;4260309484130;0
com_CrossSellReRank_Vegavero (Marketplace Seller)_VEGAVERO Glucosamin Complex;643088059;1.5.2026;cpc;0,31;;7;0;0;0;0;0;0;upmTYL3Y7;4260557420737;0
com_MarketplaceBooster_Vegavero (Marketplace Seller)_VEGAVERO Curcuma BIO;618496721;1.5.2026;cpc;0,51;;7;0;0;0;0;0;0;upm27X4XW;4260557422878;0
it_MarketplaceBooster_Vegavero (Marketplace Seller)_VEGAVERO Nattokinase;649159872;1.5.2026;cpc;0,51;;7;1;14,285714;0;0,51;0;0;upm2ZL4CL;4260557423264;0,51
it_MarketplaceBooster_Vegavero (Marketplace Seller)_VEGAVERO Ginkgo + Ginseng;620565878;1.5.2026;cpc;0,51;;7;0;0;0;0;0;0;upmF3XUHA;4260557422106;0
com_MarketplaceBooster_Vegavero (Marketplace Seller)_VEGAVERO Psyllium BIO;658295766;1.5.2026;cpc;0,51;;7;0;0;0;0;0;0;upmERYMM3;4260557423295;0
com_MarketplaceBooster_Vegavero (Marketplace Seller)_VEGAVERO Apple Cider Vinegar;620564988;1.5.2026;cpc;0,51;;7;0;0;0;0;0;0;upmUTDZP9;4260557423158;0
at_MarketplaceBooster_Vegavero (Marketplace Seller)_VEGAVERO Rosskastanie Plus BIO;658295840;1.5.2026;cpc;1,21;;6;0;0;0;0;0;0;upmUR4ZK4;4260557421239;0
it_CrossSellReRank_Vegavero (Marketplace Seller)_VEGAVERO Shiitake;649097667;1.5.2026;cpc;0,31;;8;0;0;0;0;0;0;upmZ7P4AX;4260557421970;0
at_CrossSellReRank_Vegavero (Marketplace Seller)_VEGAVERO Griffonia Plus;658280154;1.5.2026;cpc;0,31;;8;0;0;0;0;0;0;upmHCULGA;4260557422755;0
it_MarketplaceBooster_Vegavero (Marketplace Seller)_VEGAVERO Femme Biotics;658445082;1.5.2026;cpc;1,01;;6;0;0;0;0;0;0;upm4AEDEP;4260557423455;0
com_MarketplaceBooster_Vegavero (Marketplace Seller)_VEGAVERO Quercetin Komplex;658469903;1.5.2026;cpc;1,01;;6;0;0;0;0;0;0;upmF2AFXC;4260557423509;0
at_CrossSellReRank_Vegavero (Marketplace Seller)_VEGAVERO Female Harmony Complex;658279992;1.5.2026;cpc;0,31;;9;0;0;0;0;0;0;upmUFEEWW;4260557420300;0
it_MarketplaceBooster_Vegavero (Marketplace Seller)_VEGAVERO Boswellia;641624237;1.5.2026;cpc;0,51;;6;0;0;0;0;0;0;upmEH2K74;4260557422588;0
at_MarketplaceBooster_Vegavero (Marketplace Seller)_VEGAVERO Zimt Extrakt BIO;625767692;1.5.2026;cpc;0,51;;6;2;33,333333;0;1,02;0;0;upmW9KKTG;4260557422618;0,51
com_MarketplaceBooster_Vegavero (Marketplace Seller)_VEGAVERO Vision Care Complex;619678178;1.5.2026;cpc;0,51;;6;0;0;0;0;0;0;upmWRPTR4;4260557420867;0
com_MarketplaceBooster_Vegavero (Marketplace Seller)_VEGAVERO Wild Yams + Zink;619660532;1.5.2026;cpc;0,51;;6;1;16,666667;0;0,51;0;0;14251183;4260309481672;0,51
at_MarketplaceBooster_Vegavero (Marketplace Seller)_VEGAVERO Pro Bio Kulturenkomplex;620609408;1.5.2026;cpc;0,51;;6;0;0;0;0;0;0;14250976;4260557420034;0
com_MarketplaceBooster_Vegavero (Marketplace Seller)_VEGAVERO Koffein;620560659;1.5.2026;cpc;0,51;;6;0;0;0;0;0;0;upm4XZRWY;4260557423127;0
at_CrossSellReRank_Vegavero (Marketplace Seller)_VEGAVERO Nattokinase;658282838;1.5.2026;cpc;0,31;;7;0;0;0;0;0;0;upm2ZL4CL;4260557423264;0
it_MarketplaceBooster_Vegavero (Marketplace Seller)_VEGAVERO Rhodiola Rosea;658445090;1.5.2026;cpc;1,01;;6;0;0;0;0;0;0;14251036;4260557420102;0
com_CrossSellReRank_Vegavero (Marketplace Seller)_VEGAVERO Griffonia Plus;643128060;1.5.2026;cpc;0,31;;8;0;0;0;0;0;0;upmHCULGA;4260557422755;0
at_CrossSellReRank_Vegavero (Marketplace Seller)_VEGAVERO Hagebutte BIO;658280038;1.5.2026;cpc;0,31;;10;0;0;0;0;0;0;upmWRWWCG;4260557421048;0
at_CrossSellReRank_Vegavero (Marketplace Seller)_VEGAVERO Liver Active Complex;658279984;1.5.2026;cpc;0,31;;7;0;0;0;0;0;0;14250812;4260557420188;0
com_CrossSellReRank_Vegavero (Marketplace Seller)_VEGAVERO MSM Pulver DOSE;643236175;1.5.2026;cpc;0,61;;8;0;0;0;0;0;0;upmTLUPGT;4260309483881;0
it_MarketplaceBooster_Vegavero (Marketplace Seller)_VEGAVERO Cardo Mariano;620565790;1.5.2026;cpc;1,01;;6;0;0;0;0;0;0;upmGMGWYP;4260309481979;0
com_CrossSellReRank_Vegavero (Marketplace Seller)_VEGAVERO Brahmi BIO;643093286;1.5.2026;cpc;0,31;;6;0;0;0;0;0;0;upmHFPDDK;4260557421956;0
at_CrossSellReRank_Vegavero (Marketplace Seller)_VEGAVERO Bockshornklee BIO;658280184;1.5.2026;cpc;0,31;;8;0;0;0;0;0;0;upm7AL3PG;4260557422977;0
at_CrossSellReRank_Vegavero (Marketplace Seller)_VEGAVERO Glycin Pulver;658280145;1.5.2026;cpc;0,31;;8;0;0;0;0;0;0;upmTGWG29;4260557423479;0
SOLD_OUT_at_MarketplaceBooster_Vegavero (Marketplace Seller)_VEGAVERO Guggul;658280040;1.5.2026;cpc;0,51;;6;0;0;0;0;0;0;upmT99EZK;4260557421123;0
at_CrossSellReRank_Vegavero (Marketplace Seller)_VEGAVERO Mariendistel Plus;658280174;1.5.2026;cpc;0,31;;7;1;16,666667;0;0,31;0;0;upmR9H2HU;4260557422892;0,31
it_MarketplaceBooster_Vegavero (Marketplace Seller)_VEGAVERO Cysti-Aid Complex;641622752;1.5.2026;cpc;0,51;;6;2;33,333333;0;1,02;0;0;upmTZFCGA;4260557422199;0,51
at_MarketplaceBooster_Vegavero (Marketplace Seller)_VEGAVERO Hagebutte BIO;658280037;1.5.2026;cpc;0,51;;6;0;0;0;0;0;0;upmWRWWCG;4260557421048;0
com_MarketplaceBooster_Vegavero (Marketplace Seller)_VEGAVERO Youth Biotics;658469892;1.5.2026;cpc;1,01;;6;0;0;0;0;0;0;upmW7Y7DL;4260557423462;0
it_MarketplaceBooster_Vegavero (Marketplace Seller)_VEGAVERO Boswellia;649114805;1.5.2026;cpc;0,51;;6;0;0;0;0;0;0;upmEH2K74;4260557422588;0
SOLD_OUT_com_CrossSellReRank_Vegavero (Marketplace Seller)_VEGAVERO Taurin Plus;643136001;1.5.2026;cpc;0,31;;8;0;0;0;0;0;0;upmXXW9XA;4260557423059;0
at_MarketplaceBooster_Vegavero (Marketplace Seller)_VEGAVERO Astragalus BIO;625778112;1.5.2026;cpc;1,01;;6;0;0;0;0;0;0;upmCGKMCH;4260557421222;0
com_CrossSellReRank_Vegavero (Marketplace Seller)_VEGAVERO Knoblauch Plus;643126592;1.5.2026;cpc;0,31;;7;0;0;0;0;0;0;upm2WRLPU;4260557422632;0
at_MarketplaceBooster_Vegavero (Marketplace Seller)_VEGAVERO Echinacea Plus;626443785;1.5.2026;cpc;0,51;;6;0;0;0;0;0;0;upmPHKX9F;4260557423141;0
it_MarketplaceBooster_Vegavero (Marketplace Seller)_VEGAVERO Salvia BIO;641651421;1.5.2026;cpc;0,51;;6;0;0;0;0;0;0;upmMMLDZE;4260557420966;0
it_MarketplaceBooster_Vegavero (Marketplace Seller)_VEGAVERO Biancospino BIO;620566747;1.5.2026;cpc;0,51;;5;0;0;0;0;0;0;upmXW7KXD;4260557420720;0
com_CrossSellReRank_Vegavero (Marketplace Seller)_VEGAVERO Papaya BIO;643089807;1.5.2026;cpc;0,31;;6;0;0;0;0;0;0;upm9HWLUD;4260557421055;0
at_CrossSellReRank_Vegavero (Marketplace Seller)_VEGAVERO L-Glutamin Pulver;658282832;1.5.2026;cpc;0,31;;8;0;0;0;0;0;0;upmUPTFMH;4260557423233;0
at_MarketplaceBooster_Vegavero (Marketplace Seller)_VEGAVERO Resveratrol + Nicotinamid;625771680;1.5.2026;cpc;0,51;;5;0;0;0;0;0;0;upmGDDD7G;4260557420805;0
it_MarketplaceBooster_Vegavero (Marketplace Seller)_VEGAVERO Astaxantina;620574476;1.5.2026;cpc;1,11;;5;0;0;0;0;0;0;upmYPTY2W;4260557421925;0
it_CrossSellReRank_Vegavero (Marketplace Seller)_VEGAVERO Nattokinase;649160527;1.5.2026;cpc;0,31;;7;0;0;0;0;0;0;upm2ZL4CL;4260557423264;0
at_CrossSellReRank_Vegavero (Marketplace Seller)_VEGAVERO Papaya BIO;658295838;1.5.2026;cpc;0,31;;5;0;0;0;0;0;0;upm9HWLUD;4260557421055;0
it_MarketplaceBooster_Vegavero (Marketplace Seller)_VEGAVERO Origano BIO;641622706;1.5.2026;cpc;0,51;;5;0;0;0;0;0;0;upmYCXAL7;4260557421932;0
it_MarketplaceBooster_Vegavero (Marketplace Seller)_VEGAVERO EAA - Aminoacidi Essenziali;620567252;1.5.2026;cpc;1,11;;5;1;20;0;1,11;0;0;upmGMXXY9;4260557420744;1,11
it_MarketplaceBooster_Vegavero (Marketplace Seller)_VEGAVERO Papaya BIO;641643600;1.5.2026;cpc;0,51;;5;0;0;0;0;0;0;upm9HWLUD;4260557421055;0
at_MarketplaceBooster_Vegavero (Marketplace Seller)_VEGAVERO Maitake BIO;658295833;1.5.2026;cpc;0,51;;5;0;0;0;0;0;0;upmW4TZYD;4260557420874;0
com_CrossSellReRank_Vegavero (Marketplace Seller)_VEGAVERO Astragalus BIO;643090713;1.5.2026;cpc;0,31;;6;0;0;0;0;0;0;upmCGKMCH;4260557421222;0
com_CrossSellReRank_Vegavero (Marketplace Seller)_VEGAVERO Natural Jod BIO;643084951;1.5.2026;cpc;0,31;;12;0;0;0;0;0;0;14250769;4260557420256;0
at_MarketplaceBooster_Vegavero (Marketplace Seller)_VEGAVERO Ackerschachtelhalm BIO;658347603;1.5.2026;cpc;0,51;;5;0;0;0;0;0;0;upmDKAWH3;4260557421307;0
com_CrossSellReRank_Vegavero (Marketplace Seller)_VEGAVERO Leinsamen?l BIO;643093628;1.5.2026;cpc;0,31;;5;0;0;0;0;0;0;upmKU4FAU;4260557422038;0
at_CrossSellReRank_Vegavero (Marketplace Seller)_VEGAVERO Ackerschachtelhalm BIO;658347604;1.5.2026;cpc;0,31;;5;0;0;0;0;0;0;upmDKAWH3;4260557421307;0
at_CrossSellReRank_Vegavero (Marketplace Seller)_VEGAVERO MSM Pulver;658279946;1.5.2026;cpc;0,91;;7;0;0;0;0;0;0;upmWCKTTE;4260309481214;0
com_MarketplaceBooster_Vegavero (Marketplace Seller)_VEGAVERO Vitamin B3 (Nicotinamid);619677908;1.5.2026;cpc;1,51;;5;0;0;0;0;0;0;upmUEXHE2;4260557420850;0
com_MarketplaceBooster_Vegavero (Marketplace Seller)_VEGAVERO Boswellia Extrakt;620528799;1.5.2026;cpc;0,51;;5;0;0;0;0;0;0;upmEH2K74;4260557422588;0
it_MarketplaceBooster_Vegavero (Marketplace Seller)_VEGAVERO Cordyceps;658334300;1.5.2026;cpc;0,51;;5;0;0;0;0;0;0;14250611;4260309483218;0
it_CrossSellReRank_Vegavero (Marketplace Seller)_VEGAVERO MSM;658296418;1.5.2026;cpc;0,61;;7;0;0;0;0;0;0;upmWCKTTE;4260309481214;0
at_MarketplaceBooster_Vegavero (Marketplace Seller)_VEGAVERO Bockshornklee BIO;626442445;1.5.2026;cpc;0,51;;5;0;0;0;0;0;0;upm7AL3PG;4260557422977;0
at_CrossSellReRank_Vegavero (Marketplace Seller)_VEGAVERO Colon Care Complex;658279985;1.5.2026;cpc;0,31;;6;0;0;0;0;0;0;14250605;4260557420201;0
at_MarketplaceBooster_Vegavero (Marketplace Seller)_VEGAVERO Echinacea Plus;658282823;1.5.2026;cpc;0,31;;5;0;0;0;0;0;0;upmPHKX9F;4260557423141;0
it_MarketplaceBooster_Vegavero (Marketplace Seller)_VEGAVERO Maitake BIO;620567773;1.5.2026;cpc;0,51;;5;0;0;0;0;0;0;upmW4TZYD;4260557420874;0
it_CrossSellReRank_Vegavero (Marketplace Seller)_VEGAVERO Colon Care Complex;658353192;1.5.2026;cpc;0,31;;7;0;0;0;0;0;0;14250605;4260557420201;0
com_MarketplaceBooster_Vegavero (Marketplace Seller)_VEGAVERO Beta-Alanin Pulver;658295769;1.5.2026;cpc;0,51;;5;1;20;0;0,51;0;0;upmFKHFRA;4260557423431;0,51
it_CrossSellReRank_Vegavero (Marketplace Seller)_VEGAVERO Resveratrolo Plus;649077189;1.5.2026;cpc;0,31;;10;0;0;0;0;0;0;upmGDDD7G;4260557420805;0
it_CrossSellReRank_Vegavero (Marketplace Seller)_VEGAVERO Sugar Balance Complex;649105321;1.5.2026;cpc;0,31;;8;0;0;0;0;0;0;upmAD4HK4;4260557422403;0
at_MarketplaceBooster_Vegavero (Marketplace Seller)_VEGAVERO Mushroom Mix Complex;625773721;1.5.2026;cpc;0,51;;5;0;0;0;0;0;0;upm4XDXPR;4260557422045;0
it_CrossSellReRank_Vegavero (Marketplace Seller)_VEGAVERO BCAA in Polvere;658381389;1.5.2026;cpc;0,61;;8;0;0;0;0;0;0;upmWWWMYX;4260557423523;0
at_MarketplaceBooster_Vegavero (Marketplace Seller)_VEGAVERO Chrom Plus;626442427;1.5.2026;cpc;0,51;;5;0;0;0;0;0;0;upmL7ZDD2;4260557422946;0
it_CrossSellReRank_Vegavero (Marketplace Seller)_VEGAVERO Party Hero;658331705;1.5.2026;cpc;0,31;;13;0;0;0;0;0;0;upmFACEA7;4260557423356;0
com_MarketplaceBooster_Vegavero (Marketplace Seller)_VEGAVERO Psyllium BIO;658295759;1.5.2026;cpc;0,51;;5;0;0;0;0;0;0;upmERYMM3;4260557423295;0
at_MarketplaceBooster_Vegavero (Marketplace Seller)_VEGAVERO Nachtkerzen und Borretsch?l BIO;625782152;1.5.2026;cpc;0,51;;5;0;0;0;0;0;0;upm7KTFPH;4260557421420;0
at_CrossSellReRank_Vegavero (Marketplace Seller)_VEGAVERO Multivitamin Spray Junior;658280046;1.5.2026;cpc;0,31;;6;0;0;0;0;0;0;upm9ZTF3H;4260557421178;0
at_CrossSellReRank_Vegavero (Marketplace Seller)_VEGAVERO Cholin Bitartrat;658283014;1.5.2026;cpc;0,31;;6;0;0;0;0;0;0;upmU9FP9M;4260557423325;0
it_CrossSellReRank_Vegavero (Marketplace Seller)_VEGAVERO Shilajit Mumijo;649090838;1.5.2026;cpc;0,31;;8;0;0;0;0;0;0;upmR33A3P;4260557421406;0
at_CrossSellReRank_Vegavero (Marketplace Seller)_VEGAVERO Pro Bio Kulturenkomplex;643057502;1.5.2026;cpc;0,31;;6;0;0;0;0;0;0;14250976;4260557420034;0
com_MarketplaceBooster_Vegavero (Marketplace Seller)_VEGAVERO Salbei BIO;619682278;1.5.2026;cpc;0,51;;4;0;0;0;0;0;0;upmMMLDZE;4260557420966;0
at_CrossSellReRank_Vegavero (Marketplace Seller)_VEGAVERO Astaxanthin ?l;658280070;1.5.2026;cpc;0,31;;5;0;0;0;0;0;0;upmYPTY2W;4260557421925;0
it_MarketplaceBooster_Vegavero (Marketplace Seller)_VEGAVERO BCAA in Polvere;658381388;1.5.2026;cpc;1,01;;4;0;0;0;0;0;0;upmWWWMYX;4260557423523;0
it_CrossSellReRank_Vegavero (Marketplace Seller)_VEGAVERO Iodio naturale BIO;658445106;1.5.2026;cpc;0,31;;6;0;0;0;0;0;0;14250769;4260557420256;0
com_MarketplaceBooster_Vegavero (Marketplace Seller)_VEGAVERO Brahmi BIO;619717869;1.5.2026;cpc;0,51;1;4;1;25;100;0,51;21,9;4294,117647;upmHFPDDK;4260557421956;0,51
at_CrossSellReRank_Vegavero (Marketplace Seller)_VEGAVERO Mushroom Mix Complex;658280095;1.5.2026;cpc;0,31;;6;0;0;0;0;0;0;upm4XDXPR;4260557422045;0
it_MarketplaceBooster_Vegavero (Marketplace Seller)_VEGAVERO Triphala BIO;620567265;1.5.2026;cpc;0,51;;4;0;0;0;0;0;0;upmGL239Y;4260557420812;0
SOLD_OUT_com_CrossSellReRank_Vegavero (Marketplace Seller)_VEGAVERO Guggul;652847887;1.5.2026;cpc;0,31;;6;0;0;0;0;0;0;upmT99EZK;4260557421123;0
com_MarketplaceBooster_Vegavero (Marketplace Seller)_VEGAVERO Tribulus terrestris Extrakt;619660805;1.5.2026;cpc;0,51;;4;0;0;0;0;0;0;14251088;4260309481313;0
at_MarketplaceBooster_Vegavero (Marketplace Seller)_VEGAVERO Hyaluronsaeure;620609034;1.5.2026;cpc;0,51;;4;0;0;0;0;0;0;upmPMLEP9;4260557423103;0
at_CrossSellReRank_Vegavero (Marketplace Seller)_VEGAVERO K?rbiskern?l BIO;658280089;1.5.2026;cpc;0,31;;7;0;0;0;0;0;0;upmY7MX4C;4260557422014;0
SOLD_OUT_it_MarketplaceBooster_Vegavero (Marketplace Seller)_VEGAVERO MSM;653861307;1.5.2026;cpc;1,01;;4;0;0;0;0;0;0;14250924;4260309484130;0
com_CrossSellReRank_Vegavero (Marketplace Seller)_VEGAVERO Echinacea Plus;643137759;1.5.2026;cpc;0,31;;9;0;0;0;0;0;0;upmPHKX9F;4260557423141;0
SOLD_OUT_at_MarketplaceBooster_Vegavero (Marketplace Seller)_VEGAVERO MSM 670mg;620609039;1.5.2026;cpc;0,51;;4;0;0;0;0;0;0;14250924;4260309484130;0
it_MarketplaceBooster_Vegavero (Marketplace Seller)_VEGAVERO Artemisia Vulgaris;649102355;1.5.2026;cpc;0,51;;4;0;0;0;0;0;0;upmWMGCRY;4260557422090;0
at_CrossSellReRank_Vegavero (Marketplace Seller)_VEGAVERO Leinsamen?l BIO;658280093;1.5.2026;cpc;0,31;;5;0;0;0;0;0;0;upmKU4FAU;4260557422038;0
at_CrossSellReRank_Vegavero (Marketplace Seller)_VEGAVERO Bromelain 2500 GDU/g;658280042;1.5.2026;cpc;0,31;;9;0;0;0;0;0;0;upm43HM34;4260557421130;0
com_CrossSellReRank_Vegavero (Marketplace Seller)_VEGAVERO Ackerschachtelhalm BIO;643090788;1.5.2026;cpc;0,31;;5;0;0;0;0;0;0;upmDKAWH3;4260557421307;0
it_MarketplaceBooster_Vegavero (Marketplace Seller)_VEGAVERO Glicina in Polvere;658334361;1.5.2026;cpc;1,01;;4;2;50;0;2,02;0;0;upmR9H4DE;4260557422595;1,01
it_CrossSellReRank_Vegavero (Marketplace Seller)_VEGAVERO Femme Biotics;658445084;1.5.2026;cpc;0,61;;10;0;0;0;0;0;0;upm4AEDEP;4260557423455;0
com_CrossSellReRank_Vegavero (Marketplace Seller)_VEGAVERO Multivitamin Spray Junior;643089899;1.5.2026;cpc;0,31;;10;0;0;0;0;0;0;upm9ZTF3H;4260557421178;0
it_MarketplaceBooster_Vegavero (Marketplace Seller)_VEGAVERO Female Balance Complex;658381497;1.5.2026;cpc;0,51;;4;2;50;0;1,02;0;0;upmUX2FW3;4260557420638;0,51
at_MarketplaceBooster_Vegavero (Marketplace Seller)_VEGAVERO Chaga BIO;625789278;1.5.2026;cpc;0,51;;4;0;0;0;0;0;0;upmPYECDL;4260557422298;0
com_CrossSellReRank_Vegavero (Marketplace Seller)_VEGAVERO Shilajit Mumijo;643092358;1.5.2026;cpc;0,31;;5;0;0;0;0;0;0;upmR33A3P;4260557421406;0
at_MarketplaceBooster_Vegavero (Marketplace Seller)_VEGAVERO MSM Pulver DOSE;658279977;1.5.2026;cpc;1,01;;4;0;0;0;0;0;0;upmTLUPGT;4260309483881;0
it_CrossSellReRank_Vegavero (Marketplace Seller)_VEGAVERO Ferro;658331759;1.5.2026;cpc;0,31;;8;0;0;0;0;0;0;14250692;4260309483065;0
com_CrossSellReRank_Vegavero (Marketplace Seller)_VEGAVERO Beta-Alanin Pulver;658295770;1.5.2026;cpc;0,31;;6;0;0;0;0;0;0;upmFKHFRA;4260557423431;0
it_MarketplaceBooster_Vegavero (Marketplace Seller)_VEGAVERO Cannella Ceylon BIO;641627330;1.5.2026;cpc;0,51;;4;0;0;0;0;0;0;upmW9KKTG;4260557422618;0
at_MarketplaceBooster_Vegavero (Marketplace Seller)_VEGAVERO Apple Cider Vinegar;626443800;1.5.2026;cpc;0,51;;5;0;0;0;0;0;0;upmUTDZP9;4260557423158;0
at_CrossSellReRank_Vegavero (Marketplace Seller)_VEGAVERO Papaya Enzym;658280137;1.5.2026;cpc;0,31;;6;0;0;0;0;0;0;14250930;4260309482648;0
com_CrossSellReRank_Vegavero (Marketplace Seller)_VEGAVERO Roter Reis Plus;643136807;1.5.2026;cpc;0,31;;5;0;0;0;0;0;0;upmDFWTTT;4260557423110;0
at_CrossSellReRank_Vegavero (Marketplace Seller)_VEGAVERO Vitamin B12 Spray Junior;658280108;1.5.2026;cpc;0,31;;10;1;25;0;0,31;0;0;upm3RXHUC;4260557422229;0,31
com_CrossSellReRank_Vegavero (Marketplace Seller)_VEGAVERO Magnesium + Kalium;643084952;1.5.2026;cpc;0,31;;4;0;0;0;0;0;0;upm32MART;4260557420287;0
com_CrossSellReRank_Vegavero (Marketplace Seller)_VEGAVERO Quercetin Komplex;658469905;1.5.2026;cpc;0,61;;3;0;0;0;0;0;0;upmF2AFXC;4260557423509;0
com_CrossSellReRank_Vegavero (Marketplace Seller)_VEGAVERO Brennnessel BIO;643089721;1.5.2026;cpc;0,31;;5;0;0;0;0;0;0;upm9RX43T;4260557421031;0
it_CrossSellReRank_Vegavero (Marketplace Seller)_VEGAVERO Astragalo BIO;649084562;1.5.2026;cpc;0,31;;6;0;0;0;0;0;0;upmCGKMCH;4260557421222;0
com_CrossSellReRank_Vegavero (Marketplace Seller)_VEGAVERO Female Harmony Complex;643239568;1.5.2026;cpc;0,31;;7;0;0;0;0;0;0;upmUFEEWW;4260557420300;0
com_MarketplaceBooster_Vegavero (Marketplace Seller)_VEGAVERO Papaya Enzym;620527421;1.5.2026;cpc;0,51;;3;0;0;0;0;0;0;14250930;4260309482648;0
com_CrossSellReRank_Vegavero (Marketplace Seller)_VEGAVERO Taurin Pulver;658347286;1.5.2026;cpc;0,31;;5;0;0;0;0;0;0;upmHULHZD;4260557423370;0
at_MarketplaceBooster_Vegavero (Marketplace Seller)_VEGAVERO Eisen Bisglycinat;620612855;1.5.2026;cpc;0,51;;3;1;33,333333;0;0,51;0;0;14250692;4260309483065;0,51
it_MarketplaceBooster_Vegavero (Marketplace Seller)_VEGAVERO OPC Trio;641650064;1.5.2026;cpc;0,51;;3;0;0;0;0;0;0;upmWFGGMG;4260557423097;0
at_MarketplaceBooster_Vegavero (Marketplace Seller)_VEGAVERO Shilajit Mumijo;625779482;1.5.2026;cpc;0,51;;3;0;0;0;0;0;0;upmR33A3P;4260557421406;0
com_MarketplaceBooster_Vegavero (Marketplace Seller)_VEGAVERO Mushroom Mix Complex;620546918;1.5.2026;cpc;0,51;;3;0;0;0;0;0;0;upm4XDXPR;4260557422045;0
com_MarketplaceBooster_Vegavero (Marketplace Seller)_VEGAVERO Chlorella BIO + Spirulina BIO;619667808;1.5.2026;cpc;1,01;;3;0;0;0;0;0;0;14250597;4260309484185;0
at_MarketplaceBooster_Vegavero (Marketplace Seller)_VEGAVERO EAA;625771660;1.5.2026;cpc;0,51;;3;0;0;0;0;0;0;upmGMXXY9;4260557420744;0
com_CrossSellReRank_Vegavero (Marketplace Seller)_VEGAVERO L-Glutamin Pulver;643141362;1.5.2026;cpc;0,31;;3;0;0;0;0;0;0;upmUPTFMH;4260557423233;0
com_MarketplaceBooster_Vegavero (Marketplace Seller)_VEGAVERO Brennnessel BIO;619682703;1.5.2026;cpc;0,51;;3;0;0;0;0;0;0;upm9RX43T;4260557421031;0
at_CrossSellReRank_Vegavero (Marketplace Seller)_VEGAVERO Hyaluronsaeure;643052787;1.5.2026;cpc;0,31;;6;0;0;0;0;0;0;upmPMLEP9;4260557423103;0
at_CrossSellReRank_Vegavero (Marketplace Seller)_VEGAVERO Brahmi BIO;658280083;1.5.2026;cpc;0,31;;3;0;0;0;0;0;0;upmHFPDDK;4260557421956;0
com_MarketplaceBooster_Vegavero (Marketplace Seller)_VEGAVERO Maitake BIO;629496632;1.5.2026;cpc;0,51;;3;1;33,333333;0;0,51;0;0;upmW4TZYD;4260557420874;0,51
it_CrossSellReRank_Vegavero (Marketplace Seller)_VEGAVERO Chaga BIO;649104196;1.5.2026;cpc;0,31;;6;0;0;0;0;0;0;upmPYECDL;4260557422298;0
it_CrossSellReRank_Vegavero (Marketplace Seller)_VEGAVERO Boswellia;649114866;1.5.2026;cpc;0,31;;4;0;0;0;0;0;0;upmEH2K74;4260557422588;0
com_CrossSellReRank_Vegavero (Marketplace Seller)_VEGAVERO Zimt Extrakt BIO;643084936;1.5.2026;cpc;0,31;;3;0;0;0;0;0;0;upmW9KKTG;4260557422618;0
com_MarketplaceBooster_Vegavero (Marketplace Seller)_VEGAVERO Griffonia;658283046;1.5.2026;cpc;1,51;;3;0;0;0;0;0;0;upmG7RZLC;4260557423318;0
at_MarketplaceBooster_Vegavero (Marketplace Seller)_VEGAVERO Koffein;626443345;1.5.2026;cpc;0,51;;3;0;0;0;0;0;0;upm4XZRWY;4260557423127;0
at_MarketplaceBooster_Vegavero (Marketplace Seller)_VEGAVERO Triphala BIO;625772285;1.5.2026;cpc;0,51;;3;0;0;0;0;0;0;upmGL239Y;4260557420812;0
com_CrossSellReRank_Vegavero (Marketplace Seller)_VEGAVERO Liver Active Complex;643084947;1.5.2026;cpc;0,31;;3;0;0;0;0;0;0;14250812;4260557420188;0
it_CrossSellReRank_Vegavero (Marketplace Seller)_VEGAVERO Echinacea Purpurea;649076430;1.5.2026;cpc;0,31;;8;0;0;0;0;0;0;upmPZPD44;4260557420133;0
at_MarketplaceBooster_Vegavero (Marketplace Seller)_VEGAVERO Tribulus terrestris Extrakt;658279972;1.5.2026;cpc;0,51;;3;0;0;0;0;0;0;14251088;4260309481313;0
at_CrossSellReRank_Vegavero (Marketplace Seller)_VEGAVERO Maitake BIO;658280016;1.5.2026;cpc;0,31;;3;0;0;0;0;0;0;upmW4TZYD;4260557420874;0
com_CrossSellReRank_Vegavero (Marketplace Seller)_VEGAVERO Salbei BIO;643089690;1.5.2026;cpc;0,31;;3;0;0;0;0;0;0;upmMMLDZE;4260557420966;0
SOLD_OUT_com_CrossSellReRank_Vegavero (Marketplace Seller)_VEGAVERO Pro Bio Kids BIO;643084950;1.5.2026;cpc;0,31;;3;0;0;0;0;0;0;14250953;4260557420249;0
it_CrossSellReRank_Vegavero (Marketplace Seller)_VEGAVERO Enotera;658296335;1.5.2026;cpc;0,61;;7;0;0;0;0;0;0;upm7DM474;4260557423448;0
at_MarketplaceBooster_Vegavero (Marketplace Seller)_VEGAVERO Cordyceps Extrakt;658347645;1.5.2026;cpc;0,51;;3;0;0;0;0;0;0;14250611;4260309483218;0
at_CrossSellReRank_Vegavero (Marketplace Seller)_VEGAVERO D-Mannose Pulver;658295900;1.5.2026;cpc;0,31;;3;0;0;0;0;0;0;14250686;4260309481603;0
com_CrossSellReRank_Vegavero (Marketplace Seller)_VEGAVERO Resveratrol + Nicotinamid;643088593;1.5.2026;cpc;0,31;;3;0;0;0;0;0;0;upmGDDD7G;4260557420805;0
it_CrossSellReRank_Vegavero (Marketplace Seller)_VEGAVERO Bacopa BIO;649096403;1.5.2026;cpc;0,31;;4;0;0;0;0;0;0;upmHFPDDK;4260557421956;0
it_CrossSellReRank_Vegavero (Marketplace Seller)_VEGAVERO Chrom Plus;649145953;1.5.2026;cpc;0,31;;5;0;0;0;0;0;0;upmL7ZDD2;4260557422946;0
com_MarketplaceBooster_Vegavero (Marketplace Seller)_VEGAVERO Apple Cider Vinegar Gummies;620564989;1.5.2026;cpc;0,51;;3;0;0;0;0;0;0;upmF2EYPK;4260557423172;0
it_MarketplaceBooster_Vegavero (Marketplace Seller)_VEGAVERO MSM;620565773;1.5.2026;cpc;1,01;;3;0;0;0;0;0;0;upmWCKTTE;4260309481214;0
com_CrossSellReRank_Vegavero (Marketplace Seller)_VEGAVERO Reishi Extrakt;643082721;1.5.2026;cpc;0,31;;4;0;0;0;0;0;0;14251013;4260309481665;0
com_MarketplaceBooster_Vegavero (Marketplace Seller)_VEGAVERO Ingwer BIO;619663942;1.5.2026;cpc;0,51;;3;0;0;0;0;0;0;upmPX4TPU;4260557420386;0
com_CrossSellReRank_Vegavero (Marketplace Seller)_VEGAVERO Bockshornklee BIO;643134873;1.5.2026;cpc;0,31;;5;0;0;0;0;0;0;upm7AL3PG;4260557422977;0
com_CrossSellReRank_Vegavero (Marketplace Seller)_VEGAVERO Light Legs Complex;658347562;1.5.2026;cpc;0,31;;4;0;0;0;0;0;0;upmD7EWMP;4260557420454;0
at_CrossSellReRank_Vegavero (Marketplace Seller)_VEGAVERO Rosskastanie Plus BIO;658295841;1.5.2026;cpc;0,51;;5;0;0;0;0;0;0;upmUR4ZK4;4260557421239;0
com_MarketplaceBooster_Vegavero (Marketplace Seller)_VEGAVERO Hyaluronsaeure;620565218;1.5.2026;cpc;1,51;;3;0;0;0;0;0;0;upmPMLEP9;4260557423103;0
at_MarketplaceBooster_Vegavero (Marketplace Seller)_VEGAVERO Nachtkerzen und Borretsch?l BIO;658295855;1.5.2026;cpc;0,51;;3;0;0;0;0;0;0;upm7KTFPH;4260557421420;0
at_MarketplaceBooster_Vegavero (Marketplace Seller)_VEGAVERO Papaya Enzym;625793359;1.5.2026;cpc;0,51;;4;0;0;0;0;0;0;14250930;4260309482648;0
at_CrossSellReRank_Vegavero (Marketplace Seller)_VEGAVERO Cholin Trio;658280068;1.5.2026;cpc;0,31;;9;0;0;0;0;0;0;upm97PFY9;4260557421826;0
it_CrossSellReRank_Vegavero (Marketplace Seller)_VEGAVERO Cordyceps Sinensis BIO;649146937;1.5.2026;cpc;0,31;;8;0;0;0;0;0;0;upmTG77MW;4260557422991;0
com_CrossSellReRank_Vegavero (Marketplace Seller)_VEGAVERO Cordyceps sinensis BIO;658295815;1.5.2026;cpc;0,31;;5;0;0;0;0;0;0;upmTG77MW;4260557422991;0
at_MarketplaceBooster_Vegavero (Marketplace Seller)_VEGAVERO EAA Pulver Pfirsich;658445040;1.5.2026;cpc;1,01;;3;0;0;0;0;0;0;upmP94YR7;4260557423530;0
it_MarketplaceBooster_Vegavero (Marketplace Seller)_VEGAVERO MSM;641622735;1.5.2026;cpc;1,01;;3;0;0;0;0;0;0;upmTLUPGT;4260309483881;0
com_MarketplaceBooster_Vegavero (Marketplace Seller)_VEGAVERO Cordyceps sinensis BIO;620541534;1.5.2026;cpc;0,51;;3;0;0;0;0;0;0;upmTG77MW;4260557422991;0
at_MarketplaceBooster_Vegavero (Marketplace Seller)_VEGAVERO L-Glutamin Pulver;626443805;1.5.2026;cpc;0,51;;3;0;0;0;0;0;0;upmUPTFMH;4260557423233;0
com_MarketplaceBooster_Vegavero (Marketplace Seller)_VEGAVERO Shilajit Mumijo;619715133;1.5.2026;cpc;0,51;;3;0;0;0;0;0;0;upmR33A3P;4260557421406;0
com_CrossSellReRank_Vegavero (Marketplace Seller)_VEGAVERO Tribulus terrestris Extrakt;643082758;1.5.2026;cpc;0,31;;2;0;0;0;0;0;0;14251088;4260309481313;0
at_CrossSellReRank_Vegavero (Marketplace Seller)_VEGAVERO Reishi Extrakt;658279956;1.5.2026;cpc;0,31;;6;0;0;0;0;0;0;14251013;4260309481665;0
com_CrossSellReRank_Vegavero (Marketplace Seller)_VEGAVERO BCAA Pulver Mango;658445062;1.5.2026;cpc;0,31;;2;0;0;0;0;0;0;upmWWWMYX;4260557423523;0
com_MarketplaceBooster_Vegavero (Marketplace Seller)_VEGAVERO Chaga BIO;629497666;1.5.2026;cpc;0,51;;2;0;0;0;0;0;0;upmPYECDL;4260557422298;0
com_CrossSellReRank_Vegavero (Marketplace Seller)_VEGAVERO Apple Cider Vinegar;643138167;1.5.2026;cpc;0,31;;7;0;0;0;0;0;0;upmUTDZP9;4260557423158;0
it_MarketplaceBooster_Vegavero (Marketplace Seller)_VEGAVERO EAA in Polvere;658381330;1.5.2026;cpc;1,01;;2;0;0;0;0;0;0;upmP94YR7;4260557423530;0
com_CrossSellReRank_Vegavero (Marketplace Seller)_VEGAVERO Chaga BIO;643093999;1.5.2026;cpc;0,31;;4;0;0;0;0;0;0;upmPYECDL;4260557422298;0
at_MarketplaceBooster_Vegavero (Marketplace Seller)_VEGAVERO Bromelain 2400 GDU/g;625775688;1.5.2026;cpc;0,51;;2;0;0;0;0;0;0;upm43HM34;4260557421130;0
it_CrossSellReRank_Vegavero (Marketplace Seller)_VEGAVERO Cumino Nero BIO;658352478;1.5.2026;cpc;0,31;;8;0;0;0;0;0;0;upmEUZ9F7;4260557421376;0
at_CrossSellReRank_Vegavero (Marketplace Seller)_VEGAVERO Vitamin D3 und K2 ?l;658280065;1.5.2026;cpc;1,11;;4;0;0;0;0;0;0;upm7FHKKZ;4260557421437;0
com_CrossSellReRank_Vegavero (Marketplace Seller)_VEGAVERO Youth Biotics;658469896;1.5.2026;cpc;0,61;;2;0;0;0;0;0;0;upmW7Y7DL;4260557423462;0
at_CrossSellReRank_Vegavero (Marketplace Seller)_VEGAVERO Quercetin Komplex;658445035;1.5.2026;cpc;0,61;;3;0;0;0;0;0;0;upmF2AFXC;4260557423509;0
it_CrossSellReRank_Vegavero (Marketplace Seller)_VEGAVERO Lievito di Birra;658296221;1.5.2026;cpc;0,31;;3;0;0;0;0;0;0;upmKUKGHH;4260557423332;0
SOLD_OUT_com_CrossSellReRank_Vegavero (Marketplace Seller)_VEGAVERO Vitamin B12 Tropfen;643132496;1.5.2026;cpc;0,31;;5;0;0;0;0;0;0;upmYRCT9P;4260557422908;0
it_CrossSellReRank_Vegavero (Marketplace Seller)_VEGAVERO EAA in Polvere;658381331;1.5.2026;cpc;0,61;;3;0;0;0;0;0;0;upmP94YR7;4260557423530;0
com_MarketplaceBooster_Vegavero (Marketplace Seller)_VEGAVERO Ashwagandha BIO;619667906;1.5.2026;cpc;0,51;;2;0;0;0;0;0;0;upmUPLLZH;4260557420676;0
at_CrossSellReRank_Vegavero (Marketplace Seller)_VEGAVERO Nachtkerzen ?l;658283039;1.5.2026;cpc;0,61;;2;0;0;0;0;0;0;upm7DM474;4260557423448;0
it_MarketplaceBooster_Vegavero (Marketplace Seller)_VEGAVERO Magnesio + Potassio;620566099;1.5.2026;cpc;0,51;;2;2;100;0;1,02;0;0;upm32MART;4260557420287;0,51
com_MarketplaceBooster_Vegavero (Marketplace Seller)_VEGAVERO EAA Pulver Pfirsich;658445060;1.5.2026;cpc;2,01;;2;0;0;0;0;0;0;upmP94YR7;4260557423530;0
at_MarketplaceBooster_Vegavero (Marketplace Seller)_VEGAVERO Brennnessel BIO;625775256;1.5.2026;cpc;0,51;;2;0;0;0;0;0;0;upm9RX43T;4260557421031;0
at_CrossSellReRank_Vegavero (Marketplace Seller)_VEGAVERO Triphala BIO;658280010;1.5.2026;cpc;0,31;;4;0;0;0;0;0;0;upmGL239Y;4260557420812;0
com_CrossSellReRank_Vegavero (Marketplace Seller)_VEGAVERO Prostaid Complex;658727269;1.5.2026;cpc;1,31;;6;0;0;0;0;0;0;upmCEE43U;4260557420515;0
com_MarketplaceBooster_Vegavero (Marketplace Seller)_VEGAVERO L-Tryptophan;619660835;1.5.2026;cpc;2,02;;2;0;0;0;0;0;0;14250841;4260309481108;0
at_MarketplaceBooster_Vegavero (Marketplace Seller)_VEGAVERO Beifu? Extrakt;658280100;1.5.2026;cpc;0,61;;2;0;0;0;0;0;0;upmWMGCRY;4260557422090;0
com_MarketplaceBooster_Vegavero (Marketplace Seller)_VEGAVERO Hyaluronsaeure;620565217;1.5.2026;cpc;1,51;;3;0;0;0;0;0;0;upmKMAH3F;4260557420539;0
com_MarketplaceBooster_Vegavero (Marketplace Seller)_VEGAVERO Shiitake Extrakt;619721567;1.5.2026;cpc;0,51;;2;0;0;0;0;0;0;upmZ7P4AX;4260557421970;0
com_MarketplaceBooster_Vegavero (Marketplace Seller)_VEGAVERO Chrom Plus;627595667;1.5.2026;cpc;0,51;;2;1;50;0;0,51;0;0;upmL7ZDD2;4260557422946;0,51
SOLD_OUT_com_MarketplaceBooster_Vegavero (Marketplace Seller)_VEGAVERO Guggul;652847799;1.5.2026;cpc;0,51;;2;0;0;0;0;0;0;upmT99EZK;4260557421123;0
at_MarketplaceBooster_Vegavero (Marketplace Seller)_VEGAVERO Curcuma BIO;626440031;1.5.2026;cpc;0,51;;2;0;0;0;0;0;0;upm27X4XW;4260557422878;0
it_MarketplaceBooster_Vegavero (Marketplace Seller)_VEGAVERO Fieno Greco BIO;641649770;1.5.2026;cpc;0,51;;2;0;0;0;0;0;0;upm7AL3PG;4260557422977;0
com_CrossSellReRank_Vegavero (Marketplace Seller)_VEGAVERO BIO Astaxanthin ?l;643093116;1.5.2026;cpc;0,91;;2;0;0;0;0;0;0;upm7GZX42;4260557423165;0
com_MarketplaceBooster_Vegavero (Marketplace Seller)_VEGAVERO Beifu? Extrakt;658295464;1.5.2026;cpc;0,61;;2;0;0;0;0;0;0;upmWMGCRY;4260557422090;0
at_CrossSellReRank_Vegavero (Marketplace Seller)_VEGAVERO MSM Pulver DOSE;658279976;1.5.2026;cpc;0,61;;2;0;0;0;0;0;0;upmTLUPGT;4260309483881;0
it_CrossSellReRank_Vegavero (Marketplace Seller)_VEGAVERO Igname Selvatico +  Zinco;658353188;1.5.2026;cpc;0,31;;3;0;0;0;0;0;0;14251183;4260309481672;0
at_CrossSellReRank_Vegavero (Marketplace Seller)_VEGAVERO Brewers Yeast;658347644;1.5.2026;cpc;0,31;;2;0;0;0;0;0;0;upmKUKGHH;4260557423332;0
it_MarketplaceBooster_Vegavero (Marketplace Seller)_VEGAVERO Acido Ialuronico;626451040;1.5.2026;cpc;0,51;;2;0;0;0;0;0;0;upmKMAH3F;4260557420539;0
it_MarketplaceBooster_Vegavero (Marketplace Seller)_VEGAVERO Vegan Essentials Complex;641622696;1.5.2026;cpc;0,51;;2;2;100;0;1,02;0;0;upmHHT433;4260557421390;0,51
it_CrossSellReRank_Vegavero (Marketplace Seller)_VEGAVERO Strong Bones;658296089;1.5.2026;cpc;0,31;;9;0;0;0;0;0;0;upmAP9MLM;4260557423301;0
at_MarketplaceBooster_Vegavero (Marketplace Seller)_VEGAVERO Glucomannan BIO;658347634;1.5.2026;cpc;0,51;;2;0;0;0;0;0;0;upmLXEUT7;4260557423240;0
at_CrossSellReRank_Vegavero (Marketplace Seller)_VEGAVERO Shiitake Extrakt;658280087;1.5.2026;cpc;0,31;;3;0;0;0;0;0;0;upmZ7P4AX;4260557421970;0
com_CrossSellReRank_Vegavero (Marketplace Seller)_VEGAVERO Chia ?l BIO;643127528;1.5.2026;cpc;0,31;;2;0;0;0;0;0;0;upmK7YWLD;4260557422649;0
com_CrossSellReRank_Vegavero (Marketplace Seller)_VEGAVERO Glucosamin Plus;658347224;1.5.2026;cpc;0,31;;1;0;0;0;0;0;0;upmKWW3MD;4260557423349;0
at_CrossSellReRank_Vegavero (Marketplace Seller)_VEGAVERO Vitamin K2;658295904;1.5.2026;cpc;0,31;;1;0;0;0;0;0;0;upmFYFHAU;4260557423424;0
com_CrossSellReRank_Vegavero (Marketplace Seller)_VEGAVERO Shiitake Extrakt;643093288;1.5.2026;cpc;0,31;;2;0;0;0;0;0;0;upmZ7P4AX;4260557421970;0
it_MarketplaceBooster_Vegavero (Marketplace Seller)_VEGAVERO Echinacea Purpurea;620565881;1.5.2026;cpc;0,51;;1;0;0;0;0;0;0;upmPZPD44;4260557420133;0
com_CrossSellReRank_Vegavero (Marketplace Seller)_VEGAVERO Hyaluronsaeure;643078378;1.5.2026;cpc;0,31;;1;0;0;0;0;0;0;upmKMAH3F;4260557420539;0
com_CrossSellReRank_Vegavero (Marketplace Seller)_VEGAVERO Vegan Essentials Complex;643092356;1.5.2026;cpc;0,31;;1;0;0;0;0;0;0;upmHHT433;4260557421390;0
com_CrossSellReRank_Vegavero (Marketplace Seller)_VEGAVERO Griffonia;658283048;1.5.2026;cpc;1,41;;2;0;0;0;0;0;0;upmG7RZLC;4260557423318;0
at_MarketplaceBooster_Vegavero (Marketplace Seller)_VEGAVERO Reishi Extrakt;625763780;1.5.2026;cpc;0,51;;1;0;0;0;0;0;0;14251013;4260309481665;0
com_CrossSellReRank_Vegavero (Marketplace Seller)_VEGAVERO Ingwer BIO;643085613;1.5.2026;cpc;0,31;;1;0;0;0;0;0;0;upmPX4TPU;4260557420386;0
at_CrossSellReRank_Vegavero (Marketplace Seller)_VEGAVERO Apple Cider Vinegar;658282824;1.5.2026;cpc;0,31;;3;0;0;0;0;0;0;upmUTDZP9;4260557423158;0
com_CrossSellReRank_Vegavero (Marketplace Seller)_VEGAVERO Psyllium BIO;658295762;1.5.2026;cpc;0,31;;3;0;0;0;0;0;0;upmERYMM3;4260557423295;0
com_CrossSellReRank_Vegavero (Marketplace Seller)_VEGAVERO Maitake BIO;643089677;1.5.2026;cpc;0,31;;1;0;0;0;0;0;0;upmW4TZYD;4260557420874;0
com_CrossSellReRank_Vegavero (Marketplace Seller)_VEGAVERO Strong Bones;658283045;1.5.2026;cpc;0,31;;2;0;0;0;0;0;0;upmAP9MLM;4260557423301;0
at_CrossSellReRank_Vegavero (Marketplace Seller)_VEGAVERO Cordyceps Extrakt;658347646;1.5.2026;cpc;0,31;;1;0;0;0;0;0;0;14250611;4260309483218;0
at_CrossSellReRank_Vegavero (Marketplace Seller)_VEGAVERO Ingwer BIO;658280001;1.5.2026;cpc;0,31;;2;0;0;0;0;0;0;upmPX4TPU;4260557420386;0
com_CrossSellReRank_Vegavero (Marketplace Seller)_VEGAVERO Glucomannan BIO;658283041;1.5.2026;cpc;0,31;;3;0;0;0;0;0;0;upmLXEUT7;4260557423240;0
com_CrossSellReRank_Vegavero (Marketplace Seller)_VEGAVERO Elektrolyte Plus;643130058;1.5.2026;cpc;0,31;;3;0;0;0;0;0;0;upmD23XCL;4260557422823;0
it_MarketplaceBooster_Vegavero (Marketplace Seller)_VEGAVERO Cordyceps Sinensis BIO;626451122;1.5.2026;cpc;0,51;;1;0;0;0;0;0;0;upmTG77MW;4260557422991;0
com_CrossSellReRank_Vegavero (Marketplace Seller)_VEGAVERO D-Mannose Complex;643077907;1.5.2026;cpc;0,31;;1;0;0;0;0;0;0;14250640;4260309482747;0
it_CrossSellReRank_Vegavero (Marketplace Seller)_VEGAVERO OPC Trio;649150121;1.5.2026;cpc;0,31;;4;0;0;0;0;0;0;upmWFGGMG;4260557423097;0
com_CrossSellReRank_Vegavero (Marketplace Seller)_VEGAVERO Mushroom Mix Complex;643093879;1.5.2026;cpc;0,31;;1;0;0;0;0;0;0;upm4XDXPR;4260557422045;0
com_CrossSellReRank_Vegavero (Marketplace Seller)_VEGAVERO Vitamin K2;658347334;1.5.2026;cpc;0,31;;2;0;0;0;0;0;0;upmFYFHAU;4260557423424;0
it_CrossSellReRank_Vegavero (Marketplace Seller)_VEGAVERO Beta-Alanina in Polvere;658296317;1.5.2026;cpc;0,61;;5;0;0;0;0;0;0;upmFKHFRA;4260557423431;0
it_CrossSellReRank_Vegavero (Marketplace Seller)_VEGAVERO Olio di semi di Lino BIO;649102015;1.5.2026;cpc;0,31;;6;0;0;0;0;0;0;upmKU4FAU;4260557422038;0
at_CrossSellReRank_Vegavero (Marketplace Seller)_VEGAVERO Psyllium BIO;658282986;1.5.2026;cpc;0,31;;4;0;0;0;0;0;0;upmERYMM3;4260557423295;0
com_MarketplaceBooster_Vegavero (Marketplace Seller)_VEGAVERO EAA;619674321;1.5.2026;cpc;0,51;;1;0;0;0;0;0;0;upmGMXXY9;4260557420744;0
it_CrossSellReRank_Vegavero (Marketplace Seller)_VEGAVERO Vitamina B12 Spray Junior;649103717;1.5.2026;cpc;0,31;;3;0;0;0;0;0;0;upm3RXHUC;4260557422229;0
at_CrossSellReRank_Vegavero (Marketplace Seller)_VEGAVERO Curcuma BIO;658280163;1.5.2026;cpc;0,31;;2;0;0;0;0;0;0;upm27X4XW;4260557422878;0
at_MarketplaceBooster_Vegavero (Marketplace Seller)_VEGAVERO Cordyceps sinensis BIO;620609037;1.5.2026;cpc;0,51;;1;0;0;0;0;0;0;upmTG77MW;4260557422991;0
it_MarketplaceBooster_Vegavero (Marketplace Seller)_VEGAVERO Acido Ialuronico;626451010;1.5.2026;cpc;0,51;;1;0;0;0;0;0;0;upmPMLEP9;4260557423103;0
com_CrossSellReRank_Vegavero (Marketplace Seller)_VEGAVERO Ashwagandha BIO;643088001;1.5.2026;cpc;0,31;;1;0;0;0;0;0;0;upmUPLLZH;4260557420676;0
at_CrossSellReRank_Vegavero (Marketplace Seller)_VEGAVERO Glucomannan BIO;658347640;1.5.2026;cpc;0,31;;2;0;0;0;0;0;0;upmLXEUT7;4260557423240;0
com_CrossSellReRank_Vegavero (Marketplace Seller)_VEGAVERO Hyaluronsaeure;643078405;1.5.2026;cpc;0,31;;1;1;100;0;0,31;0;0;upmPMLEP9;4260557423103;0,31
at_CrossSellReRank_Vegavero (Marketplace Seller)_VEGAVERO Shilajit Mumijo;658280062;1.5.2026;cpc;0,31;;1;0;0;0;0;0;0;upmR33A3P;4260557421406;0
com_CrossSellReRank_Vegavero (Marketplace Seller)_VEGAVERO Astaxanthin ?l;643093279;1.5.2026;cpc;0,31;;4;0;0;0;0;0;0;upmYPTY2W;4260557421925;0
at_CrossSellReRank_Vegavero (Marketplace Seller)_VEGAVERO Youth Biotics;658445047;1.5.2026;cpc;0,31;;2;0;0;0;0;0;0;upmW7Y7DL;4260557423462;0
com_CrossSellReRank_Vegavero (Marketplace Seller)_VEGAVERO EAA Pulver Pfirsich;658445056;1.5.2026;cpc;0,31;;3;0;0;0;0;0;0;upmP94YR7;4260557423530;0
com_CrossSellReRank_Vegavero (Marketplace Seller)_VEGAVERO Cordyceps Extrakt;658347557;1.5.2026;cpc;0,31;;6;0;0;0;0;0;0;14250611;4260309483218;0
it_CrossSellReRank_Vegavero (Marketplace Seller)_VEGAVERO Papaya BIO;649077206;1.5.2026;cpc;0,31;;2;0;0;0;0;0;0;upm9HWLUD;4260557421055;0
com_CrossSellReRank_Vegavero (Marketplace Seller)_VEGAVERO Triphala BIO;643089502;1.5.2026;cpc;0,31;;1;0;0;0;0;0;0;upmGL239Y;4260557420812;0
at_CrossSellReRank_Vegavero (Marketplace Seller)_VEGAVERO Vitamin B12 Spray Cherry;643057333;1.5.2026;cpc;0,31;;3;0;0;0;0;0;0;14251102;4260557420027;0
at_CrossSellReRank_Vegavero (Marketplace Seller)_VEGAVERO Koffein;658282821;1.5.2026;cpc;0,31;;3;0;0;0;0;0;0;upm4XZRWY;4260557423127;0
at_CrossSellReRank_Vegavero (Marketplace Seller)_VEGAVERO Tribulus terrestris Extrakt;658279971;1.5.2026;cpc;0,31;;3;0;0;0;0;0;0;14251088;4260309481313;0
at_CrossSellReRank_Vegavero (Marketplace Seller)_VEGAVERO EAA;658280007;1.5.2026;cpc;0,31;;1;0;0;0;0;0;0;upmGMXXY9;4260557420744;0
com_MarketplaceBooster_Vegavero (Marketplace Seller)_VEGAVERO Vitamin K2;658347316;1.5.2026;cpc;1,01;;0;0;0;0;0;0;0;upmFYFHAU;4260557423424;0
com_CrossSellReRank_Vegavero (Marketplace Seller)_VEGAVERO Glycin Pulver;658295818;1.5.2026;cpc;0,31;;0;0;0;0;0;0;0;upmR9H4DE;4260557422595;0
com_CrossSellReRank_Vegavero (Marketplace Seller)_VEGAVERO Chlorella BIO + Spirulina BIO;643078910;1.5.2026;cpc;1,01;;1;0;0;0;0;0;0;14250597;4260309484185;0
at_MarketplaceBooster_Vegavero (Marketplace Seller)_VEGAVERO Cholin Bitartrat;658283012;1.5.2026;cpc;0,51;;0;0;0;0;0;0;0;upmU9FP9M;4260557423325;0
com_CrossSellReRank_Vegavero (Marketplace Seller)_VEGAVERO Vitamin D3 und K2 ?l;652854756;1.5.2026;cpc;1,11;;0;0;0;0;0;0;0;upm7FHKKZ;4260557421437;0
it_MarketplaceBooster_Vegavero (Marketplace Seller)_VEGAVERO Lievito di Birra;658296220;1.5.2026;cpc;0,51;;0;0;0;0;0;0;0;upmKUKGHH;4260557423332;0
it_MarketplaceBooster_Vegavero (Marketplace Seller)_VEGAVERO Griffonia;658296090;1.5.2026;cpc;0,51;;0;0;0;0;0;0;0;upmG7RZLC;4260557423318;0
at_CrossSellReRank_Vegavero (Marketplace Seller)_VEGAVERO Taurin Pulver;658283035;1.5.2026;cpc;0,31;;1;0;0;0;0;0;0;upmHULHZD;4260557423370;0
at_MarketplaceBooster_Vegavero (Marketplace Seller)_VEGAVERO Psyllium BIO;658282984;1.5.2026;cpc;0,51;;0;0;0;0;0;0;0;upmERYMM3;4260557423295;0
com_CrossSellReRank_Vegavero (Marketplace Seller)_VEGAVERO Wild Yams + Zink;643234437;1.5.2026;cpc;0,31;;0;0;0;0;0;0;0;14251183;4260309481672;0
at_CrossSellReRank_Vegavero (Marketplace Seller)_VEGAVERO Resveratrol + Nicotinamid;658280009;1.5.2026;cpc;0,31;;2;0;0;0;0;0;0;upmGDDD7G;4260557420805;0
at_MarketplaceBooster_Vegavero (Marketplace Seller)_VEGAVERO Vitamin B3 (Nicotinamid);625772385;1.5.2026;cpc;0,81;;0;0;0;0;0;0;0;upmUEXHE2;4260557420850;0
com_MarketplaceBooster_Vegavero (Marketplace Seller)_VEGAVERO Nachtkerzen ?l;658291478;1.5.2026;cpc;1,01;;0;0;0;0;0;0;0;upm7DM474;4260557423448;0
at_MarketplaceBooster_Vegavero (Marketplace Seller)_VEGAVERO Party Hero;658283016;1.5.2026;cpc;0,51;;0;0;0;0;0;0;0;upmFACEA7;4260557423356;0
it_MarketplaceBooster_Vegavero (Marketplace Seller)_VEGAVERO Taurina;658296229;1.5.2026;cpc;0,51;;0;0;0;0;0;0;0;upmHULHZD;4260557423370;0
com_CrossSellReRank_Vegavero (Marketplace Seller)_VEGAVERO Nattokinase;643231278;1.5.2026;cpc;0,31;;1;0;0;0;0;0;0;upm2ZL4CL;4260557423264;0
it_MarketplaceBooster_Vegavero (Marketplace Seller)_VEGAVERO Beta-Alanina in Polvere;658296313;1.5.2026;cpc;1,01;;0;0;0;0;0;0;0;upmFKHFRA;4260557423431;0
com_MarketplaceBooster_Vegavero (Marketplace Seller)_VEGAVERO Glucosamin Plus;658347207;1.5.2026;cpc;1,01;;0;0;0;0;0;0;0;upmKWW3MD;4260557423349;0
com_CrossSellReRank_Vegavero (Marketplace Seller)_VEGAVERO EAA;643088060;1.5.2026;cpc;0,31;;2;0;0;0;0;0;0;upmGMXXY9;4260557420744;0
at_CrossSellReRank_Vegavero (Marketplace Seller)_VEGAVERO Chaga BIO;658280111;1.5.2026;cpc;0,31;;3;0;0;0;0;0;0;upmPYECDL;4260557422298;0
at_CrossSellReRank_Vegavero (Marketplace Seller)_VEGAVERO EAA Pulver Pfirsich;658445042;1.5.2026;cpc;0,61;;1;0;0;0;0;0;0;upmP94YR7;4260557423530;0
at_CrossSellReRank_Vegavero (Marketplace Seller)_VEGAVERO Strong Bones;658283006;1.5.2026;cpc;0,31;;1;0;0;0;0;0;0;upmAP9MLM;4260557423301;0
at_MarketplaceBooster_Vegavero (Marketplace Seller)_VEGAVERO Keto Power;658282839;1.5.2026;cpc;0,51;;0;0;0;0;0;0;0;upmP77L3M;4260557423288;0
com_CrossSellReRank_Vegavero (Marketplace Seller)_VEGAVERO Koffein;643137040;1.5.2026;cpc;0,31;;2;0;0;0;0;0;0;upm4XZRWY;4260557423127;0
com_MarketplaceBooster_Vegavero (Marketplace Seller)_VEGAVERO Cordyceps Extrakt;658347556;1.5.2026;cpc;1,01;;0;0;0;0;0;0;0;14250611;4260309483218;0
it_MarketplaceBooster_Vegavero (Marketplace Seller)_VEGAVERO Strong Bones;658296086;1.5.2026;cpc;0,51;;0;0;0;0;0;0;0;upmAP9MLM;4260557423301;0
it_MarketplaceBooster_Vegavero (Marketplace Seller)_VEGAVERO Glicina in Polvere;658296346;1.5.2026;cpc;1,01;;0;0;0;0;0;0;0;upmTGWG29;4260557423479;0
com_CrossSellReRank_Vegavero (Marketplace Seller)_VEGAVERO Curcuma BIO;643130748;1.5.2026;cpc;0,31;;0;0;0;0;0;0;0;upm27X4XW;4260557422878;0
at_MarketplaceBooster_Vegavero (Marketplace Seller)_VEGAVERO Glycin Pulver;658280143;1.5.2026;cpc;1,01;;0;0;0;0;0;0;0;upmTGWG29;4260557423479;0
at_MarketplaceBooster_Vegavero (Marketplace Seller)_VEGAVERO Strong Bones;658283003;1.5.2026;cpc;0,51;;0;0;0;0;0;0;0;upmAP9MLM;4260557423301;0
com_CrossSellReRank_Vegavero (Marketplace Seller)_VEGAVERO Pro Bio Kulturenkomplex;643080114;1.5.2026;cpc;0,31;;0;0;0;0;0;0;0;14250976;4260557420034;0
it_CrossSellReRank_Vegavero (Marketplace Seller)_VEGAVERO Acido Ialuronico;649164301;1.5.2026;cpc;0,31;;1;0;0;0;0;0;0;upmPMLEP9;4260557423103;0
at_MarketplaceBooster_Vegavero (Marketplace Seller)_VEGAVERO Griffonia;658283007;1.5.2026;cpc;1,61;;0;0;0;0;0;0;0;upmG7RZLC;4260557423318;0
it_MarketplaceBooster_Vegavero (Marketplace Seller)_VEGAVERO Vitamina K2;658296232;1.5.2026;cpc;0,51;;0;0;0;0;0;0;0;upmFYFHAU;4260557423424;0
it_MarketplaceBooster_Vegavero (Marketplace Seller)_VEGAVERO Enotera;658296331;1.5.2026;cpc;1,01;;0;0;0;0;0;0;0;upm7DM474;4260557423448;0
it_MarketplaceBooster_Vegavero (Marketplace Seller)_VEGAVERO Party Hero;658331695;1.5.2026;cpc;0,51;;0;0;0;0;0;0;0;upmFACEA7;4260557423356;0
com_MarketplaceBooster_Vegavero (Marketplace Seller)_VEGAVERO Triphala BIO;619677150;1.5.2026;cpc;0,51;;0;0;0;0;0;0;0;upmGL239Y;4260557420812;0
it_CrossSellReRank_Vegavero (Marketplace Seller)_VEGAVERO Colina;649091299;1.5.2026;cpc;0,31;;1;0;0;0;0;0;0;upm97PFY9;4260557421826;0
com_CrossSellReRank_Vegavero (Marketplace Seller)_VEGAVERO Colon Care Complex;643084949;1.5.2026;cpc;0,31;;1;0;0;0;0;0;0;14250605;4260557420201;0
at_MarketplaceBooster_Vegavero (Marketplace Seller)_VEGAVERO Taurin Pulver;658283030;1.5.2026;cpc;0,51;;0;0;0;0;0;0;0;upmHULHZD;4260557423370;0
SOLD_OUT_it_CrossSellReRank_Vegavero (Marketplace Seller)_VEGAVERO MSM;658296382;1.5.2026;cpc;0,61;;5;0;0;0;0;0;0;14250924;4260309484130;0
at_MarketplaceBooster_Vegavero (Marketplace Seller)_VEGAVERO Cholin Trio;658280067;1.5.2026;cpc;1,01;;0;0;0;0;0;0;0;upm97PFY9;4260557421826;0
it_MarketplaceBooster_Vegavero (Marketplace Seller)_VEGAVERO Colina Bitartrato;658296180;1.5.2026;cpc;0,51;;0;0;0;0;0;0;0;upmU9FP9M;4260557423325;0
com_MarketplaceBooster_Vegavero (Marketplace Seller)_VEGAVERO Strong Bones;658283044;1.5.2026;cpc;0,51;;0;0;0;0;0;0;0;upmAP9MLM;4260557423301;0
com_CrossSellReRank_Vegavero (Marketplace Seller)_VEGAVERO Chrom Plus;643134349;1.5.2026;cpc;0,31;;0;0;0;0;0;0;0;upmL7ZDD2;4260557422946;0
at_MarketplaceBooster_Vegavero (Marketplace Seller)_VEGAVERO Beta-Alanin Pulver;658283036;1.5.2026;cpc;1,01;;0;0;0;0;0;0;0;upmFKHFRA;4260557423431;0
it_MarketplaceBooster_Vegavero (Marketplace Seller)_VEGAVERO Chrom Plus;641642728;1.5.2026;cpc;0,51;;0;0;0;0;0;0;0;upmL7ZDD2;4260557422946;0
at_CrossSellReRank_Vegavero (Marketplace Seller)_VEGAVERO Magnesium Bisglycinat;658282836;1.5.2026;cpc;1,61;;2;0;0;0;0;0;0;upmX4LT4H;4260557423257;0
at_CrossSellReRank_Vegavero (Marketplace Seller)_VEGAVERO Zimt-Ceylon Extrakt;658279983;1.5.2026;cpc;0,31;;0;0;0;0;0;0;0;14251208;4260557420164;0
com_CrossSellReRank_Vegavero (Marketplace Seller)_VEGAVERO OPC Trio;643136197;1.5.2026;cpc;0,31;;1;0;0;0;0;0;0;upmWFGGMG;4260557423097;0
at_CrossSellReRank_Vegavero (Marketplace Seller)_VEGAVERO Griffonia;658283010;1.5.2026;cpc;1,51;;1;0;0;0;0;0;0;upmG7RZLC;4260557423318;0
at_MarketplaceBooster_Vegavero (Marketplace Seller)_VEGAVERO Apple Cider Vinegar Gummies;626443801;1.5.2026;cpc;0,51;;0;0;0;0;0;0;0;upmF2EYPK;4260557423172;0
at_MarketplaceBooster_Vegavero (Marketplace Seller)_VEGAVERO Brewers Yeast;658347642;1.5.2026;cpc;0,51;;0;0;0;0;0;0;0;upmKUKGHH;4260557423332;0
it_CrossSellReRank_Vegavero (Marketplace Seller)_VEGAVERO Aceto di Sidro di Mele;649154266;1.5.2026;cpc;0,31;;0;0;0;0;0;0;0;upmF2EYPK;4260557423172;0
it_MarketplaceBooster_Vegavero (Marketplace Seller)_VEGAVERO Creatina in Polvere;658331593;1.5.2026;cpc;0,51;;0;0;0;0;0;0;0;upmFRZEFX;4260557423226;0
com_CrossSellReRank_Vegavero (Marketplace Seller)_VEGAVERO Boswellia Extrakt;643094189;1.5.2026;cpc;0,31;;0;0;0;0;0;0;0;upmEH2K74;4260557422588;0
it_MarketplaceBooster_Vegavero (Marketplace Seller)_VEGAVERO Lecitina BIO;626459035;1.5.2026;cpc;0,51;;0;0;0;0;0;0;0;upm2HFKPC;4260557422021;0
at_MarketplaceBooster_Vegavero (Marketplace Seller)_VEGAVERO Glucosamin Plus;658295895;1.5.2026;cpc;0,51;;0;0;0;0;0;0;0;upmKWW3MD;4260557423349;0
at_CrossSellReRank_Vegavero (Marketplace Seller)_VEGAVERO BCAA Pulver Mango;658445038;1.5.2026;cpc;0,61;;4;0;0;0;0;0;0;upmWWWMYX;4260557423523;0
it_CrossSellReRank_Vegavero (Marketplace Seller)_VEGAVERO Youth Biotics;658445087;1.5.2026;cpc;0,61;;1;0;0;0;0;0;0;upmW7Y7DL;4260557423462;0
com_CrossSellReRank_Vegavero (Marketplace Seller)_VEGAVERO D-Mannose Pulver;643235044;1.5.2026;cpc;0,31;;0;0;0;0;0;0;0;14250686;4260309481603;0
at_MarketplaceBooster_Vegavero (Marketplace Seller)_VEGAVERO Vitamin K2;658295902;1.5.2026;cpc;0,51;;0;0;0;0;0;0;0;upmFYFHAU;4260557423424;0
at_CrossSellReRank_Vegavero (Marketplace Seller)_VEGAVERO Hyaluronsaeure;643052336;1.5.2026;cpc;0,31;;1;0;0;0;0;0;0;upmKMAH3F;4260557420539;0
it_CrossSellReRank_Vegavero (Marketplace Seller)_VEGAVERO Taurina;658296231;1.5.2026;cpc;0,31;;0;0;0;0;0;0;0;upmHULHZD;4260557423370;0
it_MarketplaceBooster_Vegavero (Marketplace Seller)_VEGAVERO Keto Power;658295962;1.5.2026;cpc;0,51;;0;0;0;0;0;0;0;upmP77L3M;4260557423288;0
it_CrossSellReRank_Vegavero (Marketplace Seller)_VEGAVERO Acido Ialuronico;649164412;1.5.2026;cpc;0,31;;1;0;0;0;0;0;0;upmKMAH3F;4260557420539;0
at_MarketplaceBooster_Vegavero (Marketplace Seller)_VEGAVERO Nachtkerzen ?l;658283038;1.5.2026;cpc;1,01;;0;0;0;0;0;0;0;upm7DM474;4260557423448;0
com_MarketplaceBooster_Vegavero (Marketplace Seller)_VEGAVERO Reishi Extrakt;619660758;1.5.2026;cpc;0,51;;0;0;0;0;0;0;0;14251013;4260309481665;0
at_CrossSellReRank_Vegavero (Marketplace Seller)_VEGAVERO Cordyceps sinensis BIO;658282808;1.5.2026;cpc;0,31;;0;0;0;0;0;0;0;upmTG77MW;4260557422991;0
it_CrossSellReRank_Vegavero (Marketplace Seller)_VEGAVERO Mushroom Mix Complex;649102044;2.5.2026;cpc;0,31;;314;0;0;0;0;0;0;upm4XDXPR;4260557422045;0
it_MarketplaceBooster_Vegavero (Marketplace Seller)_VEGAVERO Omega 3;626451248;2.5.2026;cpc;0,81;;260;1;0,384615;0;0,81;0;0;upm9KDWAZ;4260557421383;0,81
it_CrossSellReRank_Vegavero (Marketplace Seller)_VEGAVERO Ashwagandha BIO;649076814;2.5.2026;cpc;0,31;;187;2;1,123596;0;0,62;0;0;upmUPLLZH;4260557420676;0,31
it_CrossSellReRank_Vegavero (Marketplace Seller)_VEGAVERO Astaxantina BIO;649155147;2.5.2026;cpc;0,61;;163;1;0,636943;0;0,61;0;0;upm7GZX42;4260557423165;0,61
it_MarketplaceBooster_Vegavero (Marketplace Seller)_VEGAVERO Magnesio Complex;620566101;2.5.2026;cpc;0,51;;156;5;3,205128;0;2,55;0;0;upmUZUHTT;4260557421888;0,51
it_CrossSellReRank_Vegavero (Marketplace Seller)_VEGAVERO Omega 3;658752940;2.5.2026;cpc;0,81;;155;1;0,70922;0;0,81;0;0;upm9KDWAZ;4260557421383;0,81
it_MarketplaceBooster_Vegavero (Marketplace Seller)_VEGAVERO Olio di Semi di Chia;641627926;2.5.2026;cpc;0,51;;126;0;0;0;0;0;0;upmK7YWLD;4260557422649;0
at_CrossSellReRank_Vegavero (Marketplace Seller)_VEGAVERO Beta Carotin;643057199;2.5.2026;cpc;0,31;;140;0;0;0;0;0;0;14250551;4260309484208;0
at_CrossSellReRank_Vegavero (Marketplace Seller)_VEGAVERO Vitamin B3 (Nicotinamid);658280014;2.5.2026;cpc;0,51;;317;0;0;0;0;0;0;upmUEXHE2;4260557420850;0
it_MarketplaceBooster_Vegavero (Marketplace Seller)_VEGAVERO Myo-Inositol Complex;658353199;2.5.2026;cpc;1,51;;84;0;0;0;0;0;0;upm7PGM77;4260557421765;0
com_MarketplaceBooster_Vegavero (Marketplace Seller)_VEGAVERO Drenaflux Complex;629500801;2.5.2026;cpc;1,01;;83;3;3,614458;0;3,03;0;0;upm2XGYDU;4260557422489;1,01
at_MarketplaceBooster_Vegavero (Marketplace Seller)_VEGAVERO Vitamin D3 und K2 ?l;658280064;2.5.2026;cpc;1,31;;83;1;1,204819;0;1,31;0;0;upm7FHKKZ;4260557421437;1,31
it_CrossSellReRank_Vegavero (Marketplace Seller)_VEGAVERO Prosta-X;658381379;2.5.2026;cpc;0,61;;88;0;0;0;0;0;0;upmKYYZM4;4260557423486;0
it_MarketplaceBooster_Vegavero (Marketplace Seller)_VEGAVERO Quercetina Complex;658381383;2.5.2026;cpc;0,51;;73;0;0;0;0;0;0;upmF2AFXC;4260557423509;0
it_CrossSellReRank_Vegavero (Marketplace Seller)_VEGAVERO Venaflux Complex;649103716;2.5.2026;cpc;0,31;;69;3;4,411765;0;0,93;0;0;upmKY422A;4260557422212;0,31
it_CrossSellReRank_Vegavero (Marketplace Seller)_VEGAVERO Female Balance Complex;658381499;2.5.2026;cpc;0,31;;76;0;0;0;0;0;0;upmUX2FW3;4260557420638;0
at_CrossSellReRank_Vegavero (Marketplace Seller)_VEGAVERO Eisen Bisglycinat;643050566;2.5.2026;cpc;0,31;;86;0;0;0;0;0;0;14250692;4260309483065;0
SOLD_OUT_it_CrossSellReRank_Vegavero (Marketplace Seller)_VEGAVERO Betacarotene Plus;649106236;2.5.2026;cpc;0,31;;66;1;1,538462;0;0,31;0;0;upmGPMUEM;4260557422427;0,31
at_MarketplaceBooster_Vegavero (Marketplace Seller)_VEGAVERO Omega-3 ?l;625779008;2.5.2026;cpc;1,71;;65;1;1,538462;0;1,71;0;0;upm9KDWAZ;4260557421383;1,71
it_CrossSellReRank_Vegavero (Marketplace Seller)_VEGAVERO Vitamina B12 Spray;658334267;2.5.2026;cpc;0,31;;66;0;0;0;0;0;0;14251102;4260557420027;0
at_CrossSellReRank_Vegavero (Marketplace Seller)_VEGAVERO Schwarzk?mmel?l BIO;658280057;2.5.2026;cpc;0,61;;77;2;3,225806;0;1,22;0;0;upmEUZ9F7;4260557421376;0,61
SOLD_OUT_it_CrossSellReRank_Vegavero (Marketplace Seller)_VEGAVERO L-Tirosina Plus;649143283;2.5.2026;cpc;0,31;;64;0;0;0;0;0;0;upm2FC2LC;4260557422885;0
it_MarketplaceBooster_Vegavero (Marketplace Seller)_VEGAVERO Light Legs Complex;658381501;2.5.2026;cpc;0,51;;59;2;3,389831;0;1,02;0;0;upmD7EWMP;4260557420454;0,51
at_CrossSellReRank_Vegavero (Marketplace Seller)_VEGAVERO Female Balance Complex;658280004;2.5.2026;cpc;0,91;;87;1;1,724138;0;0,91;0;0;upmUX2FW3;4260557420638;0,91
at_CrossSellReRank_Vegavero (Marketplace Seller)_VEGAVERO Vitamin D3+K2 Tropfen;658280177;2.5.2026;cpc;1,41;;68;1;1,724138;0;1,41;0;0;upmKAXT9Y;4260557422915;1,41
it_MarketplaceBooster_Vegavero (Marketplace Seller)_VEGAVERO Ferro;658331730;2.5.2026;cpc;0,51;;55;0;0;0;0;0;0;14250692;4260309483065;0
com_MarketplaceBooster_Vegavero (Marketplace Seller)_VEGAVERO Sun Care Complex;620501459;2.5.2026;cpc;0,51;;52;2;3,846154;0;1,02;0;0;upm7C9XR2;4260557420836;0,51
it_MarketplaceBooster_Vegavero (Marketplace Seller)_VEGAVERO Vitamina D3 + K2;649145075;2.5.2026;cpc;0,91;1;52;2;3,846154;50;1,82;22,9;1258,241758;upmKAXT9Y;4260557422915;0,91
SOLD_OUT_at_MarketplaceBooster_Vegavero (Marketplace Seller)_VEGAVERO Vegan Collagen+Hyaluronic Acid;658347622;2.5.2026;cpc;1,41;;51;1;1,960784;0;1,41;0;0;upmK3CG99;4260557422656;1,41
it_CrossSellReRank_Vegavero (Marketplace Seller)_VEGAVERO Astaxantina;649092862;2.5.2026;cpc;0,41;;54;0;0;0;0;0;0;upmYPTY2W;4260557421925;0
it_MarketplaceBooster_Vegavero (Marketplace Seller)_VEGAVERO Vitamina B12 Spray;658334266;2.5.2026;cpc;0,51;;51;0;0;0;0;0;0;14251102;4260557420027;0
com_CrossSellReRank_Vegavero (Marketplace Seller)_VEGAVERO Rhodiola rosea Extrakt;643082833;2.5.2026;cpc;0,31;;57;0;0;0;0;0;0;14251036;4260557420102;0
it_MarketplaceBooster_Vegavero (Marketplace Seller)_VEGAVERO Vitamina D3 + K2;641650859;2.5.2026;cpc;1,21;;50;1;2;0;1,21;0;0;upm7FHKKZ;4260557421437;1,21
at_MarketplaceBooster_Vegavero (Marketplace Seller)_VEGAVERO Schwarzk?mmel?l BIO;625778996;2.5.2026;cpc;0,81;;50;0;0;0;0;0;0;upmEUZ9F7;4260557421376;0
it_CrossSellReRank_Vegavero (Marketplace Seller)_VEGAVERO Glicina in Polvere;658296353;2.5.2026;cpc;0,31;;60;0;0;0;0;0;0;upmTGWG29;4260557423479;0
at_MarketplaceBooster_Vegavero (Marketplace Seller)_VEGAVERO Myo-Inositol Complex;625786532;2.5.2026;cpc;1,01;;51;1;2;0;1,01;0;0;upm7PGM77;4260557421765;1,01
com_MarketplaceBooster_Vegavero (Marketplace Seller)_VEGAVERO Female Balance Complex;629496626;2.5.2026;cpc;1,21;;49;1;2,040816;0;1,21;0;0;upmUX2FW3;4260557420638;1,21
it_MarketplaceBooster_Vegavero (Marketplace Seller)_VEGAVERO Bromelina;620571075;2.5.2026;cpc;0,51;;49;1;2,040816;0;0,51;0;0;upm43HM34;4260557421130;0,51
it_CrossSellReRank_Vegavero (Marketplace Seller)_VEGAVERO Magnesio Complex;649091773;2.5.2026;cpc;0,31;;57;0;0;0;0;0;0;upmUZUHTT;4260557421888;0
it_MarketplaceBooster_Vegavero (Marketplace Seller)_VEGAVERO Prosta-X;658381378;2.5.2026;cpc;1,01;;49;3;6,122449;0;3,03;0;0;upmKYYZM4;4260557423486;1,01
com_MarketplaceBooster_Vegavero (Marketplace Seller)_VEGAVERO Beta Carotin;620501440;2.5.2026;cpc;1,01;;49;1;2,040816;0;1,01;0;0;14250551;4260309484208;1,01
SOLD_OUT_com_MarketplaceBooster_Vegavero (Marketplace Seller)_VEGAVERO Beta Carotin Plus ?l;620501456;2.5.2026;cpc;0,51;;48;3;6,25;0;1,53;0;0;upmGPMUEM;4260557422427;0,51
it_CrossSellReRank_Vegavero (Marketplace Seller)_VEGAVERO Light Legs Complex;658381503;2.5.2026;cpc;0,31;;51;0;0;0;0;0;0;upmD7EWMP;4260557420454;0
com_MarketplaceBooster_Vegavero (Marketplace Seller)_VEGAVERO Myo-Inositol Complex;658295457;2.5.2026;cpc;1,71;;47;0;0;0;0;0;0;upm7PGM77;4260557421765;0
at_CrossSellReRank_Vegavero (Marketplace Seller)_VEGAVERO Elektrolyte Plus;658280160;2.5.2026;cpc;0,31;;51;0;0;0;0;0;0;upmD23XCL;4260557422823;0
SOLD_OUT_com_MarketplaceBooster_Vegavero (Marketplace Seller)_VEGAVERO Vegan Collagen+Hyaluronic Acid;620530762;2.5.2026;cpc;1,51;;46;0;0;0;0;0;0;upmK3CG99;4260557422656;0
it_CrossSellReRank_Vegavero (Marketplace Seller)_VEGAVERO Sun Care Complex;649077192;2.5.2026;cpc;0,31;;48;0;0;0;0;0;0;upm7C9XR2;4260557420836;0
at_CrossSellReRank_Vegavero (Marketplace Seller)_VEGAVERO Omega-3 ?l;658280058;2.5.2026;cpc;1,31;;55;0;0;0;0;0;0;upm9KDWAZ;4260557421383;0
SOLD_OUT_it_CrossSellReRank_Vegavero (Marketplace Seller)_VEGAVERO Collagene Vegano + Acido Ialuronico;658334350;2.5.2026;cpc;0,81;;52;0;0;0;0;0;0;upmK3CG99;4260557422656;0
SOLD_OUT_it_MarketplaceBooster_Vegavero (Marketplace Seller)_VEGAVERO Probiotici e Prebiotici Bambini;658445101;2.5.2026;cpc;1,01;;44;0;0;0;0;0;0;14250953;4260557420249;0
com_MarketplaceBooster_Vegavero (Marketplace Seller)_VEGAVERO Vitamin D3+K2 Tropfen;620538813;2.5.2026;cpc;1,51;;44;2;4,545455;0;3,02;0;0;upmKAXT9Y;4260557422915;1,51
com_CrossSellReRank_Vegavero (Marketplace Seller)_VEGAVERO Drenaflux Complex;643094174;2.5.2026;cpc;0,31;;50;1;2,272727;0;0,31;0;0;upm2XGYDU;4260557422489;0,31
it_MarketplaceBooster_Vegavero (Marketplace Seller)_VEGAVERO Glucosamin Complex;620567054;2.5.2026;cpc;0,51;;44;0;0;0;0;0;0;upmTYL3Y7;4260557420737;0
com_MarketplaceBooster_Vegavero (Marketplace Seller)_VEGAVERO Omega-3 ?l;620545279;2.5.2026;cpc;1,71;;43;2;4,651163;0;3,42;0;0;upm9KDWAZ;4260557421383;1,71
com_MarketplaceBooster_Vegavero (Marketplace Seller)_VEGAVERO Rhodiola rosea Extrakt;619660946;2.5.2026;cpc;1,01;;43;0;0;0;0;0;0;14251036;4260557420102;0
com_MarketplaceBooster_Vegavero (Marketplace Seller)_VEGAVERO Natural Jod BIO;619661620;2.5.2026;cpc;0,51;;43;0;0;0;0;0;0;14250769;4260557420256;0
SOLD_OUT_it_MarketplaceBooster_Vegavero (Marketplace Seller)_VEGAVERO Betacarotene Plus;641622772;2.5.2026;cpc;0,51;;43;1;2,325581;0;0,51;0;0;upmGPMUEM;4260557422427;0,51
com_MarketplaceBooster_Vegavero (Marketplace Seller)_VEGAVERO Schwarzk?mmel?l BIO;658295946;2.5.2026;cpc;0,91;;42;1;2,380952;0;0,91;0;0;upmEUZ9F7;4260557421376;0,91
it_CrossSellReRank_Vegavero (Marketplace Seller)_VEGAVERO Maca Nera Plus;649149549;2.5.2026;cpc;0,81;;46;1;2,380952;0;0,81;0;0;upmG4PKUG;4260557423042;0,81
at_MarketplaceBooster_Vegavero (Marketplace Seller)_VEGAVERO Vitamin D3+K2 Tropfen;626442372;2.5.2026;cpc;1,51;;42;1;2,380952;0;1,51;0;0;upmKAXT9Y;4260557422915;1,51
SOLD_OUT_at_MarketplaceBooster_Vegavero (Marketplace Seller)_VEGAVERO Beta Carotin Plus ?l;620605197;2.5.2026;cpc;0,51;;42;1;2,380952;0;0,51;0;0;upmGPMUEM;4260557422427;0,51
at_MarketplaceBooster_Vegavero (Marketplace Seller)_VEGAVERO Eisen Bisglycinat;620612855;2.5.2026;cpc;0,51;;41;0;0;0;0;0;0;14250692;4260309483065;0
it_MarketplaceBooster_Vegavero (Marketplace Seller)_VEGAVERO Artiglio del Diavolo Plus;620572756;2.5.2026;cpc;0,51;;41;1;2,439024;0;0,51;0;0;upmD3U322;4260557421192;0,51
com_CrossSellReRank_Vegavero (Marketplace Seller)_VEGAVERO Beifu? Extrakt;643093976;2.5.2026;cpc;0,31;;45;1;2,439024;0;0,31;0;0;upmWMGCRY;4260557422090;0,31
com_MarketplaceBooster_Vegavero (Marketplace Seller)_VEGAVERO Papaya BIO;620527447;2.5.2026;cpc;0,51;;41;0;0;0;0;0;0;upm9HWLUD;4260557421055;0
it_CrossSellReRank_Vegavero (Marketplace Seller)_VEGAVERO Betacarotene;653866107;2.5.2026;cpc;0,31;;43;0;0;0;0;0;0;14250551;4260309484208;0
at_MarketplaceBooster_Vegavero (Marketplace Seller)_VEGAVERO Glucosamin Complex;620608017;2.5.2026;cpc;0,51;;39;0;0;0;0;0;0;upmTYL3Y7;4260557420737;0
at_MarketplaceBooster_Vegavero (Marketplace Seller)_VEGAVERO Prostaid Complex;658727261;2.5.2026;cpc;1,31;;43;0;0;0;0;0;0;upmCEE43U;4260557420515;0
com_CrossSellReRank_Vegavero (Marketplace Seller)_VEGAVERO Lecithin BIO;643093526;2.5.2026;cpc;0,61;1;47;1;2,631579;100;0,61;25,9;4245,901639;upm2HFKPC;4260557422021;0,61
it_MarketplaceBooster_Vegavero (Marketplace Seller)_VEGAVERO Riso Rosso Plus;641644118;2.5.2026;cpc;0,51;;37;1;2,702703;0;0,51;0;0;upmDFWTTT;4260557423110;0,51
it_CrossSellReRank_Vegavero (Marketplace Seller)_VEGAVERO Reishi;658296413;2.5.2026;cpc;0,31;;38;0;0;0;0;0;0;14251013;4260309481665;0
it_CrossSellReRank_Vegavero (Marketplace Seller)_VEGAVERO Cordyceps;658334303;2.5.2026;cpc;0,31;;38;0;0;0;0;0;0;14250611;4260309483218;0
SOLD_OUT_it_MarketplaceBooster_Vegavero (Marketplace Seller)_VEGAVERO Collagene Vegano + Acido Ialuronico;658334348;2.5.2026;cpc;1,21;;37;1;2,702703;0;1,21;0;0;upmK3CG99;4260557422656;1,21
SOLD_OUT_com_CrossSellReRank_Vegavero (Marketplace Seller)_VEGAVERO Beta Carotin Plus ?l;643094141;2.5.2026;cpc;0,31;;39;1;2,857143;0;0,31;0;0;upmGPMUEM;4260557422427;0,31
it_MarketplaceBooster_Vegavero (Marketplace Seller)_VEGAVERO Betacarotene;653864224;2.5.2026;cpc;0,51;;35;1;2,857143;0;0,51;0;0;14250551;4260309484208;0,51
it_CrossSellReRank_Vegavero (Marketplace Seller)_VEGAVERO Myo-Inositol Complex;658353200;2.5.2026;cpc;0,61;;38;1;2,857143;0;0,61;0;0;upm7PGM77;4260557421765;0,61
it_CrossSellReRank_Vegavero (Marketplace Seller)_VEGAVERO Elettroliti Complex;649122256;2.5.2026;cpc;0,31;;39;0;0;0;0;0;0;upmD23XCL;4260557422823;0
it_CrossSellReRank_Vegavero (Marketplace Seller)_VEGAVERO Cysti-Aid Complex;649102998;2.5.2026;cpc;0,31;;37;0;0;0;0;0;0;upmTZFCGA;4260557422199;0
com_MarketplaceBooster_Vegavero (Marketplace Seller)_VEGAVERO BIO Astaxanthin ?l;618496738;2.5.2026;cpc;1,41;;35;1;2,941176;0;1,41;0;0;upm7GZX42;4260557423165;1,41
at_MarketplaceBooster_Vegavero (Marketplace Seller)_VEGAVERO Venaflux Complex;658280105;2.5.2026;cpc;1,61;;34;2;5,882353;0;3,22;0;0;upmKY422A;4260557422212;1,61
at_CrossSellReRank_Vegavero (Marketplace Seller)_VEGAVERO Sun Care Complex;658280012;2.5.2026;cpc;0,31;;41;0;0;0;0;0;0;upm7C9XR2;4260557420836;0
at_MarketplaceBooster_Vegavero (Marketplace Seller)_VEGAVERO Sun Care Complex;658280011;2.5.2026;cpc;0,51;;33;2;6,060606;0;1,02;0;0;upm7C9XR2;4260557420836;0,51
at_MarketplaceBooster_Vegavero (Marketplace Seller)_VEGAVERO Leinsamen?l BIO;658280092;2.5.2026;cpc;0,51;;33;1;3,030303;0;0,51;0;0;upmKU4FAU;4260557422038;0,51
it_MarketplaceBooster_Vegavero (Marketplace Seller)_VEGAVERO Igname Selvatico +  Zinco;658353187;2.5.2026;cpc;0,51;;32;1;3,125;0;0,51;0;0;14251183;4260309481672;0,51
it_CrossSellReRank_Vegavero (Marketplace Seller)_VEGAVERO Quercetina Complex;658381384;2.5.2026;cpc;0,31;;34;1;3,125;0;0,31;0;0;upmF2AFXC;4260557423509;0,31
it_CrossSellReRank_Vegavero (Marketplace Seller)_VEGAVERO Glicina in Polvere;658334363;2.5.2026;cpc;0,31;;35;0;0;0;0;0;0;upmR9H4DE;4260557422595;0
at_MarketplaceBooster_Vegavero (Marketplace Seller)_VEGAVERO Beta Carotin;620605193;2.5.2026;cpc;1,01;;31;3;9,677419;0;3,03;0;0;14250551;4260309484208;1,01
at_MarketplaceBooster_Vegavero (Marketplace Seller)_VEGAVERO Female Harmony Complex;658279991;2.5.2026;cpc;0,51;;31;1;3,225806;0;0,51;0;0;upmUFEEWW;4260557420300;0,51
at_MarketplaceBooster_Vegavero (Marketplace Seller)_VEGAVERO Multivitamin Spray Junior;625777201;2.5.2026;cpc;0,51;;31;0;0;0;0;0;0;upm9ZTF3H;4260557421178;0
at_MarketplaceBooster_Vegavero (Marketplace Seller)_VEGAVERO Colon Care Complex;625767929;2.5.2026;cpc;0,51;;31;0;0;0;0;0;0;14250605;4260557420201;0
com_MarketplaceBooster_Vegavero (Marketplace Seller)_VEGAVERO Vitamin B12 Spray Junior;619721771;2.5.2026;cpc;0,51;;31;0;0;0;0;0;0;upm3RXHUC;4260557422229;0
it_CrossSellReRank_Vegavero (Marketplace Seller)_VEGAVERO Rhodiola Rosea;658445094;2.5.2026;cpc;0,31;;33;0;0;0;0;0;0;14251036;4260557420102;0
at_CrossSellReRank_Vegavero (Marketplace Seller)_VEGAVERO Beifu? Extrakt;658280102;2.5.2026;cpc;0,41;;36;0;0;0;0;0;0;upmWMGCRY;4260557422090;0
SOLD_OUT_at_CrossSellReRank_Vegavero (Marketplace Seller)_VEGAVERO L-Tyrosin Plus;658280164;2.5.2026;cpc;0,31;;37;0;0;0;0;0;0;upm2FC2LC;4260557422885;0
SOLD_OUT_at_MarketplaceBooster_Vegavero (Marketplace Seller)_VEGAVERO Taurin Plus;626442685;2.5.2026;cpc;0,51;;30;0;0;0;0;0;0;upmXXW9XA;4260557423059;0
SOLD_OUT_it_MarketplaceBooster_Vegavero (Marketplace Seller)_VEGAVERO Tribulus Terrestris;658296415;2.5.2026;cpc;0,51;;29;1;3,448276;0;0,51;0;0;14251088;4260309481313;0,51
at_MarketplaceBooster_Vegavero (Marketplace Seller)_VEGAVERO Griffonia Plus;658280152;2.5.2026;cpc;0,51;;30;0;0;0;0;0;0;upmHCULGA;4260557422755;0
at_MarketplaceBooster_Vegavero (Marketplace Seller)_VEGAVERO Oregano ?l BIO;658280076;2.5.2026;cpc;0,51;;29;1;3,448276;0;0,51;0;0;upmYCXAL7;4260557421932;0,51
it_CrossSellReRank_Vegavero (Marketplace Seller)_VEGAVERO Magnesio Bisglicinato;649159286;2.5.2026;cpc;1,31;;28;0;0;0;0;0;0;upmX4LT4H;4260557423257;0
it_CrossSellReRank_Vegavero (Marketplace Seller)_VEGAVERO Magnesio + Potassio;649076465;2.5.2026;cpc;0,31;;31;0;0;0;0;0;0;upm32MART;4260557420287;0
it_MarketplaceBooster_Vegavero (Marketplace Seller)_VEGAVERO Ashwagandha BIO;620566536;2.5.2026;cpc;0,51;;28;2;7,142857;0;1,02;0;0;upmUPLLZH;4260557420676;0,51
at_MarketplaceBooster_Vegavero (Marketplace Seller)_VEGAVERO L-Tryptophan;625767437;2.5.2026;cpc;0,51;;30;0;0;0;0;0;0;14250841;4260309481108;0
it_CrossSellReRank_Vegavero (Marketplace Seller)_VEGAVERO Vitamina D3 + K2;649145192;2.5.2026;cpc;1,11;;30;1;3,571429;0;1,11;0;0;upmKAXT9Y;4260557422915;1,11
com_CrossSellReRank_Vegavero (Marketplace Seller)_VEGAVERO Oregano ?l BIO;643093284;2.5.2026;cpc;0,51;;32;0;0;0;0;0;0;upmYCXAL7;4260557421932;0
at_MarketplaceBooster_Vegavero (Marketplace Seller)_VEGAVERO Elektrolyte Plus;620596596;2.5.2026;cpc;0,51;;27;2;7,407407;0;1,02;0;0;upmD23XCL;4260557422823;0,51
com_MarketplaceBooster_Vegavero (Marketplace Seller)_VEGAVERO K?rbiskern?l BIO;619721382;2.5.2026;cpc;0,51;;27;2;7,407407;0;1,02;0;0;upmY7MX4C;4260557422014;0,51
it_MarketplaceBooster_Vegavero (Marketplace Seller)_VEGAVERO Vitamina D3 + K2;641650857;2.5.2026;cpc;0,51;;27;1;3,703704;0;0,51;0;0;upmKAXT9Y;4260557422915;0,51
at_MarketplaceBooster_Vegavero (Marketplace Seller)_VEGAVERO D-Mannose Complex;620609091;2.5.2026;cpc;0,51;;26;0;0;0;0;0;0;14250640;4260309482747;0
com_CrossSellReRank_Vegavero (Marketplace Seller)_VEGAVERO Eisen Bisglycinat;643077960;2.5.2026;cpc;0,31;;40;1;3,846154;0;0,31;0;0;14250692;4260309483065;0,31
SOLD_OUT_at_CrossSellReRank_Vegavero (Marketplace Seller)_VEGAVERO Pro Bio Kids BIO;658279986;2.5.2026;cpc;0,31;;27;0;0;0;0;0;0;14250953;4260557420249;0
it_CrossSellReRank_Vegavero (Marketplace Seller)_VEGAVERO Aglio Plus;649116897;2.5.2026;cpc;0,31;;27;0;0;0;0;0;0;upm2WRLPU;4260557422632;0
it_MarketplaceBooster_Vegavero (Marketplace Seller)_VEGAVERO Glucomammano BIO;641643679;2.5.2026;cpc;0,51;;26;0;0;0;0;0;0;upmLXEUT7;4260557423240;0
it_MarketplaceBooster_Vegavero (Marketplace Seller)_VEGAVERO Cardo Mariano Plus;641649766;2.5.2026;cpc;0,51;;26;0;0;0;0;0;0;upmR9H2HU;4260557422892;0
com_CrossSellReRank_Vegavero (Marketplace Seller)_VEGAVERO K?rbiskern?l BIO;643093438;2.5.2026;cpc;0,31;;27;1;4;0;0,31;0;0;upmY7MX4C;4260557422014;0,31
com_MarketplaceBooster_Vegavero (Marketplace Seller)_VEGAVERO Liver Active Complex;619661159;2.5.2026;cpc;0,51;;25;0;0;0;0;0;0;14250812;4260557420188;0
com_MarketplaceBooster_Vegavero (Marketplace Seller)_VEGAVERO Female Harmony Complex;629496627;2.5.2026;cpc;0,51;;25;1;4;0;0,51;0;0;upmUFEEWW;4260557420300;0,51
it_CrossSellReRank_Vegavero (Marketplace Seller)_VEGAVERO Moringa BIO;658388299;2.5.2026;cpc;0,31;;31;0;0;0;0;0;0;14250893;4260309481115;0
it_CrossSellReRank_Vegavero (Marketplace Seller)_VEGAVERO Cardo Mariano;658352468;2.5.2026;cpc;0,31;;26;1;4;0;0,31;0;0;upmGMGWYP;4260309481979;0,31
it_MarketplaceBooster_Vegavero (Marketplace Seller)_VEGAVERO Resveratrolo Plus;620567258;2.5.2026;cpc;0,51;;25;0;0;0;0;0;0;upmGDDD7G;4260557420805;0
com_CrossSellReRank_Vegavero (Marketplace Seller)_VEGAVERO Venaflux Complex;643093981;2.5.2026;cpc;1,41;;28;0;0;0;0;0;0;upmKY422A;4260557422212;0
at_MarketplaceBooster_Vegavero (Marketplace Seller)_VEGAVERO Liver Active Complex;625768092;2.5.2026;cpc;0,51;;25;1;4;0;0,51;0;0;14250812;4260557420188;0,51
it_MarketplaceBooster_Vegavero (Marketplace Seller)_VEGAVERO Iodio naturale BIO;658445105;2.5.2026;cpc;1,01;;24;0;0;0;0;0;0;14250769;4260557420256;0
at_MarketplaceBooster_Vegavero (Marketplace Seller)_VEGAVERO Vegan Essentials Complex;620605288;2.5.2026;cpc;0,51;;24;1;4,166667;0;0,51;0;0;upmHHT433;4260557421390;0,51
com_MarketplaceBooster_Vegavero (Marketplace Seller)_VEGAVERO MSM Pulver;620565741;2.5.2026;cpc;1,21;;24;2;8,333333;0;2,42;0;0;upmWCKTTE;4260309481214;1,21
com_CrossSellReRank_Vegavero (Marketplace Seller)_VEGAVERO Teufelskralle Plus;643090107;2.5.2026;cpc;0,31;;26;0;0;0;0;0;0;upmD3U322;4260557421192;0
it_CrossSellReRank_Vegavero (Marketplace Seller)_VEGAVERO Riso Rosso Plus;649150541;2.5.2026;cpc;0,31;;26;0;0;0;0;0;0;upmDFWTTT;4260557423110;0
com_MarketplaceBooster_Vegavero (Marketplace Seller)_VEGAVERO Teufelskralle Plus;619697372;2.5.2026;cpc;0,51;;23;2;8,695652;0;1,02;0;0;upmD3U322;4260557421192;0,51
SOLD_OUT_it_CrossSellReRank_Vegavero (Marketplace Seller)_VEGAVERO Tribulus Terrestris;658296416;2.5.2026;cpc;0,31;;29;0;0;0;0;0;0;14251088;4260309481313;0
at_MarketplaceBooster_Vegavero (Marketplace Seller)_VEGAVERO Papaya BIO;658295837;2.5.2026;cpc;0,51;;23;0;0;0;0;0;0;upm9HWLUD;4260557421055;0
at_MarketplaceBooster_Vegavero (Marketplace Seller)_VEGAVERO Roter Reis Plus;626443344;2.5.2026;cpc;0,51;;23;0;0;0;0;0;0;upmDFWTTT;4260557423110;0
it_CrossSellReRank_Vegavero (Marketplace Seller)_VEGAVERO Glucosamin Complex;649076940;2.5.2026;cpc;0,31;;25;0;0;0;0;0;0;upmTYL3Y7;4260557420737;0
com_MarketplaceBooster_Vegavero (Marketplace Seller)_VEGAVERO Vitamin D3 und K2 ?l;652853552;2.5.2026;cpc;1,31;;23;1;4,347826;0;1,31;0;0;upm7FHKKZ;4260557421437;1,31
com_MarketplaceBooster_Vegavero (Marketplace Seller)_VEGAVERO D-Mannose Complex;619660802;2.5.2026;cpc;1,51;;23;0;0;0;0;0;0;14250640;4260309482747;0
com_MarketplaceBooster_Vegavero (Marketplace Seller)_VEGAVERO Multivitamin Spray Junior;649171519;2.5.2026;cpc;0,51;;23;2;8,695652;0;1,02;0;0;upm9ZTF3H;4260557421178;0,51
at_MarketplaceBooster_Vegavero (Marketplace Seller)_VEGAVERO Light Legs Complex;658347596;2.5.2026;cpc;0,51;;23;1;4,347826;0;0,51;0;0;upmD7EWMP;4260557420454;0,51
at_MarketplaceBooster_Vegavero (Marketplace Seller)_VEGAVERO Magnesium + Kalium;620594279;2.5.2026;cpc;0,51;;22;0;0;0;0;0;0;upm32MART;4260557420287;0
it_MarketplaceBooster_Vegavero (Marketplace Seller)_VEGAVERO Enzima della Papaya;658445110;2.5.2026;cpc;1,01;;22;0;0;0;0;0;0;14250930;4260309482648;0
SOLD_OUT_at_CrossSellReRank_Vegavero (Marketplace Seller)_VEGAVERO Vitamin B12 Tropfen;658280176;2.5.2026;cpc;0,31;;70;0;0;0;0;0;0;upmYRCT9P;4260557422908;0
SOLD_OUT_com_MarketplaceBooster_Vegavero (Marketplace Seller)_VEGAVERO Taurin Plus;620551671;2.5.2026;cpc;0,51;;22;0;0;0;0;0;0;upmXXW9XA;4260557423059;0
com_CrossSellReRank_Vegavero (Marketplace Seller)_VEGAVERO Rosskastanie Plus BIO;643090783;2.5.2026;cpc;0,41;;28;2;9,090909;0;0,82;0;0;upmUR4ZK4;4260557421239;0,41
com_MarketplaceBooster_Vegavero (Marketplace Seller)_VEGAVERO Keto Power;658283042;2.5.2026;cpc;0,51;;22;0;0;0;0;0;0;upmP77L3M;4260557423288;0
at_CrossSellReRank_Vegavero (Marketplace Seller)_VEGAVERO Lecithin BIO;658280090;2.5.2026;cpc;0,71;;41;0;0;0;0;0;0;upm2HFKPC;4260557422021;0
com_CrossSellReRank_Vegavero (Marketplace Seller)_VEGAVERO Bromelain 2500 GDU/g;658347577;2.5.2026;cpc;0,31;;24;1;4,545455;0;0,31;0;0;upm43HM34;4260557421130;0,31
SOLD_OUT_at_CrossSellReRank_Vegavero (Marketplace Seller)_VEGAVERO Beta Carotin Plus ?l;658280127;2.5.2026;cpc;0,31;;28;0;0;0;0;0;0;upmGPMUEM;4260557422427;0
com_MarketplaceBooster_Vegavero (Marketplace Seller)_VEGAVERO Light Legs Complex;658347560;2.5.2026;cpc;1,01;;21;0;0;0;0;0;0;upmD7EWMP;4260557420454;0
SOLD_OUT_at_CrossSellReRank_Vegavero (Marketplace Seller)_VEGAVERO Vegan Collagen+Hyaluronic Acid;658347624;2.5.2026;cpc;1,21;;24;1;4,761905;0;1,21;0;0;upmK3CG99;4260557422656;1,21
it_MarketplaceBooster_Vegavero (Marketplace Seller)_VEGAVERO Maca Nera Plus;641623120;2.5.2026;cpc;1,01;;21;2;9,52381;0;2,02;0;0;upmG4PKUG;4260557423042;1,01
it_MarketplaceBooster_Vegavero (Marketplace Seller)_VEGAVERO Spirulina BIO +  Clorella BIO;658331796;2.5.2026;cpc;0,51;;21;1;4,761905;0;0,51;0;0;14250597;4260309484185;0,51
it_CrossSellReRank_Vegavero (Marketplace Seller)_VEGAVERO MSM;658352467;2.5.2026;cpc;0,61;;24;0;0;0;0;0;0;upmTLUPGT;4260309483881;0
at_MarketplaceBooster_Vegavero (Marketplace Seller)_VEGAVERO Vitamin B12 Spray Cherry;620611413;2.5.2026;cpc;0,51;;21;0;0;0;0;0;0;14251102;4260557420027;0
it_CrossSellReRank_Vegavero (Marketplace Seller)_VEGAVERO Liver Active Complex;658445100;2.5.2026;cpc;0,31;;25;0;0;0;0;0;0;14250812;4260557420188;0
SOLD_OUT_at_MarketplaceBooster_Vegavero (Marketplace Seller)_VEGAVERO Pro Bio Kids BIO;620610302;2.5.2026;cpc;0,51;;21;1;5;0;0,51;0;0;14250953;4260557420249;0,51
com_CrossSellReRank_Vegavero (Marketplace Seller)_VEGAVERO Beta Carotin;643079421;2.5.2026;cpc;0,31;;23;0;0;0;0;0;0;14250551;4260309484208;0
com_CrossSellReRank_Vegavero (Marketplace Seller)_VEGAVERO Sun Care Complex;643089603;2.5.2026;cpc;0,31;;21;0;0;0;0;0;0;upm7C9XR2;4260557420836;0
it_MarketplaceBooster_Vegavero (Marketplace Seller)_VEGAVERO Griffonia Plus;641628925;2.5.2026;cpc;0,51;;20;2;10;0;1,02;0;0;upmHCULGA;4260557422755;0,51
com_CrossSellReRank_Vegavero (Marketplace Seller)_VEGAVERO Female Balance Complex;643085982;2.5.2026;cpc;0,71;;28;1;5;0;0,71;0;0;upmUX2FW3;4260557420638;0,71
com_MarketplaceBooster_Vegavero (Marketplace Seller)_VEGAVERO OPC Trio;620554337;2.5.2026;cpc;0,51;;22;0;0;0;0;0;0;upmWFGGMG;4260557423097;0
it_MarketplaceBooster_Vegavero (Marketplace Seller)_VEGAVERO Probiotici e Prebiotici BIO;658296369;2.5.2026;cpc;0,51;;20;1;5;0;0,51;0;0;14250976;4260557420034;0,51
it_CrossSellReRank_Vegavero (Marketplace Seller)_VEGAVERO Ginseng Rosso Coreano;649076431;2.5.2026;cpc;0,31;;21;0;0;0;0;0;0;upm2CZXC9;4260557420140;0
at_MarketplaceBooster_Vegavero (Marketplace Seller)_VEGAVERO Magnesium Bisglycinat;620592111;2.5.2026;cpc;1,71;;20;1;5;0;1,71;0;0;upmX4LT4H;4260557423257;1,71
it_MarketplaceBooster_Vegavero (Marketplace Seller)_VEGAVERO Mushroom Mix Complex;641622719;2.5.2026;cpc;0,51;;19;1;5,263158;0;0,51;0;0;upm4XDXPR;4260557422045;0,51
it_CrossSellReRank_Vegavero (Marketplace Seller)_VEGAVERO Probiotici e Prebiotici BIO;658296371;2.5.2026;cpc;0,31;;23;0;0;0;0;0;0;14250976;4260557420034;0
it_CrossSellReRank_Vegavero (Marketplace Seller)_VEGAVERO Spirulina BIO +  Clorella BIO;658331804;2.5.2026;cpc;0,31;;23;0;0;0;0;0;0;14250597;4260309484185;0
com_CrossSellReRank_Vegavero (Marketplace Seller)_VEGAVERO Vitamin B12 Spray Cherry;643079936;2.5.2026;cpc;0,31;;21;0;0;0;0;0;0;14251102;4260557420027;0
com_CrossSellReRank_Vegavero (Marketplace Seller)_VEGAVERO Cholin Trio;643092529;2.5.2026;cpc;0,31;;28;0;0;0;0;0;0;upm97PFY9;4260557421826;0
com_MarketplaceBooster_Vegavero (Marketplace Seller)_VEGAVERO Vegan Essentials Complex;627592060;2.5.2026;cpc;0,51;;19;2;10,526316;0;1,02;0;0;upmHHT433;4260557421390;0,51
it_MarketplaceBooster_Vegavero (Marketplace Seller)_VEGAVERO Echinacea Plus;620565882;2.5.2026;cpc;1,01;;19;0;0;0;0;0;0;upmPHKX9F;4260557423141;0
com_MarketplaceBooster_Vegavero (Marketplace Seller)_VEGAVERO Magnesium + Kalium;617842638;2.5.2026;cpc;1,01;;19;1;5,263158;0;1,01;0;0;upm32MART;4260557420287;1,01
com_MarketplaceBooster_Vegavero (Marketplace Seller)_VEGAVERO Colon Care Complex;627014864;2.5.2026;cpc;0,51;;19;0;0;0;0;0;0;14250605;4260557420201;0
it_CrossSellReRank_Vegavero (Marketplace Seller)_VEGAVERO Enzima della Papaya;658445112;2.5.2026;cpc;0,31;;23;0;0;0;0;0;0;14250930;4260309482648;0
at_CrossSellReRank_Vegavero (Marketplace Seller)_VEGAVERO BIO Astaxanthin ?l;658282827;2.5.2026;cpc;0,91;;24;0;0;0;0;0;0;upm7GZX42;4260557423165;0
at_CrossSellReRank_Vegavero (Marketplace Seller)_VEGAVERO Rhodiola rosea Extrakt;658279979;2.5.2026;cpc;0,31;;27;0;0;0;0;0;0;14251036;4260557420102;0
it_MarketplaceBooster_Vegavero (Marketplace Seller)_VEGAVERO Moringa BIO;658388273;2.5.2026;cpc;0,71;;18;1;5,555556;0;0,71;0;0;14250893;4260309481115;0,71
com_MarketplaceBooster_Vegavero (Marketplace Seller)_VEGAVERO Mariendistel Plus;652868156;2.5.2026;cpc;1,01;;18;0;0;0;0;0;0;upmR9H2HU;4260557422892;0
com_MarketplaceBooster_Vegavero (Marketplace Seller)_VEGAVERO Hagebutte BIO;619682810;2.5.2026;cpc;0,51;;18;0;0;0;0;0;0;upmWRWWCG;4260557421048;0
it_CrossSellReRank_Vegavero (Marketplace Seller)_VEGAVERO Vitamina C Naturale BIO;649076562;2.5.2026;cpc;1,31;;18;1;5,555556;0;1,31;0;0;upmFY9KW9;4260557420331;1,31
com_CrossSellReRank_Vegavero (Marketplace Seller)_VEGAVERO Party Hero;653854384;2.5.2026;cpc;0,31;;23;0;0;0;0;0;0;upmFACEA7;4260557423356;0
SOLD_OUT_it_MarketplaceBooster_Vegavero (Marketplace Seller)_VEGAVERO Vitamina B12 gocce;641629767;2.5.2026;cpc;0,51;;18;2;11,111111;0;1,02;0;0;upmYRCT9P;4260557422908;0,51
at_MarketplaceBooster_Vegavero (Marketplace Seller)_VEGAVERO Natural Jod BIO;625769489;2.5.2026;cpc;0,51;;18;0;0;0;0;0;0;14250769;4260557420256;0
SOLD_OUT_at_MarketplaceBooster_Vegavero (Marketplace Seller)_VEGAVERO L-Tyrosin Plus;626440758;2.5.2026;cpc;0,81;;18;0;0;0;0;0;0;upm2FC2LC;4260557422885;0
at_CrossSellReRank_Vegavero (Marketplace Seller)_VEGAVERO Female Harmony Complex;658279992;2.5.2026;cpc;0,31;;26;0;0;0;0;0;0;upmUFEEWW;4260557420300;0
SOLD_OUT_it_CrossSellReRank_Vegavero (Marketplace Seller)_VEGAVERO Probiotici e Prebiotici Bambini;658445102;2.5.2026;cpc;0,31;;22;0;0;0;0;0;0;14250953;4260557420249;0
it_CrossSellReRank_Vegavero (Marketplace Seller)_VEGAVERO Zenzero BIO;658353197;2.5.2026;cpc;0,31;;18;0;0;0;0;0;0;upmPX4TPU;4260557420386;0
it_CrossSellReRank_Vegavero (Marketplace Seller)_VEGAVERO Biancospino BIO;649076903;2.5.2026;cpc;0,31;;20;0;0;0;0;0;0;upmXW7KXD;4260557420720;0
at_CrossSellReRank_Vegavero (Marketplace Seller)_VEGAVERO Roter Reis Plus;658282817;2.5.2026;cpc;0,31;;18;0;0;0;0;0;0;upmDFWTTT;4260557423110;0
it_CrossSellReRank_Vegavero (Marketplace Seller)_VEGAVERO Cardo Mariano Plus;649143954;2.5.2026;cpc;0,31;;21;0;0;0;0;0;0;upmR9H2HU;4260557422892;0
it_MarketplaceBooster_Vegavero (Marketplace Seller)_VEGAVERO Youth Biotics;658445086;2.5.2026;cpc;1,01;;17;0;0;0;0;0;0;upmW7Y7DL;4260557423462;0
at_MarketplaceBooster_Vegavero (Marketplace Seller)_VEGAVERO Teufelskralle Plus;620605271;2.5.2026;cpc;0,51;;17;0;0;0;0;0;0;upmD3U322;4260557421192;0
it_CrossSellReRank_Vegavero (Marketplace Seller)_VEGAVERO Origano BIO;649094039;2.5.2026;cpc;0,31;;20;0;0;0;0;0;0;upmYCXAL7;4260557421932;0
at_MarketplaceBooster_Vegavero (Marketplace Seller)_VEGAVERO Wild Yams + Zink;625763764;2.5.2026;cpc;0,51;;16;0;0;0;0;0;0;14251183;4260309481672;0
com_MarketplaceBooster_Vegavero (Marketplace Seller)_VEGAVERO Vitamin B12 Spray Cherry;629516457;2.5.2026;cpc;0,51;;16;0;0;0;0;0;0;14251102;4260557420027;0
it_MarketplaceBooster_Vegavero (Marketplace Seller)_VEGAVERO Aglio Plus;641627386;2.5.2026;cpc;0,51;;16;0;0;0;0;0;0;upm2WRLPU;4260557422632;0
at_CrossSellReRank_Vegavero (Marketplace Seller)_VEGAVERO Boswellia Extrakt;658280140;2.5.2026;cpc;0,31;;17;0;0;0;0;0;0;upmEH2K74;4260557422588;0
it_CrossSellReRank_Vegavero (Marketplace Seller)_VEGAVERO Ippocastano BIO Plus;649084572;2.5.2026;cpc;0,31;;20;0;0;0;0;0;0;upmUR4ZK4;4260557421239;0
com_MarketplaceBooster_Vegavero (Marketplace Seller)_VEGAVERO Leinsamen?l BIO;629497213;2.5.2026;cpc;0,51;;16;0;0;0;0;0;0;upmKU4FAU;4260557422038;0
com_MarketplaceBooster_Vegavero (Marketplace Seller)_VEGAVERO MSM Pulver DOSE;619660893;2.5.2026;cpc;1,01;;15;0;0;0;0;0;0;upmTLUPGT;4260309483881;0
it_MarketplaceBooster_Vegavero (Marketplace Seller)_VEGAVERO Venaflux Complex;649103715;2.5.2026;cpc;0,51;;15;1;6,666667;0;0,51;0;0;upmKY422A;4260557422212;0,51
com_MarketplaceBooster_Vegavero (Marketplace Seller)_VEGAVERO Echinacea Plus;620564961;2.5.2026;cpc;0,51;;15;0;0;0;0;0;0;upmPHKX9F;4260557423141;0
at_CrossSellReRank_Vegavero (Marketplace Seller)_VEGAVERO Drenaflux Complex;658295889;2.5.2026;cpc;0,31;;20;0;0;0;0;0;0;upm2XGYDU;4260557422489;0
at_MarketplaceBooster_Vegavero (Marketplace Seller)_VEGAVERO Rhodiola rosea Extrakt;620605153;2.5.2026;cpc;0,51;;15;1;6,666667;0;0,51;0;0;14251036;4260557420102;0,51
com_MarketplaceBooster_Vegavero (Marketplace Seller)_VEGAVERO Bockshornklee BIO;620539867;2.5.2026;cpc;0,51;;15;1;6,666667;0;0,51;0;0;upm7AL3PG;4260557422977;0,51
com_CrossSellReRank_Vegavero (Marketplace Seller)_VEGAVERO Echinacea Plus;643137759;2.5.2026;cpc;0,31;;16;0;0;0;0;0;0;upmPHKX9F;4260557423141;0
it_MarketplaceBooster_Vegavero (Marketplace Seller)_VEGAVERO Cumino Nero BIO;658352477;2.5.2026;cpc;0,51;;15;0;0;0;0;0;0;upmEUZ9F7;4260557421376;0
SOLD_OUT_com_MarketplaceBooster_Vegavero (Marketplace Seller)_VEGAVERO Pro Bio Kids BIO;618496726;2.5.2026;cpc;0,51;;15;0;0;0;0;0;0;14250953;4260557420249;0
it_MarketplaceBooster_Vegavero (Marketplace Seller)_VEGAVERO Elettroliti Complex;641629249;2.5.2026;cpc;0,51;;15;1;6,666667;0;0,51;0;0;upmD23XCL;4260557422823;0,51
it_MarketplaceBooster_Vegavero (Marketplace Seller)_VEGAVERO Astaxantina BIO;620574573;2.5.2026;cpc;0,71;;14;0;0;0;0;0;0;upm7GZX42;4260557423165;0
com_MarketplaceBooster_Vegavero (Marketplace Seller)_VEGAVERO Knoblauch Plus;620530228;2.5.2026;cpc;0,51;;14;0;0;0;0;0;0;upm2WRLPU;4260557422632;0
com_MarketplaceBooster_Vegavero (Marketplace Seller)_VEGAVERO Roter Reis Plus;620557805;2.5.2026;cpc;0,51;;14;1;7,142857;0;0,51;0;0;upmDFWTTT;4260557423110;0,51
it_CrossSellReRank_Vegavero (Marketplace Seller)_VEGAVERO Griffonia;658296092;2.5.2026;cpc;0,31;;16;0;0;0;0;0;0;upmG7RZLC;4260557423318;0
it_CrossSellReRank_Vegavero (Marketplace Seller)_VEGAVERO Cannella Ceylon BIO;649115454;2.5.2026;cpc;0,31;;16;0;0;0;0;0;0;upmW9KKTG;4260557422618;0
SOLD_OUT_at_MarketplaceBooster_Vegavero (Marketplace Seller)_VEGAVERO MSM 670mg;620609039;2.5.2026;cpc;0,51;;14;1;7,142857;0;0,51;0;0;14250924;4260309484130;0,51
SOLD_OUT_com_MarketplaceBooster_Vegavero (Marketplace Seller)_VEGAVERO Vitamin B12 Tropfen;619721768;2.5.2026;cpc;0,51;;14;1;7,142857;0;0,51;0;0;upmYRCT9P;4260557422908;0,51
it_CrossSellReRank_Vegavero (Marketplace Seller)_VEGAVERO EAA - Aminoacidi Essenziali;649077110;2.5.2026;cpc;1,11;;17;0;0;0;0;0;0;upmGMXXY9;4260557420744;0
at_MarketplaceBooster_Vegavero (Marketplace Seller)_VEGAVERO Salbei BIO;658280029;2.5.2026;cpc;0,51;;14;0;0;0;0;0;0;upmMMLDZE;4260557420966;0
it_CrossSellReRank_Vegavero (Marketplace Seller)_VEGAVERO Sugar Balance Complex;649105321;2.5.2026;cpc;0,31;;16;0;0;0;0;0;0;upmAD4HK4;4260557422403;0
at_MarketplaceBooster_Vegavero (Marketplace Seller)_VEGAVERO Chrom Plus;626442427;2.5.2026;cpc;0,51;;14;0;0;0;0;0;0;upmL7ZDD2;4260557422946;0
SOLD_OUT_com_CrossSellReRank_Vegavero (Marketplace Seller)_VEGAVERO L-Tyrosin Plus;643130826;2.5.2026;cpc;1,01;;23;0;0;0;0;0;0;upm2FC2LC;4260557422885;0
at_MarketplaceBooster_Vegavero (Marketplace Seller)_VEGAVERO Knoblauch Plus;626438714;2.5.2026;cpc;0,51;;14;0;0;0;0;0;0;upm2WRLPU;4260557422632;0
it_CrossSellReRank_Vegavero (Marketplace Seller)_VEGAVERO Vegan Essentials Complex;649088044;2.5.2026;cpc;0,31;;16;0;0;0;0;0;0;upmHHT433;4260557421390;0
it_MarketplaceBooster_Vegavero (Marketplace Seller)_VEGAVERO Vegan Essentials Complex;641622696;2.5.2026;cpc;0,51;;14;0;0;0;0;0;0;upmHHT433;4260557421390;0
com_MarketplaceBooster_Vegavero (Marketplace Seller)_VEGAVERO D-Mannose Pulver;619660673;2.5.2026;cpc;1,51;;13;0;0;0;0;0;0;14250686;4260309481603;0
it_MarketplaceBooster_Vegavero (Marketplace Seller)_VEGAVERO Biancospino BIO;620566747;2.5.2026;cpc;0,51;;13;0;0;0;0;0;0;upmXW7KXD;4260557420720;0
at_CrossSellReRank_Vegavero (Marketplace Seller)_VEGAVERO Venaflux Complex;658280106;2.5.2026;cpc;1,41;;19;0;0;0;0;0;0;upmKY422A;4260557422212;0
at_CrossSellReRank_Vegavero (Marketplace Seller)_VEGAVERO Teufelskralle Plus;658280050;2.5.2026;cpc;0,31;;23;0;0;0;0;0;0;upmD3U322;4260557421192;0
it_CrossSellReRank_Vegavero (Marketplace Seller)_VEGAVERO Salvia BIO;649077205;2.5.2026;cpc;0,31;;13;0;0;0;0;0;0;upmMMLDZE;4260557420966;0
SOLD_OUT_at_MarketplaceBooster_Vegavero (Marketplace Seller)_VEGAVERO Vitamin B12 Tropfen;620608016;2.5.2026;cpc;0,51;;13;0;0;0;0;0;0;upmYRCT9P;4260557422908;0
it_CrossSellReRank_Vegavero (Marketplace Seller)_VEGAVERO Vitamina B3 Nicotinamide;649112226;2.5.2026;cpc;0,31;;14;0;0;0;0;0;0;upmKKE3R2;4260557422526;0
com_MarketplaceBooster_Vegavero (Marketplace Seller)_VEGAVERO Eisen Bisglycinat;620565118;2.5.2026;cpc;0,51;1;13;2;15,384615;50;1,02;20,9;2049,019608;14250692;4260309483065;0,51
it_CrossSellReRank_Vegavero (Marketplace Seller)_VEGAVERO Echinacea Purpurea;649076430;2.5.2026;cpc;0,31;;13;0;0;0;0;0;0;upmPZPD44;4260557420133;0
it_MarketplaceBooster_Vegavero (Marketplace Seller)_VEGAVERO Curcuma BIO;641629765;2.5.2026;cpc;0,51;;13;0;0;0;0;0;0;upm27X4XW;4260557422878;0
com_CrossSellReRank_Vegavero (Marketplace Seller)_VEGAVERO Multivitamin Spray Junior;643089899;2.5.2026;cpc;0,31;;16;2;15,384615;0;0,62;0;0;upm9ZTF3H;4260557421178;0,31
at_CrossSellReRank_Vegavero (Marketplace Seller)_VEGAVERO OPC Trio;658282816;2.5.2026;cpc;0,31;;17;0;0;0;0;0;0;upmWFGGMG;4260557423097;0
com_CrossSellReRank_Vegavero (Marketplace Seller)_VEGAVERO Nachtkerzen ?l;658291480;2.5.2026;cpc;0,61;;20;2;15,384615;0;1,22;0;0;upm7DM474;4260557423448;0,61
it_MarketplaceBooster_Vegavero (Marketplace Seller)_VEGAVERO Femme Biotics;658445082;2.5.2026;cpc;1,01;;12;0;0;0;0;0;0;upm4AEDEP;4260557423455;0
com_MarketplaceBooster_Vegavero (Marketplace Seller)_VEGAVERO Astragalus BIO;625748178;2.5.2026;cpc;1,01;;12;0;0;0;0;0;0;upmCGKMCH;4260557421222;0
com_CrossSellReRank_Vegavero (Marketplace Seller)_VEGAVERO MSM Pulver;643233362;2.5.2026;cpc;0,61;;16;0;0;0;0;0;0;upmWCKTTE;4260309481214;0
com_MarketplaceBooster_Vegavero (Marketplace Seller)_VEGAVERO Prostaid Complex;658727268;2.5.2026;cpc;1,51;;12;0;0;0;0;0;0;upmCEE43U;4260557420515;0
com_MarketplaceBooster_Vegavero (Marketplace Seller)_VEGAVERO Zimt-Ceylon Extrakt;619660976;2.5.2026;cpc;0,51;;12;0;0;0;0;0;0;14251208;4260557420164;0
at_MarketplaceBooster_Vegavero (Marketplace Seller)_VEGAVERO D-Mannose Pulver;620609056;2.5.2026;cpc;0,51;;12;0;0;0;0;0;0;14250686;4260309481603;0
at_MarketplaceBooster_Vegavero (Marketplace Seller)_VEGAVERO Glycin Pulver;658280142;2.5.2026;cpc;0,51;;12;0;0;0;0;0;0;upmR9H4DE;4260557422595;0
at_CrossSellReRank_Vegavero (Marketplace Seller)_VEGAVERO Magnesium + Kalium;658279990;2.5.2026;cpc;0,31;;19;0;0;0;0;0;0;upm32MART;4260557420287;0
at_MarketplaceBooster_Vegavero (Marketplace Seller)_VEGAVERO Rosskastanie Plus BIO;658295840;2.5.2026;cpc;1,21;;11;0;0;0;0;0;0;upmUR4ZK4;4260557421239;0
it_CrossSellReRank_Vegavero (Marketplace Seller)_VEGAVERO D Mannosio in Polvere;658352462;2.5.2026;cpc;0,31;;13;1;9,090909;0;0,31;0;0;14250686;4260309481603;0,31
at_CrossSellReRank_Vegavero (Marketplace Seller)_VEGAVERO D-Mannose Complex;643049572;2.5.2026;cpc;0,31;;18;0;0;0;0;0;0;14250640;4260309482747;0
com_CrossSellReRank_Vegavero (Marketplace Seller)_VEGAVERO Cholin Bitartrat;658347159;2.5.2026;cpc;0,31;;12;0;0;0;0;0;0;upmU9FP9M;4260557423325;0
it_CrossSellReRank_Vegavero (Marketplace Seller)_VEGAVERO Olio di semi di Zucca BIO;649099614;2.5.2026;cpc;0,31;;12;0;0;0;0;0;0;upmY7MX4C;4260557422014;0
com_MarketplaceBooster_Vegavero (Marketplace Seller)_VEGAVERO Pro Bio Kulturenkomplex;618496725;2.5.2026;cpc;0,51;;11;0;0;0;0;0;0;14250976;4260557420034;0
at_CrossSellReRank_Vegavero (Marketplace Seller)_VEGAVERO Glycin Pulver;658280144;2.5.2026;cpc;0,31;;16;0;0;0;0;0;0;upmR9H4DE;4260557422595;0
at_CrossSellReRank_Vegavero (Marketplace Seller)_VEGAVERO Papaya BIO;658295838;2.5.2026;cpc;0,31;;15;0;0;0;0;0;0;upm9HWLUD;4260557421055;0
at_CrossSellReRank_Vegavero (Marketplace Seller)_VEGAVERO Glucosamin Complex;658280006;2.5.2026;cpc;0,31;;20;0;0;0;0;0;0;upmTYL3Y7;4260557420737;0
com_MarketplaceBooster_Vegavero (Marketplace Seller)_VEGAVERO Lecithin BIO;652876638;2.5.2026;cpc;1,41;1;11;3;27,272727;33,333333;4,23;25,9;612,293144;upm2HFKPC;4260557422021;1,41
com_CrossSellReRank_Vegavero (Marketplace Seller)_VEGAVERO MSM Pulver;643233340;2.5.2026;cpc;0,31;;16;0;0;0;0;0;0;upmWCKTTE;4260309481214;0
it_MarketplaceBooster_Vegavero (Marketplace Seller)_VEGAVERO Artemisia Vulgaris;649102355;2.5.2026;cpc;0,51;;11;0;0;0;0;0;0;upmWMGCRY;4260557422090;0
at_CrossSellReRank_Vegavero (Marketplace Seller)_VEGAVERO Salbei BIO;658280032;2.5.2026;cpc;0,31;;16;0;0;0;0;0;0;upmMMLDZE;4260557420966;0
at_CrossSellReRank_Vegavero (Marketplace Seller)_VEGAVERO Oregano ?l BIO;658280077;2.5.2026;cpc;0,31;;16;0;0;0;0;0;0;upmYCXAL7;4260557421932;0
it_CrossSellReRank_Vegavero (Marketplace Seller)_VEGAVERO Creatina in Polvere;658331599;2.5.2026;cpc;0,31;;15;0;0;0;0;0;0;upmFRZEFX;4260557423226;0
com_MarketplaceBooster_Vegavero (Marketplace Seller)_VEGAVERO Rosskastanie Plus BIO;619708788;2.5.2026;cpc;1,31;;10;1;10;0;1,31;0;0;upmUR4ZK4;4260557421239;1,31
it_CrossSellReRank_Vegavero (Marketplace Seller)_VEGAVERO Caffeina;649151028;2.5.2026;cpc;0,31;;13;0;0;0;0;0;0;upm4XZRWY;4260557423127;0
SOLD_OUT_it_CrossSellReRank_Vegavero (Marketplace Seller)_VEGAVERO Guggul;649077297;2.5.2026;cpc;0,31;;11;0;0;0;0;0;0;upmT99EZK;4260557421123;0
com_MarketplaceBooster_Vegavero (Marketplace Seller)_VEGAVERO Elektrolyte Plus;617842699;2.5.2026;cpc;0,51;;11;1;10;0;0,51;0;0;upmD23XCL;4260557422823;0,51
at_MarketplaceBooster_Vegavero (Marketplace Seller)_VEGAVERO BIO Astaxanthin ?l;620605149;2.5.2026;cpc;1,01;;10;0;0;0;0;0;0;upm7GZX42;4260557423165;0
com_MarketplaceBooster_Vegavero (Marketplace Seller)_VEGAVERO Venaflux Complex;629497502;2.5.2026;cpc;1,61;;10;1;10;0;1,61;0;0;upmKY422A;4260557422212;1,61
at_MarketplaceBooster_Vegavero (Marketplace Seller)_VEGAVERO Zimt Extrakt BIO;625767692;2.5.2026;cpc;0,51;;10;0;0;0;0;0;0;upmW9KKTG;4260557422618;0
it_CrossSellReRank_Vegavero (Marketplace Seller)_VEGAVERO Ginkgo + Ginseng;649102509;2.5.2026;cpc;0,31;;11;0;0;0;0;0;0;upmF3XUHA;4260557422106;0
at_MarketplaceBooster_Vegavero (Marketplace Seller)_VEGAVERO Youth Biotics;658445045;2.5.2026;cpc;1,01;;10;0;0;0;0;0;0;upmW7Y7DL;4260557423462;0
at_MarketplaceBooster_Vegavero (Marketplace Seller)_VEGAVERO Chlorella BIO + Spirulina BIO;620611807;2.5.2026;cpc;0,51;;10;1;10;0;0,51;0;0;14250597;4260309484185;0,51
SOLD_OUT_com_MarketplaceBooster_Vegavero (Marketplace Seller)_VEGAVERO L-Tyrosin Plus;620537391;2.5.2026;cpc;1,61;;10;0;0;0;0;0;0;upm2FC2LC;4260557422885;0
com_CrossSellReRank_Vegavero (Marketplace Seller)_VEGAVERO Vitamin B12 Spray Junior;643093986;2.5.2026;cpc;0,31;;11;0;0;0;0;0;0;upm3RXHUC;4260557422229;0
it_MarketplaceBooster_Vegavero (Marketplace Seller)_VEGAVERO Vitamina C Naturale BIO;620566115;2.5.2026;cpc;1,51;;10;0;0;0;0;0;0;upmFY9KW9;4260557420331;0
it_MarketplaceBooster_Vegavero (Marketplace Seller)_VEGAVERO Sun Care Complex;649077191;2.5.2026;cpc;0,51;;10;2;20;0;1,02;0;0;upm7C9XR2;4260557420836;0,51
com_MarketplaceBooster_Vegavero (Marketplace Seller)_VEGAVERO Nattokinase;620565077;2.5.2026;cpc;0,51;;10;0;0;0;0;0;0;upm2ZL4CL;4260557423264;0
SOLD_OUT_at_MarketplaceBooster_Vegavero (Marketplace Seller)_VEGAVERO Guggul;658280040;2.5.2026;cpc;0,51;;10;0;0;0;0;0;0;upmT99EZK;4260557421123;0
at_MarketplaceBooster_Vegavero (Marketplace Seller)_VEGAVERO Ashwagandha BIO;625771655;2.5.2026;cpc;0,51;;10;1;10;0;0,51;0;0;upmUPLLZH;4260557420676;0,51
at_MarketplaceBooster_Vegavero (Marketplace Seller)_VEGAVERO MSM Pulver;620609038;2.5.2026;cpc;1,31;;10;1;10;0;1,31;0;0;upmWCKTTE;4260309481214;1,31
at_CrossSellReRank_Vegavero (Marketplace Seller)_VEGAVERO Vegan Essentials Complex;658280060;2.5.2026;cpc;0,31;;18;0;0;0;0;0;0;upmHHT433;4260557421390;0
com_MarketplaceBooster_Vegavero (Marketplace Seller)_VEGAVERO Cholin Trio;618496729;2.5.2026;cpc;1,01;;10;1;10;0;1,01;0;0;upm97PFY9;4260557421826;1,01
at_MarketplaceBooster_Vegavero (Marketplace Seller)_VEGAVERO Nachtkerzen und Borretsch?l BIO;658295855;2.5.2026;cpc;0,51;;10;0;0;0;0;0;0;upm7KTFPH;4260557421420;0
at_MarketplaceBooster_Vegavero (Marketplace Seller)_VEGAVERO Hagebutte BIO;658280037;2.5.2026;cpc;0,51;;10;1;10;0;0,51;0;0;upmWRWWCG;4260557421048;0,51
com_MarketplaceBooster_Vegavero (Marketplace Seller)_VEGAVERO Magnesium Bisglycinat;617842637;2.5.2026;cpc;2,11;;10;3;30;0;6,33;0;0;upmX4LT4H;4260557423257;2,11
com_CrossSellReRank_Vegavero (Marketplace Seller)_VEGAVERO Knoblauch Plus;643126592;2.5.2026;cpc;0,31;;18;0;0;0;0;0;0;upm2WRLPU;4260557422632;0
it_CrossSellReRank_Vegavero (Marketplace Seller)_VEGAVERO L-Triptofano;658352473;2.5.2026;cpc;0,31;;12;0;0;0;0;0;0;14250841;4260309481108;0
at_CrossSellReRank_Vegavero (Marketplace Seller)_VEGAVERO Ashwagandha BIO;658280005;2.5.2026;cpc;0,31;;12;0;0;0;0;0;0;upmUPLLZH;4260557420676;0
at_CrossSellReRank_Vegavero (Marketplace Seller)_VEGAVERO Prostaid Complex;658727263;2.5.2026;cpc;1,31;;17;0;0;0;0;0;0;upmCEE43U;4260557420515;0
it_CrossSellReRank_Vegavero (Marketplace Seller)_VEGAVERO Artiglio del Diavolo Plus;649082840;2.5.2026;cpc;0,31;;9;1;11,111111;0;0,31;0;0;upmD3U322;4260557421192;0,31
at_MarketplaceBooster_Vegavero (Marketplace Seller)_VEGAVERO Shiitake Extrakt;658280086;2.5.2026;cpc;0,51;;9;0;0;0;0;0;0;upmZ7P4AX;4260557421970;0
it_MarketplaceBooster_Vegavero (Marketplace Seller)_VEGAVERO Ippocastano BIO Plus;620572890;2.5.2026;cpc;0,51;;9;0;0;0;0;0;0;upmUR4ZK4;4260557421239;0
it_MarketplaceBooster_Vegavero (Marketplace Seller)_VEGAVERO Boswellia;641624237;2.5.2026;cpc;0,51;;9;1;11,111111;0;0,51;0;0;upmEH2K74;4260557422588;0,51
it_CrossSellReRank_Vegavero (Marketplace Seller)_VEGAVERO Olio di Semi di Chia;649117677;2.5.2026;cpc;0,31;;13;0;0;0;0;0;0;upmK7YWLD;4260557422649;0
it_MarketplaceBooster_Vegavero (Marketplace Seller)_VEGAVERO Liver Active Complex;658445099;2.5.2026;cpc;1,01;;9;1;11,111111;0;1,01;0;0;14250812;4260557420188;1,01
at_MarketplaceBooster_Vegavero (Marketplace Seller)_VEGAVERO Resveratrol + Nicotinamid;625771680;2.5.2026;cpc;0,51;;9;1;11,111111;0;0,51;0;0;upmGDDD7G;4260557420805;0,51
at_CrossSellReRank_Vegavero (Marketplace Seller)_VEGAVERO Resveratrol + Nicotinamid;658280009;2.5.2026;cpc;0,31;;10;0;0;0;0;0;0;upmGDDD7G;4260557420805;0
at_CrossSellReRank_Vegavero (Marketplace Seller)_VEGAVERO Nattokinase;658282838;2.5.2026;cpc;0,31;;9;0;0;0;0;0;0;upm2ZL4CL;4260557423264;0
at_CrossSellReRank_Vegavero (Marketplace Seller)_VEGAVERO Nachtkerzen und Borretsch?l BIO;658295856;2.5.2026;cpc;0,31;;11;0;0;0;0;0;0;upm7KTFPH;4260557421420;0
it_CrossSellReRank_Vegavero (Marketplace Seller)_VEGAVERO Maitake BIO;649077201;2.5.2026;cpc;0,31;;11;0;0;0;0;0;0;upmW4TZYD;4260557420874;0
com_MarketplaceBooster_Vegavero (Marketplace Seller)_VEGAVERO Brewers Yeast;658295767;2.5.2026;cpc;0,51;;9;0;0;0;0;0;0;upmKUKGHH;4260557423332;0
at_MarketplaceBooster_Vegavero (Marketplace Seller)_VEGAVERO Hyaluronsaeure;620609034;2.5.2026;cpc;0,51;;10;0;0;0;0;0;0;upmPMLEP9;4260557423103;0
at_MarketplaceBooster_Vegavero (Marketplace Seller)_VEGAVERO Vision Care Complex;658347599;2.5.2026;cpc;0,51;;9;3;33,333333;0;1,53;0;0;upmWRPTR4;4260557420867;0,51
it_CrossSellReRank_Vegavero (Marketplace Seller)_VEGAVERO D Mannosio Complex;658381392;2.5.2026;cpc;0,3;;10;0;0;0;0;0;0;14250640;4260309482747;0
com_MarketplaceBooster_Vegavero (Marketplace Seller)_VEGAVERO Cholin Bitartrat;658347145;2.5.2026;cpc;1,01;;9;0;0;0;0;0;0;upmU9FP9M;4260557423325;0
it_MarketplaceBooster_Vegavero (Marketplace Seller)_VEGAVERO Cardo Mariano;620565790;2.5.2026;cpc;1,01;;9;0;0;0;0;0;0;upmGMGWYP;4260309481979;0
com_CrossSellReRank_Vegavero (Marketplace Seller)_VEGAVERO Brahmi BIO;643093286;2.5.2026;cpc;0,31;;9;0;0;0;0;0;0;upmHFPDDK;4260557421956;0
com_MarketplaceBooster_Vegavero (Marketplace Seller)_VEGAVERO Vitamin B3 (Nicotinamid);619677908;2.5.2026;cpc;1,51;;9;0;0;0;0;0;0;upmUEXHE2;4260557420850;0
SOLD_OUT_it_MarketplaceBooster_Vegavero (Marketplace Seller)_VEGAVERO Guggul;641655761;2.5.2026;cpc;0,51;;9;0;0;0;0;0;0;upmT99EZK;4260557421123;0
it_CrossSellReRank_Vegavero (Marketplace Seller)_VEGAVERO Colon Care Complex;658353192;2.5.2026;cpc;0,31;;10;0;0;0;0;0;0;14250605;4260557420201;0
com_CrossSellReRank_Vegavero (Marketplace Seller)_VEGAVERO Prostaid Complex;658727269;2.5.2026;cpc;1,31;;12;0;0;0;0;0;0;upmCEE43U;4260557420515;0
com_CrossSellReRank_Vegavero (Marketplace Seller)_VEGAVERO Myo-Inositol Complex;658295458;2.5.2026;cpc;1,11;;17;0;0;0;0;0;0;upm7PGM77;4260557421765;0
it_CrossSellReRank_Vegavero (Marketplace Seller)_VEGAVERO Party Hero;658331705;2.5.2026;cpc;0,31;;9;0;0;0;0;0;0;upmFACEA7;4260557423356;0
com_MarketplaceBooster_Vegavero (Marketplace Seller)_VEGAVERO Psyllium BIO;658295759;2.5.2026;cpc;0,51;;9;0;0;0;0;0;0;upmERYMM3;4260557423295;0
com_MarketplaceBooster_Vegavero (Marketplace Seller)_VEGAVERO Moringa BIO;628844146;2.5.2026;cpc;1,31;;9;0;0;0;0;0;0;14250893;4260309481115;0
SOLD_OUT_at_CrossSellReRank_Vegavero (Marketplace Seller)_VEGAVERO MSM 670mg;643055483;2.5.2026;cpc;0,61;;14;0;0;0;0;0;0;14250924;4260309484130;0
at_CrossSellReRank_Vegavero (Marketplace Seller)_VEGAVERO L-Tryptophan;658279974;2.5.2026;cpc;0,31;;12;0;0;0;0;0;0;14250841;4260309481108;0
at_CrossSellReRank_Vegavero (Marketplace Seller)_VEGAVERO Vision Care Complex;658347600;2.5.2026;cpc;0,31;;10;0;0;0;0;0;0;upmWRPTR4;4260557420867;0
it_CrossSellReRank_Vegavero (Marketplace Seller)_VEGAVERO Multivitamino Spray per Bambini;649081621;2.5.2026;cpc;0,31;;11;0;0;0;0;0;0;upm9ZTF3H;4260557421178;0
com_MarketplaceBooster_Vegavero (Marketplace Seller)_VEGAVERO Rapunzel;658295813;2.5.2026;cpc;0,51;;9;0;0;0;0;0;0;upmDUFHFK;4260557423134;0
com_MarketplaceBooster_Vegavero (Marketplace Seller)_VEGAVERO L-Glutamin Pulver;620565039;2.5.2026;cpc;0,51;1;9;1;11,111111;100;0,51;20,9;4098,039216;upmUPTFMH;4260557423233;0,51
it_MarketplaceBooster_Vegavero (Marketplace Seller)_VEGAVERO Ginseng Rosso Coreano;620566091;2.5.2026;cpc;0,51;;8;0;0;0;0;0;0;upm2CZXC9;4260557420140;0
com_CrossSellReRank_Vegavero (Marketplace Seller)_VEGAVERO Hagebutte BIO;643089764;2.5.2026;cpc;0,31;;9;0;0;0;0;0;0;upmWRWWCG;4260557421048;0
com_MarketplaceBooster_Vegavero (Marketplace Seller)_VEGAVERO Koffein;620560659;2.5.2026;cpc;0,51;;8;0;0;0;0;0;0;upm4XZRWY;4260557423127;0
at_CrossSellReRank_Vegavero (Marketplace Seller)_VEGAVERO Light Legs Complex;658347598;2.5.2026;cpc;0,31;;13;0;0;0;0;0;0;upmD7EWMP;4260557420454;0
com_MarketplaceBooster_Vegavero (Marketplace Seller)_VEGAVERO Taurin Pulver;658347271;2.5.2026;cpc;1,51;;8;0;0;0;0;0;0;upmHULHZD;4260557423370;0
at_CrossSellReRank_Vegavero (Marketplace Seller)_VEGAVERO Natural Jod BIO;658279988;2.5.2026;cpc;0,31;;10;0;0;0;0;0;0;14250769;4260557420256;0
at_MarketplaceBooster_Vegavero (Marketplace Seller)_VEGAVERO Boswellia Extrakt;626438065;2.5.2026;cpc;0,51;;8;1;12,5;0;0,51;0;0;upmEH2K74;4260557422588;0,51
com_MarketplaceBooster_Vegavero (Marketplace Seller)_VEGAVERO Sugar Balance Complex;652859174;2.5.2026;cpc;0,51;;8;0;0;0;0;0;0;upmAD4HK4;4260557422403;0
com_CrossSellReRank_Vegavero (Marketplace Seller)_VEGAVERO Sugar Balance Complex;652861490;2.5.2026;cpc;0,31;;10;0;0;0;0;0;0;upmAD4HK4;4260557422403;0
com_CrossSellReRank_Vegavero (Marketplace Seller)_VEGAVERO Magnesium Bisglycinat;643231145;2.5.2026;cpc;1,41;;8;0;0;0;0;0;0;upmX4LT4H;4260557423257;0
com_MarketplaceBooster_Vegavero (Marketplace Seller)_VEGAVERO Astaxanthin ?l;619716956;2.5.2026;cpc;0,51;;8;0;0;0;0;0;0;upmYPTY2W;4260557421925;0
com_MarketplaceBooster_Vegavero (Marketplace Seller)_VEGAVERO Boswellia Extrakt;620528799;2.5.2026;cpc;0,51;;8;1;12,5;0;0,51;0;0;upmEH2K74;4260557422588;0,51
at_CrossSellReRank_Vegavero (Marketplace Seller)_VEGAVERO Moringa BIO;658725473;2.5.2026;cpc;1,01;;9;1;12,5;0;1,01;0;0;14250893;4260309481115;1,01
com_MarketplaceBooster_Vegavero (Marketplace Seller)_VEGAVERO Nachtkerzen und Borretsch?l BIO;619715142;2.5.2026;cpc;0,51;;8;0;0;0;0;0;0;upm7KTFPH;4260557421420;0
at_MarketplaceBooster_Vegavero (Marketplace Seller)_VEGAVERO Mushroom Mix Complex;625773721;2.5.2026;cpc;0,51;;8;1;12,5;0;0,51;0;0;upm4XDXPR;4260557422045;0,51
at_CrossSellReRank_Vegavero (Marketplace Seller)_VEGAVERO Zimt-Ceylon Extrakt;658279983;2.5.2026;cpc;0,31;;9;0;0;0;0;0;0;14251208;4260557420164;0
com_MarketplaceBooster_Vegavero (Marketplace Seller)_VEGAVERO Chrom Plus;627595667;2.5.2026;cpc;0,51;;8;1;12,5;0;0,51;0;0;upmL7ZDD2;4260557422946;0,51
it_MarketplaceBooster_Vegavero (Marketplace Seller)_VEGAVERO L-Triptofano;658352472;2.5.2026;cpc;0,51;;8;0;0;0;0;0;0;14250841;4260309481108;0
at_CrossSellReRank_Vegavero (Marketplace Seller)_VEGAVERO Rosskastanie Plus BIO;658295841;2.5.2026;cpc;0,51;;13;0;0;0;0;0;0;upmUR4ZK4;4260557421239;0
com_CrossSellReRank_Vegavero (Marketplace Seller)_VEGAVERO Glucosamin Complex;643088059;2.5.2026;cpc;0,31;;13;0;0;0;0;0;0;upmTYL3Y7;4260557420737;0
at_CrossSellReRank_Vegavero (Marketplace Seller)_VEGAVERO Zimt Extrakt BIO;658280146;2.5.2026;cpc;0,31;;10;0;0;0;0;0;0;upmW9KKTG;4260557422618;0
at_MarketplaceBooster_Vegavero (Marketplace Seller)_VEGAVERO Echinacea Plus;626443785;2.5.2026;cpc;0,51;;8;0;0;0;0;0;0;upmPHKX9F;4260557423141;0
at_CrossSellReRank_Vegavero (Marketplace Seller)_VEGAVERO Multivitamin Spray Junior;658280046;2.5.2026;cpc;0,31;;12;0;0;0;0;0;0;upm9ZTF3H;4260557421178;0
com_MarketplaceBooster_Vegavero (Marketplace Seller)_VEGAVERO Glucomannan BIO;658283040;2.5.2026;cpc;0,51;;7;1;14,285714;0;0,51;0;0;upmLXEUT7;4260557423240;0,51
it_CrossSellReRank_Vegavero (Marketplace Seller)_VEGAVERO Shiitake;649097667;2.5.2026;cpc;0,31;;7;0;0;0;0;0;0;upmZ7P4AX;4260557421970;0
com_CrossSellReRank_Vegavero (Marketplace Seller)_VEGAVERO Rapunzel;658295814;2.5.2026;cpc;0,31;;11;0;0;0;0;0;0;upmDUFHFK;4260557423134;0
at_CrossSellReRank_Vegavero (Marketplace Seller)_VEGAVERO Apple Cider Vinegar;658282828;2.5.2026;cpc;0,31;;10;0;0;0;0;0;0;upmF2EYPK;4260557423172;0
it_MarketplaceBooster_Vegavero (Marketplace Seller)_VEGAVERO OPC Trio;641650064;2.5.2026;cpc;0,51;;7;0;0;0;0;0;0;upmWFGGMG;4260557423097;0
com_MarketplaceBooster_Vegavero (Marketplace Seller)_VEGAVERO BCAA Pulver Mango;658445052;2.5.2026;cpc;2,01;;7;0;0;0;0;0;0;upmWWWMYX;4260557423523;0
SOLD_OUT_at_CrossSellReRank_Vegavero (Marketplace Seller)_VEGAVERO Taurin Plus;658282814;2.5.2026;cpc;0,31;;9;0;0;0;0;0;0;upmXXW9XA;4260557423059;0
com_CrossSellReRank_Vegavero (Marketplace Seller)_VEGAVERO Astragalus BIO;643090713;2.5.2026;cpc;0,31;;8;0;0;0;0;0;0;upmCGKMCH;4260557421222;0
com_CrossSellReRank_Vegavero (Marketplace Seller)_VEGAVERO Natural Jod BIO;643084951;2.5.2026;cpc;0,31;;11;0;0;0;0;0;0;14250769;4260557420256;0
at_MarketplaceBooster_Vegavero (Marketplace Seller)_VEGAVERO Ackerschachtelhalm BIO;658347603;2.5.2026;cpc;0,51;;7;0;0;0;0;0;0;upmDKAWH3;4260557421307;0
com_CrossSellReRank_Vegavero (Marketplace Seller)_VEGAVERO Vitamin K2;658347334;2.5.2026;cpc;0,31;;8;1;14,285714;0;0,31;0;0;upmFYFHAU;4260557423424;0,31
at_CrossSellReRank_Vegavero (Marketplace Seller)_VEGAVERO MSM Pulver;658279946;2.5.2026;cpc;0,91;;14;1;14,285714;0;0,91;0;0;upmWCKTTE;4260309481214;0,91
com_CrossSellReRank_Vegavero (Marketplace Seller)_VEGAVERO L-Tryptophan;643237471;2.5.2026;cpc;0,31;;8;0;0;0;0;0;0;14250841;4260309481108;0
at_CrossSellReRank_Vegavero (Marketplace Seller)_VEGAVERO Bromelain 2500 GDU/g;658280042;2.5.2026;cpc;0,31;;8;0;0;0;0;0;0;upm43HM34;4260557421130;0
it_MarketplaceBooster_Vegavero (Marketplace Seller)_VEGAVERO L-Glutammina in Polvere;649157245;2.5.2026;cpc;0,51;;7;0;0;0;0;0;0;upmUPTFMH;4260557423233;0
it_MarketplaceBooster_Vegavero (Marketplace Seller)_VEGAVERO Shilajit Mumijo;626452031;2.5.2026;cpc;0,51;;7;1;14,285714;0;0,51;0;0;upmR33A3P;4260557421406;0,51
com_MarketplaceBooster_Vegavero (Marketplace Seller)_VEGAVERO Glycin Pulver;620530024;2.5.2026;cpc;1,01;;7;0;0;0;0;0;0;upmR9H4DE;4260557422595;0
at_CrossSellReRank_Vegavero (Marketplace Seller)_VEGAVERO Mariendistel Plus;658280174;2.5.2026;cpc;0,31;;9;0;0;0;0;0;0;upmR9H2HU;4260557422892;0
at_MarketplaceBooster_Vegavero (Marketplace Seller)_VEGAVERO MSM Pulver DOSE;658279977;2.5.2026;cpc;1,01;;7;1;14,285714;0;1,01;0;0;upmTLUPGT;4260309483881;1,01
it_CrossSellReRank_Vegavero (Marketplace Seller)_VEGAVERO Echinacea Plus;649151902;2.5.2026;cpc;0,31;;14;0;0;0;0;0;0;upmPHKX9F;4260557423141;0
at_MarketplaceBooster_Vegavero (Marketplace Seller)_VEGAVERO L-Glutamin Pulver;626443805;2.5.2026;cpc;0,51;;7;0;0;0;0;0;0;upmUPTFMH;4260557423233;0
com_CrossSellReRank_Vegavero (Marketplace Seller)_VEGAVERO Vision Care Complex;658347575;2.5.2026;cpc;0,31;;9;0;0;0;0;0;0;upmWRPTR4;4260557420867;0
com_MarketplaceBooster_Vegavero (Marketplace Seller)_VEGAVERO Bromelain 2400 GDU/g;619684531;2.5.2026;cpc;0,51;;6;1;16,666667;0;0,51;0;0;upm43HM34;4260557421130;0,51
at_MarketplaceBooster_Vegavero (Marketplace Seller)_VEGAVERO Mariendistel Plus;658280173;2.5.2026;cpc;0,51;;6;0;0;0;0;0;0;upmR9H2HU;4260557422892;0
com_CrossSellReRank_Vegavero (Marketplace Seller)_VEGAVERO Female Harmony Complex;643239568;2.5.2026;cpc;0,31;;10;0;0;0;0;0;0;upmUFEEWW;4260557420300;0
at_MarketplaceBooster_Vegavero (Marketplace Seller)_VEGAVERO Quercetin Komplex;658445034;2.5.2026;cpc;1,01;;6;0;0;0;0;0;0;upmF2AFXC;4260557423509;0
it_CrossSellReRank_Vegavero (Marketplace Seller)_VEGAVERO Colina Bitartrato;658296216;2.5.2026;cpc;0,31;;8;0;0;0;0;0;0;upmU9FP9M;4260557423325;0
at_MarketplaceBooster_Vegavero (Marketplace Seller)_VEGAVERO Shilajit Mumijo;625779482;2.5.2026;cpc;0,51;;6;1;16,666667;0;0,51;0;0;upmR33A3P;4260557421406;0,51
at_CrossSellReRank_Vegavero (Marketplace Seller)_VEGAVERO Wild Yams + Zink;658279949;2.5.2026;cpc;0,31;;9;0;0;0;0;0;0;14251183;4260309481672;0
it_MarketplaceBooster_Vegavero (Marketplace Seller)_VEGAVERO Origano BIO;641622706;2.5.2026;cpc;0,51;;6;0;0;0;0;0;0;upmYCXAL7;4260557421932;0
at_MarketplaceBooster_Vegavero (Marketplace Seller)_VEGAVERO Vitamin B3 (Nicotinamid);625772385;2.5.2026;cpc;0,81;1;6;3;50;33,333333;2,43;22,9;942,386831;upmUEXHE2;4260557420850;0,81
at_MarketplaceBooster_Vegavero (Marketplace Seller)_VEGAVERO OPC Trio;626443283;2.5.2026;cpc;0,51;;7;0;0;0;0;0;0;upmWFGGMG;4260557423097;0
at_CrossSellReRank_Vegavero (Marketplace Seller)_VEGAVERO Knoblauch Plus;658280151;2.5.2026;cpc;0,31;;11;0;0;0;0;0;0;upm2WRLPU;4260557422632;0
it_CrossSellReRank_Vegavero (Marketplace Seller)_VEGAVERO Lecitina BIO;649100827;2.5.2026;cpc;0,31;;6;0;0;0;0;0;0;upm2HFKPC;4260557422021;0
at_CrossSellReRank_Vegavero (Marketplace Seller)_VEGAVERO K?rbiskern?l BIO;658280089;2.5.2026;cpc;0,31;;7;0;0;0;0;0;0;upmY7MX4C;4260557422014;0
it_CrossSellReRank_Vegavero (Marketplace Seller)_VEGAVERO Enotera e Borragine  BIO;649091296;2.5.2026;cpc;0,31;;9;0;0;0;0;0;0;upm7KTFPH;4260557421420;0
com_CrossSellReRank_Vegavero (Marketplace Seller)_VEGAVERO Brewers Yeast;658295768;2.5.2026;cpc;0,31;;8;0;0;0;0;0;0;upmKUKGHH;4260557423332;0
it_MarketplaceBooster_Vegavero (Marketplace Seller)_VEGAVERO Cordyceps;658334300;2.5.2026;cpc;0,51;;6;0;0;0;0;0;0;14250611;4260309483218;0
at_MarketplaceBooster_Vegavero (Marketplace Seller)_VEGAVERO Bockshornklee BIO;626442445;2.5.2026;cpc;0,51;;6;0;0;0;0;0;0;upm7AL3PG;4260557422977;0
at_MarketplaceBooster_Vegavero (Marketplace Seller)_VEGAVERO Cordyceps Extrakt;658347645;2.5.2026;cpc;0,51;;6;0;0;0;0;0;0;14250611;4260309483218;0
it_MarketplaceBooster_Vegavero (Marketplace Seller)_VEGAVERO Maitake BIO;620567773;2.5.2026;cpc;0,51;;6;0;0;0;0;0;0;upmW4TZYD;4260557420874;0
it_MarketplaceBooster_Vegavero (Marketplace Seller)_VEGAVERO Glicina in Polvere;658334361;2.5.2026;cpc;1,01;;6;0;0;0;0;0;0;upmR9H4DE;4260557422595;0
at_MarketplaceBooster_Vegavero (Marketplace Seller)_VEGAVERO Nattokinase;626443809;2.5.2026;cpc;0,51;;6;0;0;0;0;0;0;upm2ZL4CL;4260557423264;0
at_CrossSellReRank_Vegavero (Marketplace Seller)_VEGAVERO Shilajit Mumijo;658280062;2.5.2026;cpc;0,31;;7;0;0;0;0;0;0;upmR33A3P;4260557421406;0
it_MarketplaceBooster_Vegavero (Marketplace Seller)_VEGAVERO MSM;620565773;2.5.2026;cpc;1,01;;6;0;0;0;0;0;0;upmWCKTTE;4260309481214;0
it_MarketplaceBooster_Vegavero (Marketplace Seller)_VEGAVERO Zenzero BIO;658353196;2.5.2026;cpc;0,51;;6;0;0;0;0;0;0;upmPX4TPU;4260557420386;0
at_MarketplaceBooster_Vegavero (Marketplace Seller)_VEGAVERO Apple Cider Vinegar;626443800;2.5.2026;cpc;0,51;;6;0;0;0;0;0;0;upmUTDZP9;4260557423158;0
it_CrossSellReRank_Vegavero (Marketplace Seller)_VEGAVERO Cordyceps Sinensis BIO;649146937;2.5.2026;cpc;0,31;;7;0;0;0;0;0;0;upmTG77MW;4260557422991;0
at_CrossSellReRank_Vegavero (Marketplace Seller)_VEGAVERO Koffein;658282821;2.5.2026;cpc;0,31;;6;0;0;0;0;0;0;upm4XZRWY;4260557423127;0
it_MarketplaceBooster_Vegavero (Marketplace Seller)_VEGAVERO Ginkgo + Ginseng;620565878;2.5.2026;cpc;0,51;;6;0;0;0;0;0;0;upmF3XUHA;4260557422106;0
com_MarketplaceBooster_Vegavero (Marketplace Seller)_VEGAVERO Psyllium BIO;658295766;2.5.2026;cpc;0,51;;6;0;0;0;0;0;0;upmERYMM3;4260557423295;0
at_CrossSellReRank_Vegavero (Marketplace Seller)_VEGAVERO Chlorella BIO + Spirulina BIO;643057141;2.5.2026;cpc;0,31;;9;0;0;0;0;0;0;14250597;4260309484185;0
com_MarketplaceBooster_Vegavero (Marketplace Seller)_VEGAVERO Salbei BIO;619682278;2.5.2026;cpc;0,51;;5;0;0;0;0;0;0;upmMMLDZE;4260557420966;0
com_MarketplaceBooster_Vegavero (Marketplace Seller)_VEGAVERO Zimt Extrakt BIO;619661041;2.5.2026;cpc;0,51;;5;0;0;0;0;0;0;upmW9KKTG;4260557422618;0
it_MarketplaceBooster_Vegavero (Marketplace Seller)_VEGAVERO Echinacea Purpurea;620565881;2.5.2026;cpc;0,51;;5;0;0;0;0;0;0;upmPZPD44;4260557420133;0
com_CrossSellReRank_Vegavero (Marketplace Seller)_VEGAVERO Taurin Pulver;658347286;2.5.2026;cpc;0,31;;7;0;0;0;0;0;0;upmHULHZD;4260557423370;0
com_MarketplaceBooster_Vegavero (Marketplace Seller)_VEGAVERO Wild Yams + Zink;619660532;2.5.2026;cpc;0,51;;5;0;0;0;0;0;0;14251183;4260309481672;0
it_CrossSellReRank_Vegavero (Marketplace Seller)_VEGAVERO Curcuma BIO;649142586;2.5.2026;cpc;0,31;;6;0;0;0;0;0;0;upm27X4XW;4260557422878;0
com_MarketplaceBooster_Vegavero (Marketplace Seller)_VEGAVERO Mushroom Mix Complex;620546918;2.5.2026;cpc;0,51;;5;0;0;0;0;0;0;upm4XDXPR;4260557422045;0
com_CrossSellReRank_Vegavero (Marketplace Seller)_VEGAVERO Wild Yams + Zink;643234437;2.5.2026;cpc;0,31;;8;0;0;0;0;0;0;14251183;4260309481672;0
at_MarketplaceBooster_Vegavero (Marketplace Seller)_VEGAVERO Bromelain 2400 GDU/g;625775688;2.5.2026;cpc;0,51;;5;0;0;0;0;0;0;upm43HM34;4260557421130;0
at_MarketplaceBooster_Vegavero (Marketplace Seller)_VEGAVERO Pro Bio Kulturenkomplex;620609408;2.5.2026;cpc;0,51;;5;2;40;0;1,02;0;0;14250976;4260557420034;0,51
it_MarketplaceBooster_Vegavero (Marketplace Seller)_VEGAVERO Astaxantina;620574476;2.5.2026;cpc;1,11;;5;0;0;0;0;0;0;upmYPTY2W;4260557421925;0
it_CrossSellReRank_Vegavero (Marketplace Seller)_VEGAVERO Cumino Nero BIO;658352478;2.5.2026;cpc;0,31;;6;0;0;0;0;0;0;upmEUZ9F7;4260557421376;0
at_MarketplaceBooster_Vegavero (Marketplace Seller)_VEGAVERO Hyaluronsaeure;620609033;2.5.2026;cpc;0,51;;6;0;0;0;0;0;0;upmKMAH3F;4260557420539;0
at_MarketplaceBooster_Vegavero (Marketplace Seller)_VEGAVERO K?rbiskern?l BIO;620605158;2.5.2026;cpc;0,51;;5;0;0;0;0;0;0;upmY7MX4C;4260557422014;0
com_CrossSellReRank_Vegavero (Marketplace Seller)_VEGAVERO Psyllium BIO;658295762;2.5.2026;cpc;0,31;;6;0;0;0;0;0;0;upmERYMM3;4260557423295;0
com_CrossSellReRank_Vegavero (Marketplace Seller)_VEGAVERO Strong Bones;658283045;2.5.2026;cpc;0,31;;6;0;0;0;0;0;0;upmAP9MLM;4260557423301;0
SOLD_OUT_it_MarketplaceBooster_Vegavero (Marketplace Seller)_VEGAVERO L-Tirosina Plus;649142984;2.5.2026;cpc;0,51;;5;3;60;0;1,53;0;0;upm2FC2LC;4260557422885;0,51
at_CrossSellReRank_Vegavero (Marketplace Seller)_VEGAVERO Brahmi BIO;658280083;2.5.2026;cpc;0,31;;5;0;0;0;0;0;0;upmHFPDDK;4260557421956;0
at_CrossSellReRank_Vegavero (Marketplace Seller)_VEGAVERO Vitamin D3 und K2 ?l;658280065;2.5.2026;cpc;1,11;;6;0;0;0;0;0;0;upm7FHKKZ;4260557421437;0
com_MarketplaceBooster_Vegavero (Marketplace Seller)_VEGAVERO Griffonia;658283046;2.5.2026;cpc;1,51;;5;0;0;0;0;0;0;upmG7RZLC;4260557423318;0
com_MarketplaceBooster_Vegavero (Marketplace Seller)_VEGAVERO Tribulus terrestris Extrakt;619660805;2.5.2026;cpc;0,51;;5;0;0;0;0;0;0;14251088;4260309481313;0
it_CrossSellReRank_Vegavero (Marketplace Seller)_VEGAVERO Olio di semi di Lino BIO;649102015;2.5.2026;cpc;0,31;;8;0;0;0;0;0;0;upmKU4FAU;4260557422038;0
at_MarketplaceBooster_Vegavero (Marketplace Seller)_VEGAVERO Astaxanthin ?l;620605150;2.5.2026;cpc;0,51;;5;0;0;0;0;0;0;upmYPTY2W;4260557421925;0
at_MarketplaceBooster_Vegavero (Marketplace Seller)_VEGAVERO Triphala BIO;625772285;2.5.2026;cpc;0,51;;5;0;0;0;0;0;0;upmGL239Y;4260557420812;0
com_MarketplaceBooster_Vegavero (Marketplace Seller)_VEGAVERO Ashwagandha BIO;619667906;2.5.2026;cpc;0,51;;5;0;0;0;0;0;0;upmUPLLZH;4260557420676;0
com_CrossSellReRank_Vegavero (Marketplace Seller)_VEGAVERO MSM Pulver DOSE;643236175;2.5.2026;cpc;0,61;;8;0;0;0;0;0;0;upmTLUPGT;4260309483881;0
com_MarketplaceBooster_Vegavero (Marketplace Seller)_VEGAVERO EAA Pulver Pfirsich;658445060;2.5.2026;cpc;2,01;;5;0;0;0;0;0;0;upmP94YR7;4260557423530;0
com_MarketplaceBooster_Vegavero (Marketplace Seller)_VEGAVERO Triphala BIO;619677150;2.5.2026;cpc;0,51;;5;0;0;0;0;0;0;upmGL239Y;4260557420812;0
at_MarketplaceBooster_Vegavero (Marketplace Seller)_VEGAVERO Brennnessel BIO;625775256;2.5.2026;cpc;0,51;;5;0;0;0;0;0;0;upm9RX43T;4260557421031;0
com_CrossSellReRank_Vegavero (Marketplace Seller)_VEGAVERO Vitamin D3+K2 Tropfen;643133550;2.5.2026;cpc;1,21;;6;0;0;0;0;0;0;upmKAXT9Y;4260557422915;0
at_CrossSellReRank_Vegavero (Marketplace Seller)_VEGAVERO Colon Care Complex;658279985;2.5.2026;cpc;0,31;;6;0;0;0;0;0;0;14250605;4260557420201;0
at_MarketplaceBooster_Vegavero (Marketplace Seller)_VEGAVERO Lecithin BIO;620605162;2.5.2026;cpc;0,81;;5;1;20;0;0,81;0;0;upm2HFKPC;4260557422021;0,81
at_MarketplaceBooster_Vegavero (Marketplace Seller)_VEGAVERO Echinacea Plus;658282823;2.5.2026;cpc;0,31;;5;0;0;0;0;0;0;upmPHKX9F;4260557423141;0
SOLD_OUT_at_CrossSellReRank_Vegavero (Marketplace Seller)_VEGAVERO Guggul;658280041;2.5.2026;cpc;0,31;;5;0;0;0;0;0;0;upmT99EZK;4260557421123;0
at_MarketplaceBooster_Vegavero (Marketplace Seller)_VEGAVERO Sugar Balance Complex;658280124;2.5.2026;cpc;0,51;;5;0;0;0;0;0;0;upmAD4HK4;4260557422403;0
it_CrossSellReRank_Vegavero (Marketplace Seller)_VEGAVERO Resveratrolo Plus;649077189;2.5.2026;cpc;0,31;;7;0;0;0;0;0;0;upmGDDD7G;4260557420805;0
at_MarketplaceBooster_Vegavero (Marketplace Seller)_VEGAVERO Beifu? Extrakt;658280100;2.5.2026;cpc;0,61;;5;1;20;0;0,61;0;0;upmWMGCRY;4260557422090;0,61
com_MarketplaceBooster_Vegavero (Marketplace Seller)_VEGAVERO Party Hero;653854277;2.5.2026;cpc;0,51;;6;0;0;0;0;0;0;upmFACEA7;4260557423356;0
com_CrossSellReRank_Vegavero (Marketplace Seller)_VEGAVERO Reishi Extrakt;643082721;2.5.2026;cpc;0,31;;5;0;0;0;0;0;0;14251013;4260309481665;0
com_MarketplaceBooster_Vegavero (Marketplace Seller)_VEGAVERO BIO Mushroom Mix;620545551;2.5.2026;cpc;0,51;;5;0;0;0;0;0;0;upmALDCEH;4260557423028;0
at_CrossSellReRank_Vegavero (Marketplace Seller)_VEGAVERO Cholin Trio;658280068;2.5.2026;cpc;0,31;;10;0;0;0;0;0;0;upm97PFY9;4260557421826;0
it_MarketplaceBooster_Vegavero (Marketplace Seller)_VEGAVERO Boswellia;649114805;2.5.2026;cpc;0,51;;5;0;0;0;0;0;0;upmEH2K74;4260557422588;0
it_MarketplaceBooster_Vegavero (Marketplace Seller)_VEGAVERO Nattokinase;649159872;2.5.2026;cpc;0,51;;5;0;0;0;0;0;0;upm2ZL4CL;4260557423264;0
com_MarketplaceBooster_Vegavero (Marketplace Seller)_VEGAVERO Shilajit Mumijo;619715133;2.5.2026;cpc;0,51;;6;0;0;0;0;0;0;upmR33A3P;4260557421406;0
com_MarketplaceBooster_Vegavero (Marketplace Seller)_VEGAVERO Ackerschachtelhalm BIO;653634560;2.5.2026;cpc;0,51;1;5;1;20;100;0,51;43,8;8588,235294;upmDKAWH3;4260557421307;0,51
com_MarketplaceBooster_Vegavero (Marketplace Seller)_VEGAVERO Apple Cider Vinegar;620564988;2.5.2026;cpc;0,51;;5;0;0;0;0;0;0;upmUTDZP9;4260557423158;0
com_CrossSellReRank_Vegavero (Marketplace Seller)_VEGAVERO Glycin Pulver;658347520;2.5.2026;cpc;0,31;;7;0;0;0;0;0;0;upmTGWG29;4260557423479;0
at_CrossSellReRank_Vegavero (Marketplace Seller)_VEGAVERO Griffonia Plus;658280154;2.5.2026;cpc;0,31;;6;0;0;0;0;0;0;upmHCULGA;4260557422755;0
it_CrossSellReRank_Vegavero (Marketplace Seller)_VEGAVERO Fieno Greco BIO;649146229;2.5.2026;cpc;0,31;;6;0;0;0;0;0;0;upm7AL3PG;4260557422977;0
com_MarketplaceBooster_Vegavero (Marketplace Seller)_VEGAVERO Quercetin Komplex;658469903;2.5.2026;cpc;1,01;;4;0;0;0;0;0;0;upmF2AFXC;4260557423509;0
com_CrossSellReRank_Vegavero (Marketplace Seller)_VEGAVERO Schwarzk?mmel?l BIO;658295948;2.5.2026;cpc;0,71;;5;0;0;0;0;0;0;upmEUZ9F7;4260557421376;0
com_CrossSellReRank_Vegavero (Marketplace Seller)_VEGAVERO Omega-3 ?l;643091125;2.5.2026;cpc;1,31;;7;0;0;0;0;0;0;upm9KDWAZ;4260557421383;0
com_CrossSellReRank_Vegavero (Marketplace Seller)_VEGAVERO Papaya BIO;643089807;2.5.2026;cpc;0,31;;5;0;0;0;0;0;0;upm9HWLUD;4260557421055;0
it_MarketplaceBooster_Vegavero (Marketplace Seller)_VEGAVERO BCAA in Polvere;658381388;2.5.2026;cpc;1,01;;4;1;25;0;1,01;0;0;upmWWWMYX;4260557423523;1,01
it_CrossSellReRank_Vegavero (Marketplace Seller)_VEGAVERO Keto Power;658295963;2.5.2026;cpc;0,31;;5;0;0;0;0;0;0;upmP77L3M;4260557423288;0
com_MarketplaceBooster_Vegavero (Marketplace Seller)_VEGAVERO Vision Care Complex;619678178;2.5.2026;cpc;0,51;;4;0;0;0;0;0;0;upmWRPTR4;4260557420867;0
at_CrossSellReRank_Vegavero (Marketplace Seller)_VEGAVERO L-Glutamin Pulver;658282832;2.5.2026;cpc;0,31;;6;0;0;0;0;0;0;upmUPTFMH;4260557423233;0
com_CrossSellReRank_Vegavero (Marketplace Seller)_VEGAVERO Chaga BIO;643093999;2.5.2026;cpc;0,31;;5;0;0;0;0;0;0;upmPYECDL;4260557422298;0
it_CrossSellReRank_Vegavero (Marketplace Seller)_VEGAVERO Nattokinase;649160527;2.5.2026;cpc;0,31;;7;0;0;0;0;0;0;upm2ZL4CL;4260557423264;0
at_CrossSellReRank_Vegavero (Marketplace Seller)_VEGAVERO Mushroom Mix Complex;658280095;2.5.2026;cpc;0,31;;4;0;0;0;0;0;0;upm4XDXPR;4260557422045;0
it_MarketplaceBooster_Vegavero (Marketplace Seller)_VEGAVERO Triphala BIO;620567265;2.5.2026;cpc;0,51;;4;1;25;0;0,51;0;0;upmGL239Y;4260557420812;0,51
at_CrossSellReRank_Vegavero (Marketplace Seller)_VEGAVERO Hyaluronsaeure;643052787;2.5.2026;cpc;0,31;;7;0;0;0;0;0;0;upmPMLEP9;4260557423103;0
SOLD_OUT_it_CrossSellReRank_Vegavero (Marketplace Seller)_VEGAVERO Taurina Plus;649149719;2.5.2026;cpc;0,31;;4;0;0;0;0;0;0;upmXXW9XA;4260557423059;0
com_CrossSellReRank_Vegavero (Marketplace Seller)_VEGAVERO Zimt Extrakt BIO;643084936;2.5.2026;cpc;0,31;1;4;0;0;0;0;21,9;0;upmW9KKTG;4260557422618;0
at_CrossSellReRank_Vegavero (Marketplace Seller)_VEGAVERO Quercetin Komplex;658445035;2.5.2026;cpc;0,61;;4;0;0;0;0;0;0;upmF2AFXC;4260557423509;0
it_MarketplaceBooster_Vegavero (Marketplace Seller)_VEGAVERO Rhodiola Rosea;658445090;2.5.2026;cpc;1,01;;4;0;0;0;0;0;0;14251036;4260557420102;0
at_MarketplaceBooster_Vegavero (Marketplace Seller)_VEGAVERO Zimt-Ceylon Extrakt;625767691;2.5.2026;cpc;0,51;;4;0;0;0;0;0;0;14251208;4260557420164;0
at_CrossSellReRank_Vegavero (Marketplace Seller)_VEGAVERO Leinsamen?l BIO;658280093;2.5.2026;cpc;0,31;;6;0;0;0;0;0;0;upmKU4FAU;4260557422038;0
it_MarketplaceBooster_Vegavero (Marketplace Seller)_VEGAVERO Magnesio + Potassio;620566099;2.5.2026;cpc;0,51;;4;2;50;0;1,02;0;0;upm32MART;4260557420287;0,51
at_CrossSellReRank_Vegavero (Marketplace Seller)_VEGAVERO Bockshornklee BIO;658280184;2.5.2026;cpc;0,31;;9;0;0;0;0;0;0;upm7AL3PG;4260557422977;0
at_CrossSellReRank_Vegavero (Marketplace Seller)_VEGAVERO Triphala BIO;658280010;2.5.2026;cpc;0,31;;4;0;0;0;0;0;0;upmGL239Y;4260557420812;0
it_CrossSellReRank_Vegavero (Marketplace Seller)_VEGAVERO Femme Biotics;658445084;2.5.2026;cpc;0,61;;7;0;0;0;0;0;0;upm4AEDEP;4260557423455;0
it_MarketplaceBooster_Vegavero (Marketplace Seller)_VEGAVERO Female Balance Complex;658381497;2.5.2026;cpc;0,51;;4;2;50;0;1,02;0;0;upmUX2FW3;4260557420638;0,51
com_MarketplaceBooster_Vegavero (Marketplace Seller)_VEGAVERO L-Tryptophan;619660835;2.5.2026;cpc;2,02;;4;0;0;0;0;0;0;14250841;4260309481108;0
it_CrossSellReRank_Vegavero (Marketplace Seller)_VEGAVERO L-Glutammina in Polvere;649158096;2.5.2026;cpc;0,31;;5;0;0;0;0;0;0;upmUPTFMH;4260557423233;0
com_CrossSellReRank_Vegavero (Marketplace Seller)_VEGAVERO Mariendistel Plus;652868608;2.5.2026;cpc;0,31;;8;0;0;0;0;0;0;upmR9H2HU;4260557422892;0
com_MarketplaceBooster_Vegavero (Marketplace Seller)_VEGAVERO Hyaluronsaeure;620565217;2.5.2026;cpc;1,51;;5;0;0;0;0;0;0;upmKMAH3F;4260557420539;0
at_CrossSellReRank_Vegavero (Marketplace Seller)_VEGAVERO Magnesium Bisglycinat;658282836;2.5.2026;cpc;1,61;;5;0;0;0;0;0;0;upmX4LT4H;4260557423257;0
it_CrossSellReRank_Vegavero (Marketplace Seller)_VEGAVERO BCAA in Polvere;658381389;2.5.2026;cpc;0,61;;4;0;0;0;0;0;0;upmWWWMYX;4260557423523;0
at_MarketplaceBooster_Vegavero (Marketplace Seller)_VEGAVERO Curcuma BIO;626440031;2.5.2026;cpc;0,51;;4;0;0;0;0;0;0;upm27X4XW;4260557422878;0
it_MarketplaceBooster_Vegavero (Marketplace Seller)_VEGAVERO Lecitina BIO;626459035;2.5.2026;cpc;0,51;;4;1;25;0;0,51;0;0;upm2HFKPC;4260557422021;0,51
at_CrossSellReRank_Vegavero (Marketplace Seller)_VEGAVERO Myo-Inositol Complex;658280066;2.5.2026;cpc;1,21;;4;0;0;0;0;0;0;upm7PGM77;4260557421765;0
at_CrossSellReRank_Vegavero (Marketplace Seller)_VEGAVERO Astragalus BIO;658280053;2.5.2026;cpc;0,31;;5;0;0;0;0;0;0;upmCGKMCH;4260557421222;0
it_MarketplaceBooster_Vegavero (Marketplace Seller)_VEGAVERO MSM;641622735;2.5.2026;cpc;1,01;;4;0;0;0;0;0;0;upmTLUPGT;4260309483881;0
at_CrossSellReRank_Vegavero (Marketplace Seller)_VEGAVERO Papaya Enzym;658280137;2.5.2026;cpc;0,31;;7;0;0;0;0;0;0;14250930;4260309482648;0
com_MarketplaceBooster_Vegavero (Marketplace Seller)_VEGAVERO Cordyceps sinensis BIO;620541534;2.5.2026;cpc;0,51;;4;0;0;0;0;0;0;upmTG77MW;4260557422991;0
com_MarketplaceBooster_Vegavero (Marketplace Seller)_VEGAVERO Curcuma BIO;618496721;2.5.2026;cpc;0,51;;4;0;0;0;0;0;0;upm27X4XW;4260557422878;0
at_CrossSellReRank_Vegavero (Marketplace Seller)_VEGAVERO Party Hero;658283021;2.5.2026;cpc;0,31;;5;0;0;0;0;0;0;upmFACEA7;4260557423356;0
it_CrossSellReRank_Vegavero (Marketplace Seller)_VEGAVERO Drena Flux;649110222;2.5.2026;cpc;0,31;;5;0;0;0;0;0;0;upm2XGYDU;4260557422489;0
SOLD_OUT_com_CrossSellReRank_Vegavero (Marketplace Seller)_VEGAVERO Vegan Collagen+Hyaluronic Acid;658347591;2.5.2026;cpc;1,21;;5;0;0;0;0;0;0;upmK3CG99;4260557422656;0
com_CrossSellReRank_Vegavero (Marketplace Seller)_VEGAVERO Roter Reis Plus;643136807;2.5.2026;cpc;0,31;;10;0;0;0;0;0;0;upmDFWTTT;4260557423110;0
at_CrossSellReRank_Vegavero (Marketplace Seller)_VEGAVERO Vitamin B12 Spray Junior;658280108;2.5.2026;cpc;0,31;;5;0;0;0;0;0;0;upm3RXHUC;4260557422229;0
com_CrossSellReRank_Vegavero (Marketplace Seller)_VEGAVERO Magnesium + Kalium;643084952;2.5.2026;cpc;0,31;;4;0;0;0;0;0;0;upm32MART;4260557420287;0
it_MarketplaceBooster_Vegavero (Marketplace Seller)_VEGAVERO Salvia BIO;641651421;2.5.2026;cpc;0,51;;4;1;25;0;0,51;0;0;upmMMLDZE;4260557420966;0,51
it_CrossSellReRank_Vegavero (Marketplace Seller)_VEGAVERO Shilajit Mumijo;649090838;2.5.2026;cpc;0,31;;4;0;0;0;0;0;0;upmR33A3P;4260557421406;0
at_CrossSellReRank_Vegavero (Marketplace Seller)_VEGAVERO Reishi Extrakt;658279956;2.5.2026;cpc;0,31;;3;0;0;0;0;0;0;14251013;4260309481665;0
com_CrossSellReRank_Vegavero (Marketplace Seller)_VEGAVERO Glycin Pulver;658295818;2.5.2026;cpc;0,31;;4;0;0;0;0;0;0;upmR9H4DE;4260557422595;0
com_CrossSellReRank_Vegavero (Marketplace Seller)_VEGAVERO Quercetin Komplex;658469905;2.5.2026;cpc;0,61;;3;0;0;0;0;0;0;upmF2AFXC;4260557423509;0
com_MarketplaceBooster_Vegavero (Marketplace Seller)_VEGAVERO Chaga BIO;629497666;2.5.2026;cpc;0,51;;3;0;0;0;0;0;0;upmPYECDL;4260557422298;0
it_CrossSellReRank_Vegavero (Marketplace Seller)_VEGAVERO Astragalo BIO;649084562;2.5.2026;cpc;0,31;;3;0;0;0;0;0;0;upmCGKMCH;4260557421222;0
it_MarketplaceBooster_Vegavero (Marketplace Seller)_VEGAVERO EAA in Polvere;658381330;2.5.2026;cpc;1,01;;3;0;0;0;0;0;0;upmP94YR7;4260557423530;0
com_CrossSellReRank_Vegavero (Marketplace Seller)_VEGAVERO Nachtkerzen und Borretsch?l BIO;643092372;2.5.2026;cpc;0,31;;5;0;0;0;0;0;0;upm7KTFPH;4260557421420;0
com_MarketplaceBooster_Vegavero (Marketplace Seller)_VEGAVERO Papaya Enzym;620527421;2.5.2026;cpc;0,51;;3;0;0;0;0;0;0;14250930;4260309482648;0
com_MarketplaceBooster_Vegavero (Marketplace Seller)_VEGAVERO Brahmi BIO;619717869;2.5.2026;cpc;0,51;;3;1;33,333333;0;0,51;0;0;upmHFPDDK;4260557421956;0,51
at_MarketplaceBooster_Vegavero (Marketplace Seller)_VEGAVERO Brahmi BIO;625785188;2.5.2026;cpc;0,51;;3;0;0;0;0;0;0;upmHFPDDK;4260557421956;0
com_CrossSellReRank_Vegavero (Marketplace Seller)_VEGAVERO Griffonia;658283048;2.5.2026;cpc;1,41;;5;0;0;0;0;0;0;upmG7RZLC;4260557423318;0
SOLD_OUT_com_CrossSellReRank_Vegavero (Marketplace Seller)_VEGAVERO Guggul;652847887;2.5.2026;cpc;0,31;;4;0;0;0;0;0;0;upmT99EZK;4260557421123;0
it_CrossSellReRank_Vegavero (Marketplace Seller)_VEGAVERO Triphala BIO;649077190;2.5.2026;cpc;0,31;;5;0;0;0;0;0;0;upmGL239Y;4260557420812;0
com_CrossSellReRank_Vegavero (Marketplace Seller)_VEGAVERO Moringa BIO;642560128;2.5.2026;cpc;1,41;;10;0;0;0;0;0;0;14250893;4260309481115;0
com_CrossSellReRank_Vegavero (Marketplace Seller)_VEGAVERO Elektrolyte Plus;643130058;2.5.2026;cpc;0,31;;3;0;0;0;0;0;0;upmD23XCL;4260557422823;0
com_CrossSellReRank_Vegavero (Marketplace Seller)_VEGAVERO Keto Power;658283043;2.5.2026;cpc;0,31;;10;0;0;0;0;0;0;upmP77L3M;4260557423288;0
it_CrossSellReRank_Vegavero (Marketplace Seller)_VEGAVERO Chaga BIO;649104196;2.5.2026;cpc;0,31;;3;0;0;0;0;0;0;upmPYECDL;4260557422298;0
at_CrossSellReRank_Vegavero (Marketplace Seller)_VEGAVERO Chaga BIO;658280111;2.5.2026;cpc;0,31;;4;0;0;0;0;0;0;upmPYECDL;4260557422298;0
com_CrossSellReRank_Vegavero (Marketplace Seller)_VEGAVERO Mushroom Mix Complex;643093879;2.5.2026;cpc;0,31;;3;0;0;0;0;0;0;upm4XDXPR;4260557422045;0
at_MarketplaceBooster_Vegavero (Marketplace Seller)_VEGAVERO Koffein;626443345;2.5.2026;cpc;0,51;;3;0;0;0;0;0;0;upm4XZRWY;4260557423127;0
com_CrossSellReRank_Vegavero (Marketplace Seller)_VEGAVERO Griffonia Plus;643128060;2.5.2026;cpc;0,31;;9;0;0;0;0;0;0;upmHCULGA;4260557422755;0
com_CrossSellReRank_Vegavero (Marketplace Seller)_VEGAVERO Zimt-Ceylon Extrakt;643084475;2.5.2026;cpc;0,31;;6;0;0;0;0;0;0;14251208;4260557420164;0
it_CrossSellReRank_Vegavero (Marketplace Seller)_VEGAVERO Vitamina B12 Spray Junior;649103717;2.5.2026;cpc;0,31;;4;0;0;0;0;0;0;upm3RXHUC;4260557422229;0
at_CrossSellReRank_Vegavero (Marketplace Seller)_VEGAVERO Liver Active Complex;658279984;2.5.2026;cpc;0,31;;4;0;0;0;0;0;0;14250812;4260557420188;0
com_CrossSellReRank_Vegavero (Marketplace Seller)_VEGAVERO Papaya Enzym;643094177;2.5.2026;cpc;0,31;;6;0;0;0;0;0;0;14250930;4260309482648;0
SOLD_OUT_com_CrossSellReRank_Vegavero (Marketplace Seller)_VEGAVERO Pro Bio Kids BIO;643084950;2.5.2026;cpc;0,31;;4;0;0;0;0;0;0;14250953;4260557420249;0
at_MarketplaceBooster_Vegavero (Marketplace Seller)_VEGAVERO BIO Mushroom Mix;625774145;2.5.2026;cpc;0,51;;3;0;0;0;0;0;0;upmALDCEH;4260557423028;0
com_CrossSellReRank_Vegavero (Marketplace Seller)_VEGAVERO Colon Care Complex;643084949;2.5.2026;cpc;0,31;;3;0;0;0;0;0;0;14250605;4260557420201;0
com_CrossSellReRank_Vegavero (Marketplace Seller)_VEGAVERO Ackerschachtelhalm BIO;643090788;2.5.2026;cpc;0,31;;6;0;0;0;0;0;0;upmDKAWH3;4260557421307;0
it_MarketplaceBooster_Vegavero (Marketplace Seller)_VEGAVERO Acido Ialuronico;626451010;2.5.2026;cpc;0,51;;3;0;0;0;0;0;0;upmPMLEP9;4260557423103;0
at_CrossSellReRank_Vegavero (Marketplace Seller)_VEGAVERO D-Mannose Pulver;658295900;2.5.2026;cpc;0,31;;5;0;0;0;0;0;0;14250686;4260309481603;0
at_MarketplaceBooster_Vegavero (Marketplace Seller)_VEGAVERO BCAA Pulver Mango;658445037;2.5.2026;cpc;1,01;;3;0;0;0;0;0;0;upmWWWMYX;4260557423523;0
at_CrossSellReRank_Vegavero (Marketplace Seller)_VEGAVERO Glycin Pulver;658280145;2.5.2026;cpc;0,31;;9;0;0;0;0;0;0;upmTGWG29;4260557423479;0
it_CrossSellReRank_Vegavero (Marketplace Seller)_VEGAVERO Bacopa BIO;649096403;2.5.2026;cpc;0,31;;3;0;0;0;0;0;0;upmHFPDDK;4260557421956;0
com_MarketplaceBooster_Vegavero (Marketplace Seller)_VEGAVERO Apple Cider Vinegar Gummies;620564989;2.5.2026;cpc;0,51;;3;0;0;0;0;0;0;upmF2EYPK;4260557423172;0
it_MarketplaceBooster_Vegavero (Marketplace Seller)_VEGAVERO Cysti-Aid Complex;641622752;2.5.2026;cpc;0,51;;3;2;66,666667;0;1,02;0;0;upmTZFCGA;4260557422199;0,51
com_CrossSellReRank_Vegavero (Marketplace Seller)_VEGAVERO Light Legs Complex;658347562;2.5.2026;cpc;0,31;;4;0;0;0;0;0;0;upmD7EWMP;4260557420454;0
it_MarketplaceBooster_Vegavero (Marketplace Seller)_VEGAVERO Caffeina;641650370;2.5.2026;cpc;0,51;;3;0;0;0;0;0;0;upm4XZRWY;4260557423127;0
com_MarketplaceBooster_Vegavero (Marketplace Seller)_VEGAVERO Hyaluronsaeure;620565218;2.5.2026;cpc;1,51;;4;0;0;0;0;0;0;upmPMLEP9;4260557423103;0
com_MarketplaceBooster_Vegavero (Marketplace Seller)_VEGAVERO Youth Biotics;658469892;2.5.2026;cpc;1,01;;3;0;0;0;0;0;0;upmW7Y7DL;4260557423462;0
SOLD_OUT_it_CrossSellReRank_Vegavero (Marketplace Seller)_VEGAVERO Vitamina B12 gocce;649144392;2.5.2026;cpc;0,31;;4;0;0;0;0;0;0;upmYRCT9P;4260557422908;0
SOLD_OUT_com_CrossSellReRank_Vegavero (Marketplace Seller)_VEGAVERO Taurin Plus;643136001;2.5.2026;cpc;0,31;;7;0;0;0;0;0;0;upmXXW9XA;4260557423059;0
SOLD_OUT_com_MarketplaceBooster_Vegavero (Marketplace Seller)_VEGAVERO MSM 670mg;620565489;2.5.2026;cpc;1,01;;3;0;0;0;0;0;0;14250924;4260309484130;0
com_MarketplaceBooster_Vegavero (Marketplace Seller)_VEGAVERO Reishi Extrakt;619660758;2.5.2026;cpc;0,51;;3;0;0;0;0;0;0;14251013;4260309481665;0
at_CrossSellReRank_Vegavero (Marketplace Seller)_VEGAVERO Cholin Bitartrat;658283014;2.5.2026;cpc;0,31;;5;0;0;0;0;0;0;upmU9FP9M;4260557423325;0
com_CrossSellReRank_Vegavero (Marketplace Seller)_VEGAVERO Tribulus terrestris Extrakt;643082758;2.5.2026;cpc;0,31;;2;0;0;0;0;0;0;14251088;4260309481313;0
at_CrossSellReRank_Vegavero (Marketplace Seller)_VEGAVERO EAA;658280007;2.5.2026;cpc;0,31;;3;0;0;0;0;0;0;upmGMXXY9;4260557420744;0
com_CrossSellReRank_Vegavero (Marketplace Seller)_VEGAVERO Glucosamin Plus;658347224;2.5.2026;cpc;0,31;;2;0;0;0;0;0;0;upmKWW3MD;4260557423349;0
at_CrossSellReRank_Vegavero (Marketplace Seller)_VEGAVERO Pro Bio Kulturenkomplex;643057502;2.5.2026;cpc;0,31;;6;0;0;0;0;0;0;14250976;4260557420034;0
at_MarketplaceBooster_Vegavero (Marketplace Seller)_VEGAVERO Moringa BIO;620604770;2.5.2026;cpc;1,41;;2;0;0;0;0;0;0;14250893;4260309481115;0
com_CrossSellReRank_Vegavero (Marketplace Seller)_VEGAVERO Brennnessel BIO;643089721;2.5.2026;cpc;0,31;;2;0;0;0;0;0;0;upm9RX43T;4260557421031;0
com_CrossSellReRank_Vegavero (Marketplace Seller)_VEGAVERO Vegan Essentials Complex;643092356;2.5.2026;cpc;0,31;;3;0;0;0;0;0;0;upmHHT433;4260557421390;0
at_CrossSellReRank_Vegavero (Marketplace Seller)_VEGAVERO Apple Cider Vinegar;658282824;2.5.2026;cpc;0,31;;6;0;0;0;0;0;0;upmUTDZP9;4260557423158;0
it_MarketplaceBooster_Vegavero (Marketplace Seller)_VEGAVERO EAA - Aminoacidi Essenziali;620567252;2.5.2026;cpc;1,11;;2;0;0;0;0;0;0;upmGMXXY9;4260557420744;0
it_MarketplaceBooster_Vegavero (Marketplace Seller)_VEGAVERO Papaya BIO;641643600;2.5.2026;cpc;0,51;;2;0;0;0;0;0;0;upm9HWLUD;4260557421055;0
com_MarketplaceBooster_Vegavero (Marketplace Seller)_VEGAVERO Brennnessel BIO;619682703;2.5.2026;cpc;0,51;;2;0;0;0;0;0;0;upm9RX43T;4260557421031;0
com_CrossSellReRank_Vegavero (Marketplace Seller)_VEGAVERO Glucomannan BIO;658283041;2.5.2026;cpc;0,31;;3;0;0;0;0;0;0;upmLXEUT7;4260557423240;0
com_MarketplaceBooster_Vegavero (Marketplace Seller)_VEGAVERO Maitake BIO;629496632;2.5.2026;cpc;0,51;;2;0;0;0;0;0;0;upmW4TZYD;4260557420874;0
at_MarketplaceBooster_Vegavero (Marketplace Seller)_VEGAVERO Vitamin B12 Spray Junior;625789014;2.5.2026;cpc;0,51;;2;0;0;0;0;0;0;upm3RXHUC;4260557422229;0
at_CrossSellReRank_Vegavero (Marketplace Seller)_VEGAVERO Strong Bones;658283006;2.5.2026;cpc;0,31;;3;0;0;0;0;0;0;upmAP9MLM;4260557423301;0
SOLD_OUT_it_MarketplaceBooster_Vegavero (Marketplace Seller)_VEGAVERO MSM;653861307;2.5.2026;cpc;1,01;;2;0;0;0;0;0;0;14250924;4260309484130;0
it_CrossSellReRank_Vegavero (Marketplace Seller)_VEGAVERO EAA in Polvere;658381331;2.5.2026;cpc;0,61;;2;0;0;0;0;0;0;upmP94YR7;4260557423530;0
com_MarketplaceBooster_Vegavero (Marketplace Seller)_VEGAVERO EAA;619674321;2.5.2026;cpc;0,51;;2;0;0;0;0;0;0;upmGMXXY9;4260557420744;0
com_CrossSellReRank_Vegavero (Marketplace Seller)_VEGAVERO Liver Active Complex;643084947;2.5.2026;cpc;0,31;;3;0;0;0;0;0;0;14250812;4260557420188;0
at_CrossSellReRank_Vegavero (Marketplace Seller)_VEGAVERO Maitake BIO;658280016;2.5.2026;cpc;0,31;;3;0;0;0;0;0;0;upmW4TZYD;4260557420874;0
com_CrossSellReRank_Vegavero (Marketplace Seller)_VEGAVERO Salbei BIO;643089690;2.5.2026;cpc;0,31;;4;0;0;0;0;0;0;upmMMLDZE;4260557420966;0
it_CrossSellReRank_Vegavero (Marketplace Seller)_VEGAVERO MSM;658296418;2.5.2026;cpc;0,61;;5;0;0;0;0;0;0;upmWCKTTE;4260309481214;0
it_CrossSellReRank_Vegavero (Marketplace Seller)_VEGAVERO Glucomammano BIO;649158747;2.5.2026;cpc;0,31;;2;0;0;0;0;0;0;upmLXEUT7;4260557423240;0
com_MarketplaceBooster_Vegavero (Marketplace Seller)_VEGAVERO Beta-Alanin Pulver;658295769;2.5.2026;cpc;0,51;;2;0;0;0;0;0;0;upmFKHFRA;4260557423431;0
SOLD_OUT_it_CrossSellReRank_Vegavero (Marketplace Seller)_VEGAVERO MSM;658296382;2.5.2026;cpc;0,61;;2;0;0;0;0;0;0;14250924;4260309484130;0
com_MarketplaceBooster_Vegavero (Marketplace Seller)_VEGAVERO Shiitake Extrakt;619721567;2.5.2026;cpc;0,51;;2;0;0;0;0;0;0;upmZ7P4AX;4260557421970;0
com_MarketplaceBooster_Vegavero (Marketplace Seller)_VEGAVERO Ingwer BIO;619663942;2.5.2026;cpc;0,51;;2;0;0;0;0;0;0;upmPX4TPU;4260557420386;0
com_CrossSellReRank_Vegavero (Marketplace Seller)_VEGAVERO Shilajit Mumijo;643092358;2.5.2026;cpc;0,31;;2;0;0;0;0;0;0;upmR33A3P;4260557421406;0
com_CrossSellReRank_Vegavero (Marketplace Seller)_VEGAVERO EAA Pulver Pfirsich;658445056;2.5.2026;cpc;0,31;;4;0;0;0;0;0;0;upmP94YR7;4260557423530;0
com_CrossSellReRank_Vegavero (Marketplace Seller)_VEGAVERO Cordyceps Extrakt;658347557;2.5.2026;cpc;0,31;;3;0;0;0;0;0;0;14250611;4260309483218;0
at_CrossSellReRank_Vegavero (Marketplace Seller)_VEGAVERO Griffonia;658283010;2.5.2026;cpc;1,51;;4;0;0;0;0;0;0;upmG7RZLC;4260557423318;0
com_CrossSellReRank_Vegavero (Marketplace Seller)_VEGAVERO Vitamin B3 (Nicotinamid);643089676;2.5.2026;cpc;0,51;;8;0;0;0;0;0;0;upmUEXHE2;4260557420850;0
com_CrossSellReRank_Vegavero (Marketplace Seller)_VEGAVERO Apple Cider Vinegar Gummies;643140412;2.5.2026;cpc;0,31;;3;0;0;0;0;0;0;upmF2EYPK;4260557423172;0
SOLD_OUT_com_MarketplaceBooster_Vegavero (Marketplace Seller)_VEGAVERO Guggul;652847799;2.5.2026;cpc;0,51;;2;0;0;0;0;0;0;upmT99EZK;4260557421123;0
it_MarketplaceBooster_Vegavero (Marketplace Seller)_VEGAVERO Cannella Ceylon BIO;641627330;2.5.2026;cpc;0,51;;2;0;0;0;0;0;0;upmW9KKTG;4260557422618;0
at_MarketplaceBooster_Vegavero (Marketplace Seller)_VEGAVERO Papaya Enzym;625793359;2.5.2026;cpc;0,51;;2;0;0;0;0;0;0;14250930;4260309482648;0
com_CrossSellReRank_Vegavero (Marketplace Seller)_VEGAVERO BIO Astaxanthin ?l;643093116;2.5.2026;cpc;0,91;;3;0;0;0;0;0;0;upm7GZX42;4260557423165;0
at_MarketplaceBooster_Vegavero (Marketplace Seller)_VEGAVERO Nachtkerzen und Borretsch?l BIO;625782152;2.5.2026;cpc;0,51;;2;0;0;0;0;0;0;upm7KTFPH;4260557421420;0
com_CrossSellReRank_Vegavero (Marketplace Seller)_VEGAVERO Triphala BIO;643089502;2.5.2026;cpc;0,31;;2;0;0;0;0;0;0;upmGL239Y;4260557420812;0
com_MarketplaceBooster_Vegavero (Marketplace Seller)_VEGAVERO Beifu? Extrakt;658295464;2.5.2026;cpc;0,61;;2;0;0;0;0;0;0;upmWMGCRY;4260557422090;0
com_MarketplaceBooster_Vegavero (Marketplace Seller)_VEGAVERO Glycin Pulver;658347478;2.5.2026;cpc;1,51;;2;1;50;0;1,51;0;0;upmTGWG29;4260557423479;1,51
at_CrossSellReRank_Vegavero (Marketplace Seller)_VEGAVERO BCAA Pulver Mango;658445038;2.5.2026;cpc;0,61;;2;0;0;0;0;0;0;upmWWWMYX;4260557423523;0
at_CrossSellReRank_Vegavero (Marketplace Seller)_VEGAVERO MSM Pulver DOSE;658279976;2.5.2026;cpc;0,61;;2;0;0;0;0;0;0;upmTLUPGT;4260309483881;0
at_CrossSellReRank_Vegavero (Marketplace Seller)_VEGAVERO Hyaluronsaeure;643052336;2.5.2026;cpc;0,31;;3;0;0;0;0;0;0;upmKMAH3F;4260557420539;0
at_CrossSellReRank_Vegavero (Marketplace Seller)_VEGAVERO Brewers Yeast;658347644;2.5.2026;cpc;0,31;;4;0;0;0;0;0;0;upmKUKGHH;4260557423332;0
it_MarketplaceBooster_Vegavero (Marketplace Seller)_VEGAVERO Acido Ialuronico;626451040;2.5.2026;cpc;0,51;;2;0;0;0;0;0;0;upmKMAH3F;4260557420539;0
at_CrossSellReRank_Vegavero (Marketplace Seller)_VEGAVERO Tribulus terrestris Extrakt;658279971;2.5.2026;cpc;0,31;;3;0;0;0;0;0;0;14251088;4260309481313;0
it_CrossSellReRank_Vegavero (Marketplace Seller)_VEGAVERO Strong Bones;658296089;2.5.2026;cpc;0,31;;3;0;0;0;0;0;0;upmAP9MLM;4260557423301;0
at_CrossSellReRank_Vegavero (Marketplace Seller)_VEGAVERO Shiitake Extrakt;658280087;2.5.2026;cpc;0,31;;5;0;0;0;0;0;0;upmZ7P4AX;4260557421970;0
com_CrossSellReRank_Vegavero (Marketplace Seller)_VEGAVERO Chia ?l BIO;643127528;2.5.2026;cpc;0,31;;4;0;0;0;0;0;0;upmK7YWLD;4260557422649;0
at_CrossSellReRank_Vegavero (Marketplace Seller)_VEGAVERO Vitamin K2;658295904;2.5.2026;cpc;0,31;;1;0;0;0;0;0;0;upmFYFHAU;4260557423424;0
com_CrossSellReRank_Vegavero (Marketplace Seller)_VEGAVERO Apple Cider Vinegar;643138167;2.5.2026;cpc;0,31;;2;0;0;0;0;0;0;upmUTDZP9;4260557423158;0
at_CrossSellReRank_Vegavero (Marketplace Seller)_VEGAVERO Astaxanthin ?l;658280070;2.5.2026;cpc;0,31;;1;0;0;0;0;0;0;upmYPTY2W;4260557421925;0
at_CrossSellReRank_Vegavero (Marketplace Seller)_VEGAVERO Chrom Plus;658280180;2.5.2026;cpc;0,31;;2;0;0;0;0;0;0;upmL7ZDD2;4260557422946;0
it_CrossSellReRank_Vegavero (Marketplace Seller)_VEGAVERO Iodio naturale BIO;658445106;2.5.2026;cpc;0,31;;2;0;0;0;0;0;0;14250769;4260557420256;0
at_CrossSellReRank_Vegavero (Marketplace Seller)_VEGAVERO Brennnessel BIO;658280036;2.5.2026;cpc;0,31;;2;0;0;0;0;0;0;upm9RX43T;4260557421031;0
com_MarketplaceBooster_Vegavero (Marketplace Seller)_VEGAVERO Chlorella BIO + Spirulina BIO;619667808;2.5.2026;cpc;1,01;;1;0;0;0;0;0;0;14250597;4260309484185;0
at_MarketplaceBooster_Vegavero (Marketplace Seller)_VEGAVERO EAA;625771660;2.5.2026;cpc;0,51;;1;0;0;0;0;0;0;upmGMXXY9;4260557420744;0
com_CrossSellReRank_Vegavero (Marketplace Seller)_VEGAVERO L-Glutamin Pulver;643141362;2.5.2026;cpc;0,31;;2;0;0;0;0;0;0;upmUPTFMH;4260557423233;0
at_CrossSellReRank_Vegavero (Marketplace Seller)_VEGAVERO Ingwer BIO;658280001;2.5.2026;cpc;0,31;;3;0;0;0;0;0;0;upmPX4TPU;4260557420386;0
it_MarketplaceBooster_Vegavero (Marketplace Seller)_VEGAVERO Reishi;658296411;2.5.2026;cpc;0,51;;1;0;0;0;0;0;0;14251013;4260309481665;0
com_CrossSellReRank_Vegavero (Marketplace Seller)_VEGAVERO Leinsamen?l BIO;643093628;2.5.2026;cpc;0,31;;3;0;0;0;0;0;0;upmKU4FAU;4260557422038;0
com_CrossSellReRank_Vegavero (Marketplace Seller)_VEGAVERO D-Mannose Complex;643077907;2.5.2026;cpc;0,31;;1;0;0;0;0;0;0;14250640;4260309482747;0
com_CrossSellReRank_Vegavero (Marketplace Seller)_VEGAVERO Koffein;643137040;2.5.2026;cpc;0,31;;2;0;0;0;0;0;0;upm4XZRWY;4260557423127;0
com_MarketplaceBooster_Vegavero (Marketplace Seller)_VEGAVERO Cordyceps Extrakt;658347556;2.5.2026;cpc;1,01;;1;0;0;0;0;0;0;14250611;4260309483218;0
at_CrossSellReRank_Vegavero (Marketplace Seller)_VEGAVERO Psyllium BIO;658282986;2.5.2026;cpc;0,31;;2;0;0;0;0;0;0;upmERYMM3;4260557423295;0
at_CrossSellReRank_Vegavero (Marketplace Seller)_VEGAVERO Hagebutte BIO;658280038;2.5.2026;cpc;0,31;;3;0;0;0;0;0;0;upmWRWWCG;4260557421048;0
at_CrossSellReRank_Vegavero (Marketplace Seller)_VEGAVERO Nachtkerzen ?l;658283039;2.5.2026;cpc;0,61;;1;0;0;0;0;0;0;upm7DM474;4260557423448;0
at_CrossSellReRank_Vegavero (Marketplace Seller)_VEGAVERO Ackerschachtelhalm BIO;658347604;2.5.2026;cpc;0,31;;2;0;0;0;0;0;0;upmDKAWH3;4260557421307;0
com_MarketplaceBooster_Vegavero (Marketplace Seller)_VEGAVERO Resveratrol + Nicotinamid;619676602;2.5.2026;cpc;0,51;;1;0;0;0;0;0;0;upmGDDD7G;4260557420805;0
at_MarketplaceBooster_Vegavero (Marketplace Seller)_VEGAVERO Cordyceps sinensis BIO;620609037;2.5.2026;cpc;0,51;;1;0;0;0;0;0;0;upmTG77MW;4260557422991;0
at_MarketplaceBooster_Vegavero (Marketplace Seller)_VEGAVERO Ingwer BIO;625770334;2.5.2026;cpc;0,51;;1;0;0;0;0;0;0;upmPX4TPU;4260557420386;0
com_CrossSellReRank_Vegavero (Marketplace Seller)_VEGAVERO Ashwagandha BIO;643088001;2.5.2026;cpc;0,31;;1;0;0;0;0;0;0;upmUPLLZH;4260557420676;0
at_CrossSellReRank_Vegavero (Marketplace Seller)_VEGAVERO Glucomannan BIO;658347640;2.5.2026;cpc;0,31;;1;0;0;0;0;0;0;upmLXEUT7;4260557423240;0
at_MarketplaceBooster_Vegavero (Marketplace Seller)_VEGAVERO Cholin Trio;658280067;2.5.2026;cpc;1,01;;1;0;0;0;0;0;0;upm97PFY9;4260557421826;0
com_CrossSellReRank_Vegavero (Marketplace Seller)_VEGAVERO Astaxanthin ?l;643093279;2.5.2026;cpc;0,31;;3;0;0;0;0;0;0;upmYPTY2W;4260557421925;0
at_CrossSellReRank_Vegavero (Marketplace Seller)_VEGAVERO Youth Biotics;658445047;2.5.2026;cpc;0,31;;1;0;0;0;0;0;0;upmW7Y7DL;4260557423462;0
at_CrossSellReRank_Vegavero (Marketplace Seller)_VEGAVERO Sugar Balance Complex;658280126;2.5.2026;cpc;0,31;;2;0;0;0;0;0;0;upmAD4HK4;4260557422403;0
at_MarketplaceBooster_Vegavero (Marketplace Seller)_VEGAVERO Chaga BIO;625789278;2.5.2026;cpc;0,51;;1;0;0;0;0;0;0;upmPYECDL;4260557422298;0
com_CrossSellReRank_Vegavero (Marketplace Seller)_VEGAVERO OPC Trio;643136197;2.5.2026;cpc;0,31;;1;0;0;0;0;0;0;upmWFGGMG;4260557423097;0
at_MarketplaceBooster_Vegavero (Marketplace Seller)_VEGAVERO Apple Cider Vinegar Gummies;626443801;2.5.2026;cpc;0,51;;1;0;0;0;0;0;0;upmF2EYPK;4260557423172;0
com_CrossSellReRank_Vegavero (Marketplace Seller)_VEGAVERO Bockshornklee BIO;643134873;2.5.2026;cpc;0,31;;6;0;0;0;0;0;0;upm7AL3PG;4260557422977;0
it_CrossSellReRank_Vegavero (Marketplace Seller)_VEGAVERO Papaya BIO;649077206;2.5.2026;cpc;0,31;;1;0;0;0;0;0;0;upm9HWLUD;4260557421055;0
it_CrossSellReRank_Vegavero (Marketplace Seller)_VEGAVERO Ferro;658331759;2.5.2026;cpc;0,31;;2;0;0;0;0;0;0;14250692;4260309483065;0
com_CrossSellReRank_Vegavero (Marketplace Seller)_VEGAVERO Beta-Alanin Pulver;658295770;2.5.2026;cpc;0,31;;4;0;0;0;0;0;0;upmFKHFRA;4260557423431;0
it_MarketplaceBooster_Vegavero (Marketplace Seller)_VEGAVERO Fieno Greco BIO;641649770;2.5.2026;cpc;0,51;;1;0;0;0;0;0;0;upm7AL3PG;4260557422977;0
it_CrossSellReRank_Vegavero (Marketplace Seller)_VEGAVERO Youth Biotics;658445087;2.5.2026;cpc;0,61;;1;0;0;0;0;0;0;upmW7Y7DL;4260557423462;0
at_MarketplaceBooster_Vegavero (Marketplace Seller)_VEGAVERO Astragalus BIO;625778112;2.5.2026;cpc;1,01;;1;0;0;0;0;0;0;upmCGKMCH;4260557421222;0
it_CrossSellReRank_Vegavero (Marketplace Seller)_VEGAVERO Taurina;658296231;2.5.2026;cpc;0,31;;1;0;0;0;0;0;0;upmHULHZD;4260557423370;0
it_CrossSellReRank_Vegavero (Marketplace Seller)_VEGAVERO Acido Ialuronico;649164412;2.5.2026;cpc;0,31;;1;0;0;0;0;0;0;upmKMAH3F;4260557420539;0
at_MarketplaceBooster_Vegavero (Marketplace Seller)_VEGAVERO Glucomannan BIO;658347634;2.5.2026;cpc;0,51;;1;0;0;0;0;0;0;upmLXEUT7;4260557423240;0
at_CrossSellReRank_Vegavero (Marketplace Seller)_VEGAVERO Cordyceps sinensis BIO;658282808;2.5.2026;cpc;0,31;;1;0;0;0;0;0;0;upmTG77MW;4260557422991;0
com_MarketplaceBooster_Vegavero (Marketplace Seller)_VEGAVERO Vitamin K2;658347316;2.5.2026;cpc;1,01;;0;0;0;0;0;0;0;upmFYFHAU;4260557423424;0
com_CrossSellReRank_Vegavero (Marketplace Seller)_VEGAVERO Shiitake Extrakt;643093288;2.5.2026;cpc;0,31;;2;0;0;0;0;0;0;upmZ7P4AX;4260557421970;0
com_CrossSellReRank_Vegavero (Marketplace Seller)_VEGAVERO BCAA Pulver Mango;658445062;2.5.2026;cpc;0,31;;1;0;0;0;0;0;0;upmWWWMYX;4260557423523;0
at_MarketplaceBooster_Vegavero (Marketplace Seller)_VEGAVERO Cholin Bitartrat;658283012;2.5.2026;cpc;0,51;;0;0;0;0;0;0;0;upmU9FP9M;4260557423325;0
com_CrossSellReRank_Vegavero (Marketplace Seller)_VEGAVERO Vitamin D3 und K2 ?l;652854756;2.5.2026;cpc;1,11;;1;0;0;0;0;0;0;upm7FHKKZ;4260557421437;0
it_MarketplaceBooster_Vegavero (Marketplace Seller)_VEGAVERO Lievito di Birra;658296220;2.5.2026;cpc;0,51;;0;0;0;0;0;0;0;upmKUKGHH;4260557423332;0
it_MarketplaceBooster_Vegavero (Marketplace Seller)_VEGAVERO Griffonia;658296090;2.5.2026;cpc;0,51;;0;0;0;0;0;0;0;upmG7RZLC;4260557423318;0
at_CrossSellReRank_Vegavero (Marketplace Seller)_VEGAVERO Taurin Pulver;658283035;2.5.2026;cpc;0,31;;0;0;0;0;0;0;0;upmHULHZD;4260557423370;0
at_MarketplaceBooster_Vegavero (Marketplace Seller)_VEGAVERO Psyllium BIO;658282984;2.5.2026;cpc;0,51;;0;0;0;0;0;0;0;upmERYMM3;4260557423295;0
at_MarketplaceBooster_Vegavero (Marketplace Seller)_VEGAVERO Reishi Extrakt;625763780;2.5.2026;cpc;0,51;;0;0;0;0;0;0;0;14251013;4260309481665;0
com_MarketplaceBooster_Vegavero (Marketplace Seller)_VEGAVERO Nachtkerzen ?l;658291478;2.5.2026;cpc;1,01;;0;0;0;0;0;0;0;upm7DM474;4260557423448;0
at_MarketplaceBooster_Vegavero (Marketplace Seller)_VEGAVERO Party Hero;658283016;2.5.2026;cpc;0,51;;0;0;0;0;0;0;0;upmFACEA7;4260557423356;0
it_MarketplaceBooster_Vegavero (Marketplace Seller)_VEGAVERO Taurina;658296229;2.5.2026;cpc;0,51;;0;0;0;0;0;0;0;upmHULHZD;4260557423370;0
com_CrossSellReRank_Vegavero (Marketplace Seller)_VEGAVERO Nattokinase;643231278;2.5.2026;cpc;0,31;;0;0;0;0;0;0;0;upm2ZL4CL;4260557423264;0
at_MarketplaceBooster_Vegavero (Marketplace Seller)_VEGAVERO Maitake BIO;658295833;2.5.2026;cpc;0,51;;0;0;0;0;0;0;0;upmW4TZYD;4260557420874;0
com_CrossSellReRank_Vegavero (Marketplace Seller)_VEGAVERO Maitake BIO;643089677;2.5.2026;cpc;0,31;;2;0;0;0;0;0;0;upmW4TZYD;4260557420874;0
it_MarketplaceBooster_Vegavero (Marketplace Seller)_VEGAVERO Beta-Alanina in Polvere;658296313;2.5.2026;cpc;1,01;;0;0;0;0;0;0;0;upmFKHFRA;4260557423431;0
com_MarketplaceBooster_Vegavero (Marketplace Seller)_VEGAVERO Glucosamin Plus;658347207;2.5.2026;cpc;1,01;;0;0;0;0;0;0;0;upmKWW3MD;4260557423349;0
it_MarketplaceBooster_Vegavero (Marketplace Seller)_VEGAVERO Cordyceps Sinensis BIO;626451122;2.5.2026;cpc;0,51;;0;2;0;0;1,02;0;0;upmTG77MW;4260557422991;0,51
at_CrossSellReRank_Vegavero (Marketplace Seller)_VEGAVERO EAA Pulver Pfirsich;658445042;2.5.2026;cpc;0,61;;1;0;0;0;0;0;0;upmP94YR7;4260557423530;0
it_CrossSellReRank_Vegavero (Marketplace Seller)_VEGAVERO Boswellia;649114866;2.5.2026;cpc;0,31;;1;0;0;0;0;0;0;upmEH2K74;4260557422588;0
it_CrossSellReRank_Vegavero (Marketplace Seller)_VEGAVERO OPC Trio;649150121;2.5.2026;cpc;0,31;;1;0;0;0;0;0;0;upmWFGGMG;4260557423097;0
at_MarketplaceBooster_Vegavero (Marketplace Seller)_VEGAVERO Keto Power;658282839;2.5.2026;cpc;0,51;;0;0;0;0;0;0;0;upmP77L3M;4260557423288;0
it_CrossSellReRank_Vegavero (Marketplace Seller)_VEGAVERO Lievito di Birra;658296221;2.5.2026;cpc;0,31;;1;0;0;0;0;0;0;upmKUKGHH;4260557423332;0
it_MarketplaceBooster_Vegavero (Marketplace Seller)_VEGAVERO Strong Bones;658296086;2.5.2026;cpc;0,51;;0;0;0;0;0;0;0;upmAP9MLM;4260557423301;0
it_MarketplaceBooster_Vegavero (Marketplace Seller)_VEGAVERO Glicina in Polvere;658296346;2.5.2026;cpc;1,01;;0;0;0;0;0;0;0;upmTGWG29;4260557423479;0
at_MarketplaceBooster_Vegavero (Marketplace Seller)_VEGAVERO Glycin Pulver;658280143;2.5.2026;cpc;1,01;;0;0;0;0;0;0;0;upmTGWG29;4260557423479;0
at_MarketplaceBooster_Vegavero (Marketplace Seller)_VEGAVERO Strong Bones;658283003;2.5.2026;cpc;0,51;;0;0;0;0;0;0;0;upmAP9MLM;4260557423301;0
at_MarketplaceBooster_Vegavero (Marketplace Seller)_VEGAVERO Tribulus terrestris Extrakt;658279972;2.5.2026;cpc;0,51;;0;1;0;0;0,51;0;0;14251088;4260309481313;0,51
at_MarketplaceBooster_Vegavero (Marketplace Seller)_VEGAVERO Griffonia;658283007;2.5.2026;cpc;1,61;;0;0;0;0;0;0;0;upmG7RZLC;4260557423318;0
it_MarketplaceBooster_Vegavero (Marketplace Seller)_VEGAVERO Vitamina K2;658296232;2.5.2026;cpc;0,51;;0;0;0;0;0;0;0;upmFYFHAU;4260557423424;0
it_MarketplaceBooster_Vegavero (Marketplace Seller)_VEGAVERO Enotera;658296331;2.5.2026;cpc;1,01;;0;0;0;0;0;0;0;upm7DM474;4260557423448;0
it_MarketplaceBooster_Vegavero (Marketplace Seller)_VEGAVERO Party Hero;658331695;2.5.2026;cpc;0,51;;0;0;0;0;0;0;0;upmFACEA7;4260557423356;0
SOLD_OUT_com_CrossSellReRank_Vegavero (Marketplace Seller)_VEGAVERO MSM 670mg;643078424;2.5.2026;cpc;0,61;;1;0;0;0;0;0;0;14250924;4260309484130;0
it_CrossSellReRank_Vegavero (Marketplace Seller)_VEGAVERO Enotera;658296335;2.5.2026;cpc;0,61;;1;0;0;0;0;0;0;upm7DM474;4260557423448;0
it_CrossSellReRank_Vegavero (Marketplace Seller)_VEGAVERO Colina;649091299;2.5.2026;cpc;0,31;;0;0;0;0;0;0;0;upm97PFY9;4260557421826;0
at_MarketplaceBooster_Vegavero (Marketplace Seller)_VEGAVERO Taurin Pulver;658283030;2.5.2026;cpc;0,51;;0;0;0;0;0;0;0;upmHULHZD;4260557423370;0
com_CrossSellReRank_Vegavero (Marketplace Seller)_VEGAVERO Resveratrol + Nicotinamid;643088593;2.5.2026;cpc;0,31;;1;0;0;0;0;0;0;upmGDDD7G;4260557420805;0
com_CrossSellReRank_Vegavero (Marketplace Seller)_VEGAVERO Hyaluronsaeure;643078405;2.5.2026;cpc;0,31;;0;0;0;0;0;0;0;upmPMLEP9;4260557423103;0
it_MarketplaceBooster_Vegavero (Marketplace Seller)_VEGAVERO Colina Bitartrato;658296180;2.5.2026;cpc;0,51;;0;0;0;0;0;0;0;upmU9FP9M;4260557423325;0
com_MarketplaceBooster_Vegavero (Marketplace Seller)_VEGAVERO Strong Bones;658283044;2.5.2026;cpc;0,51;;0;0;0;0;0;0;0;upmAP9MLM;4260557423301;0
at_MarketplaceBooster_Vegavero (Marketplace Seller)_VEGAVERO Beta-Alanin Pulver;658283036;2.5.2026;cpc;1,01;;0;0;0;0;0;0;0;upmFKHFRA;4260557423431;0
it_MarketplaceBooster_Vegavero (Marketplace Seller)_VEGAVERO Chrom Plus;641642728;2.5.2026;cpc;0,51;;0;0;0;0;0;0;0;upmL7ZDD2;4260557422946;0
at_MarketplaceBooster_Vegavero (Marketplace Seller)_VEGAVERO Brewers Yeast;658347642;2.5.2026;cpc;0,51;;0;0;0;0;0;0;0;upmKUKGHH;4260557423332;0
it_MarketplaceBooster_Vegavero (Marketplace Seller)_VEGAVERO Creatina in Polvere;658331593;2.5.2026;cpc;0,51;;0;0;0;0;0;0;0;upmFRZEFX;4260557423226;0
at_MarketplaceBooster_Vegavero (Marketplace Seller)_VEGAVERO Glucosamin Plus;658295895;2.5.2026;cpc;0,51;;0;0;0;0;0;0;0;upmKWW3MD;4260557423349;0
com_CrossSellReRank_Vegavero (Marketplace Seller)_VEGAVERO Cordyceps sinensis BIO;658295815;2.5.2026;cpc;0,31;;1;0;0;0;0;0;0;upmTG77MW;4260557422991;0
at_MarketplaceBooster_Vegavero (Marketplace Seller)_VEGAVERO EAA Pulver Pfirsich;658445040;2.5.2026;cpc;1,01;;0;0;0;0;0;0;0;upmP94YR7;4260557423530;0
com_CrossSellReRank_Vegavero (Marketplace Seller)_VEGAVERO D-Mannose Pulver;643235044;2.5.2026;cpc;0,31;;0;0;0;0;0;0;0;14250686;4260309481603;0
at_MarketplaceBooster_Vegavero (Marketplace Seller)_VEGAVERO Vitamin K2;658295902;2.5.2026;cpc;0,51;;0;0;0;0;0;0;0;upmFYFHAU;4260557423424;0
it_MarketplaceBooster_Vegavero (Marketplace Seller)_VEGAVERO Keto Power;658295962;2.5.2026;cpc;0,51;;0;0;0;0;0;0;0;upmP77L3M;4260557423288;0
at_MarketplaceBooster_Vegavero (Marketplace Seller)_VEGAVERO Nachtkerzen ?l;658283038;2.5.2026;cpc;1,01;;0;0;0;0;0;0;0;upm7DM474;4260557423448;0
it_MarketplaceBooster_Vegavero (Marketplace Seller)_VEGAVERO Omega 3;626451248;3.5.2026;cpc;0,81;;252;3;1,190476;0;2,43;0;0;upm9KDWAZ;4260557421383;0,81
it_CrossSellReRank_Vegavero (Marketplace Seller)_VEGAVERO Ashwagandha BIO;649076814;3.5.2026;cpc;0,31;;246;2;0,854701;0;0,62;0;0;upmUPLLZH;4260557420676;0,31
SOLD_OUT_at_MarketplaceBooster_Vegavero (Marketplace Seller)_VEGAVERO Vegan Collagen+Hyaluronic Acid;658347622;3.5.2026;cpc;1,41;;201;1;0,5;0;1,41;0;0;upmK3CG99;4260557422656;1,41
at_CrossSellReRank_Vegavero (Marketplace Seller)_VEGAVERO Beta Carotin;643057199;3.5.2026;cpc;0,31;;204;3;1,570681;0;0,93;0;0;14250551;4260309484208;0,31
at_CrossSellReRank_Vegavero (Marketplace Seller)_VEGAVERO Female Balance Complex;658280004;3.5.2026;cpc;0,91;;176;5;3,08642;0;4,55;0;0;upmUX2FW3;4260557420638;0,91
at_MarketplaceBooster_Vegavero (Marketplace Seller)_VEGAVERO Omega-3 ?l;625779008;3.5.2026;cpc;1,71;;156;1;0,641026;0;1,71;0;0;upm9KDWAZ;4260557421383;1,71
it_CrossSellReRank_Vegavero (Marketplace Seller)_VEGAVERO Astaxantina BIO;649155147;3.5.2026;cpc;0,61;;159;0;0;0;0;0;0;upm7GZX42;4260557423165;0
com_MarketplaceBooster_Vegavero (Marketplace Seller)_VEGAVERO Drenaflux Complex;629500801;3.5.2026;cpc;1,01;;137;2;1,459854;0;2,02;0;0;upm2XGYDU;4260557422489;1,01
it_CrossSellReRank_Vegavero (Marketplace Seller)_VEGAVERO Omega 3;658752940;3.5.2026;cpc;0,81;;154;2;1,470588;0;1,62;0;0;upm9KDWAZ;4260557421383;0,81
it_MarketplaceBooster_Vegavero (Marketplace Seller)_VEGAVERO Olio di Semi di Chia;641627926;3.5.2026;cpc;0,51;;134;1;0,746269;0;0,51;0;0;upmK7YWLD;4260557422649;0,51
it_MarketplaceBooster_Vegavero (Marketplace Seller)_VEGAVERO Magnesio Complex;620566101;3.5.2026;cpc;0,51;;132;9;6,818182;0;4,59;0;0;upmUZUHTT;4260557421888;0,51
at_CrossSellReRank_Vegavero (Marketplace Seller)_VEGAVERO Vitamin B3 (Nicotinamid);658280014;3.5.2026;cpc;0,51;;156;0;0;0;0;0;0;upmUEXHE2;4260557420850;0
at_MarketplaceBooster_Vegavero (Marketplace Seller)_VEGAVERO Vitamin D3 und K2 ?l;658280064;3.5.2026;cpc;1,31;;115;4;3,478261;0;5,24;0;0;upm7FHKKZ;4260557421437;1,31
at_MarketplaceBooster_Vegavero (Marketplace Seller)_VEGAVERO Leinsamen?l BIO;658280092;3.5.2026;cpc;0,51;;108;0;0;0;0;0;0;upmKU4FAU;4260557422038;0
at_MarketplaceBooster_Vegavero (Marketplace Seller)_VEGAVERO Prostaid Complex;658727261;3.5.2026;cpc;1,31;;109;1;0,934579;0;1,31;0;0;upmCEE43U;4260557420515;1,31
SOLD_OUT_com_MarketplaceBooster_Vegavero (Marketplace Seller)_VEGAVERO Beta Carotin Plus ?l;620501456;3.5.2026;cpc;0,51;;104;3;2,912621;0;1,53;0;0;upmGPMUEM;4260557422427;0,51
at_CrossSellReRank_Vegavero (Marketplace Seller)_VEGAVERO Schwarzk?mmel?l BIO;658280057;3.5.2026;cpc;0,61;1;112;2;2,040816;50;1,22;26,9;2204,918033;upmEUZ9F7;4260557421376;0,61
it_MarketplaceBooster_Vegavero (Marketplace Seller)_VEGAVERO Ferro;658331730;3.5.2026;cpc;0,51;;96;4;4,166667;0;2,04;0;0;14250692;4260309483065;0,51
it_CrossSellReRank_Vegavero (Marketplace Seller)_VEGAVERO Venaflux Complex;649103716;3.5.2026;cpc;0,31;;102;0;0;0;0;0;0;upmKY422A;4260557422212;0
at_MarketplaceBooster_Vegavero (Marketplace Seller)_VEGAVERO Schwarzk?mmel?l BIO;625778996;3.5.2026;cpc;0,81;;90;1;1,111111;0;0,81;0;0;upmEUZ9F7;4260557421376;0,81
it_MarketplaceBooster_Vegavero (Marketplace Seller)_VEGAVERO Prosta-X;658381378;3.5.2026;cpc;1,01;;89;5;5,617978;0;5,05;0;0;upmKYYZM4;4260557423486;1,01
it_CrossSellReRank_Vegavero (Marketplace Seller)_VEGAVERO Prosta-X;658381379;3.5.2026;cpc;0,61;;97;0;0;0;0;0;0;upmKYYZM4;4260557423486;0
com_MarketplaceBooster_Vegavero (Marketplace Seller)_VEGAVERO Female Balance Complex;629496626;3.5.2026;cpc;1,21;;87;2;2,298851;0;2,42;0;0;upmUX2FW3;4260557420638;1,21
at_CrossSellReRank_Vegavero (Marketplace Seller)_VEGAVERO Eisen Bisglycinat;643050566;3.5.2026;cpc;0,31;;93;0;0;0;0;0;0;14250692;4260309483065;0
at_CrossSellReRank_Vegavero (Marketplace Seller)_VEGAVERO Vitamin D3+K2 Tropfen;658280177;3.5.2026;cpc;1,41;;92;1;1,162791;0;1,41;0;0;upmKAXT9Y;4260557422915;1,41
it_CrossSellReRank_Vegavero (Marketplace Seller)_VEGAVERO Light Legs Complex;658381503;3.5.2026;cpc;0,31;;94;0;0;0;0;0;0;upmD7EWMP;4260557420454;0
SOLD_OUT_at_MarketplaceBooster_Vegavero (Marketplace Seller)_VEGAVERO Beta Carotin Plus ?l;620605197;3.5.2026;cpc;0,51;;86;4;4,705882;0;2,04;0;0;upmGPMUEM;4260557422427;0,51
com_CrossSellReRank_Vegavero (Marketplace Seller)_VEGAVERO Rhodiola rosea Extrakt;643082833;3.5.2026;cpc;0,31;;89;0;0;0;0;0;0;14251036;4260557420102;0
at_MarketplaceBooster_Vegavero (Marketplace Seller)_VEGAVERO Eisen Bisglycinat;620612855;3.5.2026;cpc;0,51;;79;1;1,265823;0;0,51;0;0;14250692;4260309483065;0,51
com_MarketplaceBooster_Vegavero (Marketplace Seller)_VEGAVERO Papaya BIO;620527447;3.5.2026;cpc;0,51;;78;0;0;0;0;0;0;upm9HWLUD;4260557421055;0
it_MarketplaceBooster_Vegavero (Marketplace Seller)_VEGAVERO Female Balance Complex;658381497;3.5.2026;cpc;0,51;;77;2;2,597403;0;1,02;0;0;upmUX2FW3;4260557420638;0,51
SOLD_OUT_it_CrossSellReRank_Vegavero (Marketplace Seller)_VEGAVERO Betacarotene Plus;649106236;3.5.2026;cpc;0,31;;79;2;2,631579;0;0,62;0;0;upmGPMUEM;4260557422427;0,31
SOLD_OUT_it_MarketplaceBooster_Vegavero (Marketplace Seller)_VEGAVERO Collagene Vegano + Acido Ialuronico;658334348;3.5.2026;cpc;1,21;;76;2;2,631579;0;2,42;0;0;upmK3CG99;4260557422656;1,21
it_MarketplaceBooster_Vegavero (Marketplace Seller)_VEGAVERO Vitamina D3 + K2;641650859;3.5.2026;cpc;1,21;;75;3;4;0;3,63;0;0;upm7FHKKZ;4260557421437;1,21
it_MarketplaceBooster_Vegavero (Marketplace Seller)_VEGAVERO Sun Care Complex;649077191;3.5.2026;cpc;0,51;;75;1;1,333333;0;0,51;0;0;upm7C9XR2;4260557420836;0,51
it_MarketplaceBooster_Vegavero (Marketplace Seller)_VEGAVERO Vitamina B12 Spray;658334266;3.5.2026;cpc;0,51;;75;0;0;0;0;0;0;14251102;4260557420027;0
it_MarketplaceBooster_Vegavero (Marketplace Seller)_VEGAVERO Griffonia Plus;641628925;3.5.2026;cpc;0,51;;74;1;1,351351;0;0,51;0;0;upmHCULGA;4260557422755;0,51
at_CrossSellReRank_Vegavero (Marketplace Seller)_VEGAVERO Elektrolyte Plus;658280160;3.5.2026;cpc;0,31;;76;2;2,816901;0;0,62;0;0;upmD23XCL;4260557422823;0,31
com_MarketplaceBooster_Vegavero (Marketplace Seller)_VEGAVERO Beta Carotin;620501440;3.5.2026;cpc;1,01;2;72;5;7,142857;40;5,05;41,8;827,722772;14250551;4260309484208;1,01
it_CrossSellReRank_Vegavero (Marketplace Seller)_VEGAVERO Mushroom Mix Complex;649102044;3.5.2026;cpc;0,31;;72;0;0;0;0;0;0;upm4XDXPR;4260557422045;0
it_CrossSellReRank_Vegavero (Marketplace Seller)_VEGAVERO Astaxantina;649092862;3.5.2026;cpc;0,41;;75;0;0;0;0;0;0;upmYPTY2W;4260557421925;0
at_MarketplaceBooster_Vegavero (Marketplace Seller)_VEGAVERO Oregano ?l BIO;658280076;3.5.2026;cpc;0,51;;67;3;4,477612;0;1,53;0;0;upmYCXAL7;4260557421932;0,51
at_CrossSellReRank_Vegavero (Marketplace Seller)_VEGAVERO Sun Care Complex;658280012;3.5.2026;cpc;0,31;;68;1;1,538462;0;0,31;0;0;upm7C9XR2;4260557420836;0,31
com_MarketplaceBooster_Vegavero (Marketplace Seller)_VEGAVERO Schwarzk?mmel?l BIO;658295946;3.5.2026;cpc;0,91;;64;1;1,5625;0;0,91;0;0;upmEUZ9F7;4260557421376;0,91
at_MarketplaceBooster_Vegavero (Marketplace Seller)_VEGAVERO Vitamin D3+K2 Tropfen;626442372;3.5.2026;cpc;1,51;;62;0;0;0;0;0;0;upmKAXT9Y;4260557422915;0
it_MarketplaceBooster_Vegavero (Marketplace Seller)_VEGAVERO Bromelina;620571075;3.5.2026;cpc;0,51;;61;0;0;0;0;0;0;upm43HM34;4260557421130;0
com_MarketplaceBooster_Vegavero (Marketplace Seller)_VEGAVERO Myo-Inositol Complex;658295457;3.5.2026;cpc;1,71;;61;2;3,278689;0;3,42;0;0;upm7PGM77;4260557421765;1,71
it_CrossSellReRank_Vegavero (Marketplace Seller)_VEGAVERO Female Balance Complex;658381499;3.5.2026;cpc;0,31;;73;0;0;0;0;0;0;upmUX2FW3;4260557420638;0
at_MarketplaceBooster_Vegavero (Marketplace Seller)_VEGAVERO Myo-Inositol Complex;625786532;3.5.2026;cpc;1,01;;61;3;4,918033;0;3,03;0;0;upm7PGM77;4260557421765;1,01
at_MarketplaceBooster_Vegavero (Marketplace Seller)_VEGAVERO Glucosamin Complex;620608017;3.5.2026;cpc;0,51;;60;1;1,666667;0;0,51;0;0;upmTYL3Y7;4260557420737;0,51
at_MarketplaceBooster_Vegavero (Marketplace Seller)_VEGAVERO D-Mannose Complex;620609091;3.5.2026;cpc;0,51;;59;0;0;0;0;0;0;14250640;4260309482747;0
it_CrossSellReRank_Vegavero (Marketplace Seller)_VEGAVERO Sun Care Complex;649077192;3.5.2026;cpc;0,31;;58;0;0;0;0;0;0;upm7C9XR2;4260557420836;0
at_MarketplaceBooster_Vegavero (Marketplace Seller)_VEGAVERO Multivitamin Spray Junior;625777201;3.5.2026;cpc;0,51;;58;0;0;0;0;0;0;upm9ZTF3H;4260557421178;0
SOLD_OUT_it_MarketplaceBooster_Vegavero (Marketplace Seller)_VEGAVERO Probiotici e Prebiotici Bambini;658445101;3.5.2026;cpc;1,01;;56;0;0;0;0;0;0;14250953;4260557420249;0
it_CrossSellReRank_Vegavero (Marketplace Seller)_VEGAVERO Vitamina B12 Spray;658334267;3.5.2026;cpc;0,31;;60;0;0;0;0;0;0;14251102;4260557420027;0
at_MarketplaceBooster_Vegavero (Marketplace Seller)_VEGAVERO Beta Carotin;620605193;3.5.2026;cpc;1,01;;57;3;5,357143;0;3,03;0;0;14250551;4260309484208;1,01
SOLD_OUT_it_CrossSellReRank_Vegavero (Marketplace Seller)_VEGAVERO Collagene Vegano + Acido Ialuronico;658334350;3.5.2026;cpc;0,81;;66;0;0;0;0;0;0;upmK3CG99;4260557422656;0
com_CrossSellReRank_Vegavero (Marketplace Seller)_VEGAVERO Beta Carotin;643079421;3.5.2026;cpc;0,31;1;58;1;1,818182;100;0,31;20,9;6741,935484;14250551;4260309484208;0,31
it_CrossSellReRank_Vegavero (Marketplace Seller)_VEGAVERO Cordyceps;658334303;3.5.2026;cpc;0,31;;57;0;0;0;0;0;0;14250611;4260309483218;0
SOLD_OUT_com_CrossSellReRank_Vegavero (Marketplace Seller)_VEGAVERO Beta Carotin Plus ?l;643094141;3.5.2026;cpc;0,31;;57;0;0;0;0;0;0;upmGPMUEM;4260557422427;0
at_MarketplaceBooster_Vegavero (Marketplace Seller)_VEGAVERO L-Tryptophan;625767437;3.5.2026;cpc;0,51;;56;0;0;0;0;0;0;14250841;4260309481108;0
at_CrossSellReRank_Vegavero (Marketplace Seller)_VEGAVERO Lecithin BIO;658280090;3.5.2026;cpc;0,71;;62;0;0;0;0;0;0;upm2HFKPC;4260557422021;0
SOLD_OUT_it_CrossSellReRank_Vegavero (Marketplace Seller)_VEGAVERO L-Tirosina Plus;649143283;3.5.2026;cpc;0,31;;63;0;0;0;0;0;0;upm2FC2LC;4260557422885;0
it_MarketplaceBooster_Vegavero (Marketplace Seller)_VEGAVERO Riso Rosso Plus;641644118;3.5.2026;cpc;0,51;;54;0;0;0;0;0;0;upmDFWTTT;4260557423110;0
at_MarketplaceBooster_Vegavero (Marketplace Seller)_VEGAVERO Elektrolyte Plus;620596596;3.5.2026;cpc;0,51;;55;2;3,703704;0;1,02;0;0;upmD23XCL;4260557422823;0,51
com_CrossSellReRank_Vegavero (Marketplace Seller)_VEGAVERO Drenaflux Complex;643094174;3.5.2026;cpc;0,31;;58;0;0;0;0;0;0;upm2XGYDU;4260557422489;0
it_MarketplaceBooster_Vegavero (Marketplace Seller)_VEGAVERO Glucosamin Complex;620567054;3.5.2026;cpc;0,51;;52;1;1,923077;0;0,51;0;0;upmTYL3Y7;4260557420737;0,51
it_MarketplaceBooster_Vegavero (Marketplace Seller)_VEGAVERO Venaflux Complex;649103715;3.5.2026;cpc;0,51;;51;2;3,921569;0;1,02;0;0;upmKY422A;4260557422212;0,51
com_MarketplaceBooster_Vegavero (Marketplace Seller)_VEGAVERO Rhodiola rosea Extrakt;619660946;3.5.2026;cpc;1,01;;51;2;3,921569;0;2,02;0;0;14251036;4260557420102;1,01
com_MarketplaceBooster_Vegavero (Marketplace Seller)_VEGAVERO Natural Jod BIO;619661620;3.5.2026;cpc;0,51;;50;1;2;0;0,51;0;0;14250769;4260557420256;0,51
it_MarketplaceBooster_Vegavero (Marketplace Seller)_VEGAVERO Vitamina D3 + K2;649145075;3.5.2026;cpc;0,91;;50;0;0;0;0;0;0;upmKAXT9Y;4260557422915;0
at_MarketplaceBooster_Vegavero (Marketplace Seller)_VEGAVERO Colon Care Complex;625767929;3.5.2026;cpc;0,51;;50;1;2;0;0,51;0;0;14250605;4260557420201;0,51
it_CrossSellReRank_Vegavero (Marketplace Seller)_VEGAVERO Cysti-Aid Complex;649102998;3.5.2026;cpc;0,31;;49;1;2,040816;0;0,31;0;0;upmTZFCGA;4260557422199;0,31
SOLD_OUT_at_CrossSellReRank_Vegavero (Marketplace Seller)_VEGAVERO Beta Carotin Plus ?l;658280127;3.5.2026;cpc;0,31;;50;1;2,083333;0;0,31;0;0;upmGPMUEM;4260557422427;0,31
it_CrossSellReRank_Vegavero (Marketplace Seller)_VEGAVERO Magnesio Complex;649091773;3.5.2026;cpc;0,31;;61;0;0;0;0;0;0;upmUZUHTT;4260557421888;0
SOLD_OUT_com_MarketplaceBooster_Vegavero (Marketplace Seller)_VEGAVERO Taurin Plus;620551671;3.5.2026;cpc;0,51;;47;1;2,12766;0;0,51;0;0;upmXXW9XA;4260557423059;0,51
com_MarketplaceBooster_Vegavero (Marketplace Seller)_VEGAVERO BIO Astaxanthin ?l;618496738;3.5.2026;cpc;1,41;;47;1;2,173913;0;1,41;0;0;upm7GZX42;4260557423165;1,41
at_MarketplaceBooster_Vegavero (Marketplace Seller)_VEGAVERO Vegan Essentials Complex;620605288;3.5.2026;cpc;0,51;;45;0;0;0;0;0;0;upmHHT433;4260557421390;0
it_MarketplaceBooster_Vegavero (Marketplace Seller)_VEGAVERO Igname Selvatico +  Zinco;658353187;3.5.2026;cpc;0,51;;45;0;0;0;0;0;0;14251183;4260309481672;0
at_CrossSellReRank_Vegavero (Marketplace Seller)_VEGAVERO Teufelskralle Plus;658280050;3.5.2026;cpc;0,31;;46;0;0;0;0;0;0;upmD3U322;4260557421192;0
com_MarketplaceBooster_Vegavero (Marketplace Seller)_VEGAVERO Vitamin B12 Spray Junior;619721771;3.5.2026;cpc;0,51;;42;0;0;0;0;0;0;upm3RXHUC;4260557422229;0
it_MarketplaceBooster_Vegavero (Marketplace Seller)_VEGAVERO Quercetina Complex;658381383;3.5.2026;cpc;0,51;;42;2;4,761905;0;1,02;0;0;upmF2AFXC;4260557423509;0,51
it_CrossSellReRank_Vegavero (Marketplace Seller)_VEGAVERO Cardo Mariano;658352468;3.5.2026;cpc;0,31;;47;2;4,761905;0;0,62;0;0;upmGMGWYP;4260309481979;0,31
com_MarketplaceBooster_Vegavero (Marketplace Seller)_VEGAVERO Magnesium Bisglycinat;617842637;3.5.2026;cpc;2,11;;42;4;9,52381;0;8,44;0;0;upmX4LT4H;4260557423257;2,11
at_MarketplaceBooster_Vegavero (Marketplace Seller)_VEGAVERO Papaya BIO;658295837;3.5.2026;cpc;0,51;;41;0;0;0;0;0;0;upm9HWLUD;4260557421055;0
SOLD_OUT_com_MarketplaceBooster_Vegavero (Marketplace Seller)_VEGAVERO Vegan Collagen+Hyaluronic Acid;620530762;3.5.2026;cpc;1,51;;41;1;2,439024;0;1,51;0;0;upmK3CG99;4260557422656;1,51
com_MarketplaceBooster_Vegavero (Marketplace Seller)_VEGAVERO Multivitamin Spray Junior;649171519;3.5.2026;cpc;0,51;;42;1;2,439024;0;0,51;0;0;upm9ZTF3H;4260557421178;0,51
it_MarketplaceBooster_Vegavero (Marketplace Seller)_VEGAVERO Iodio naturale BIO;658445105;3.5.2026;cpc;1,01;;40;0;0;0;0;0;0;14250769;4260557420256;0
it_MarketplaceBooster_Vegavero (Marketplace Seller)_VEGAVERO Cumino Nero BIO;658352477;3.5.2026;cpc;0,51;;40;0;0;0;0;0;0;upmEUZ9F7;4260557421376;0
it_CrossSellReRank_Vegavero (Marketplace Seller)_VEGAVERO Maca Nera Plus;649149549;3.5.2026;cpc;0,81;;42;0;0;0;0;0;0;upmG4PKUG;4260557423042;0
com_MarketplaceBooster_Vegavero (Marketplace Seller)_VEGAVERO Mariendistel Plus;652868156;3.5.2026;cpc;1,01;;39;0;0;0;0;0;0;upmR9H2HU;4260557422892;0
com_MarketplaceBooster_Vegavero (Marketplace Seller)_VEGAVERO Vitamin D3+K2 Tropfen;620538813;3.5.2026;cpc;1,51;;38;1;2,631579;0;1,51;0;0;upmKAXT9Y;4260557422915;1,51
com_CrossSellReRank_Vegavero (Marketplace Seller)_VEGAVERO Venaflux Complex;643093981;3.5.2026;cpc;1,41;;42;0;0;0;0;0;0;upmKY422A;4260557422212;0
com_MarketplaceBooster_Vegavero (Marketplace Seller)_VEGAVERO Omega-3 ?l;620545279;3.5.2026;cpc;1,71;;37;2;5,405405;0;3,42;0;0;upm9KDWAZ;4260557421383;1,71
it_CrossSellReRank_Vegavero (Marketplace Seller)_VEGAVERO Probiotici e Prebiotici BIO;658296371;3.5.2026;cpc;0,31;;42;0;0;0;0;0;0;14250976;4260557420034;0
it_CrossSellReRank_Vegavero (Marketplace Seller)_VEGAVERO Betacarotene;653866107;3.5.2026;cpc;0,31;;41;2;5,405405;0;0,62;0;0;14250551;4260309484208;0,31
com_CrossSellReRank_Vegavero (Marketplace Seller)_VEGAVERO Rosskastanie Plus BIO;643090783;3.5.2026;cpc;0,41;;42;0;0;0;0;0;0;upmUR4ZK4;4260557421239;0
SOLD_OUT_at_CrossSellReRank_Vegavero (Marketplace Seller)_VEGAVERO L-Tyrosin Plus;658280164;3.5.2026;cpc;0,31;;44;0;0;0;0;0;0;upm2FC2LC;4260557422885;0
at_CrossSellReRank_Vegavero (Marketplace Seller)_VEGAVERO Beifu? Extrakt;658280102;3.5.2026;cpc;0,41;;43;1;2,777778;0;0,41;0;0;upmWMGCRY;4260557422090;0,41
at_CrossSellReRank_Vegavero (Marketplace Seller)_VEGAVERO L-Tryptophan;658279974;3.5.2026;cpc;0,31;;36;0;0;0;0;0;0;14250841;4260309481108;0
at_MarketplaceBooster_Vegavero (Marketplace Seller)_VEGAVERO Light Legs Complex;658347596;3.5.2026;cpc;0,51;;36;1;2,777778;0;0,51;0;0;upmD7EWMP;4260557420454;0,51
at_CrossSellReRank_Vegavero (Marketplace Seller)_VEGAVERO Female Harmony Complex;658279992;3.5.2026;cpc;0,31;;39;0;0;0;0;0;0;upmUFEEWW;4260557420300;0
at_MarketplaceBooster_Vegavero (Marketplace Seller)_VEGAVERO Wild Yams + Zink;625763764;3.5.2026;cpc;0,51;;35;0;0;0;0;0;0;14251183;4260309481672;0
at_MarketplaceBooster_Vegavero (Marketplace Seller)_VEGAVERO Venaflux Complex;658280105;3.5.2026;cpc;1,61;;35;3;8,571429;0;4,83;0;0;upmKY422A;4260557422212;1,61
it_CrossSellReRank_Vegavero (Marketplace Seller)_VEGAVERO Magnesio Bisglicinato;649159286;3.5.2026;cpc;1,31;;39;0;0;0;0;0;0;upmX4LT4H;4260557423257;0
it_CrossSellReRank_Vegavero (Marketplace Seller)_VEGAVERO Reishi;658296413;3.5.2026;cpc;0,31;;39;1;2,941176;0;0,31;0;0;14251013;4260309481665;0,31
it_MarketplaceBooster_Vegavero (Marketplace Seller)_VEGAVERO Resveratrolo Plus;620567258;3.5.2026;cpc;0,51;;34;2;5,882353;0;1,02;0;0;upmGDDD7G;4260557420805;0,51
com_MarketplaceBooster_Vegavero (Marketplace Seller)_VEGAVERO Vegan Essentials Complex;627592060;3.5.2026;cpc;0,51;;34;2;5,882353;0;1,02;0;0;upmHHT433;4260557421390;0,51
it_CrossSellReRank_Vegavero (Marketplace Seller)_VEGAVERO Glicina in Polvere;658296353;3.5.2026;cpc;0,31;;41;0;0;0;0;0;0;upmTGWG29;4260557423479;0
it_MarketplaceBooster_Vegavero (Marketplace Seller)_VEGAVERO Probiotici e Prebiotici BIO;658296369;3.5.2026;cpc;0,51;;34;1;2,941176;0;0,51;0;0;14250976;4260557420034;0,51
SOLD_OUT_at_MarketplaceBooster_Vegavero (Marketplace Seller)_VEGAVERO Taurin Plus;626442685;3.5.2026;cpc;0,51;;35;0;0;0;0;0;0;upmXXW9XA;4260557423059;0
SOLD_OUT_at_MarketplaceBooster_Vegavero (Marketplace Seller)_VEGAVERO Pro Bio Kids BIO;620610302;3.5.2026;cpc;0,51;;33;0;0;0;0;0;0;14250953;4260557420249;0
at_CrossSellReRank_Vegavero (Marketplace Seller)_VEGAVERO D-Mannose Complex;643049572;3.5.2026;cpc;0,31;;36;0;0;0;0;0;0;14250640;4260309482747;0
com_CrossSellReRank_Vegavero (Marketplace Seller)_VEGAVERO Oregano ?l BIO;643093284;3.5.2026;cpc;0,51;;40;0;0;0;0;0;0;upmYCXAL7;4260557421932;0
at_MarketplaceBooster_Vegavero (Marketplace Seller)_VEGAVERO Roter Reis Plus;626443344;3.5.2026;cpc;0,51;;33;0;0;0;0;0;0;upmDFWTTT;4260557423110;0
com_MarketplaceBooster_Vegavero (Marketplace Seller)_VEGAVERO Sun Care Complex;620501459;3.5.2026;cpc;0,51;;33;2;6,060606;0;1,02;0;0;upm7C9XR2;4260557420836;0,51
it_MarketplaceBooster_Vegavero (Marketplace Seller)_VEGAVERO Vitamina D3 + K2;641650857;3.5.2026;cpc;0,51;;33;0;0;0;0;0;0;upmKAXT9Y;4260557422915;0
it_CrossSellReRank_Vegavero (Marketplace Seller)_VEGAVERO Myo-Inositol Complex;658353200;3.5.2026;cpc;0,61;;35;1;3,030303;0;0,61;0;0;upm7PGM77;4260557421765;0,61
com_MarketplaceBooster_Vegavero (Marketplace Seller)_VEGAVERO Colon Care Complex;627014864;3.5.2026;cpc;0,51;;33;0;0;0;0;0;0;14250605;4260557420201;0
at_CrossSellReRank_Vegavero (Marketplace Seller)_VEGAVERO Rhodiola rosea Extrakt;658279979;3.5.2026;cpc;0,31;;34;0;0;0;0;0;0;14251036;4260557420102;0
it_CrossSellReRank_Vegavero (Marketplace Seller)_VEGAVERO Rhodiola Rosea;658445094;3.5.2026;cpc;0,31;;39;0;0;0;0;0;0;14251036;4260557420102;0
com_MarketplaceBooster_Vegavero (Marketplace Seller)_VEGAVERO Vitamin B12 Spray Cherry;629516457;3.5.2026;cpc;0,51;;32;1;3,125;0;0,51;0;0;14251102;4260557420027;0,51
it_CrossSellReRank_Vegavero (Marketplace Seller)_VEGAVERO Magnesio + Potassio;649076465;3.5.2026;cpc;0,31;;34;0;0;0;0;0;0;upm32MART;4260557420287;0
com_CrossSellReRank_Vegavero (Marketplace Seller)_VEGAVERO Sun Care Complex;643089603;3.5.2026;cpc;0,31;;34;0;0;0;0;0;0;upm7C9XR2;4260557420836;0
at_CrossSellReRank_Vegavero (Marketplace Seller)_VEGAVERO MSM Pulver;658279946;3.5.2026;cpc;0,91;;34;1;3,225806;0;0,91;0;0;upmWCKTTE;4260309481214;0,91
com_MarketplaceBooster_Vegavero (Marketplace Seller)_VEGAVERO Keto Power;658283042;3.5.2026;cpc;0,51;;31;0;0;0;0;0;0;upmP77L3M;4260557423288;0
it_MarketplaceBooster_Vegavero (Marketplace Seller)_VEGAVERO Glucomammano BIO;641643679;3.5.2026;cpc;0,51;;31;1;3,225806;0;0,51;0;0;upmLXEUT7;4260557423240;0,51
com_CrossSellReRank_Vegavero (Marketplace Seller)_VEGAVERO Teufelskralle Plus;643090107;3.5.2026;cpc;0,31;;34;1;3,225806;0;0,31;0;0;upmD3U322;4260557421192;0,31
it_MarketplaceBooster_Vegavero (Marketplace Seller)_VEGAVERO Artiglio del Diavolo Plus;620572756;3.5.2026;cpc;0,51;;30;1;3,333333;0;0,51;0;0;upmD3U322;4260557421192;0,51
it_CrossSellReRank_Vegavero (Marketplace Seller)_VEGAVERO Spirulina BIO +  Clorella BIO;658331804;3.5.2026;cpc;0,31;;33;0;0;0;0;0;0;14250597;4260309484185;0
SOLD_OUT_com_CrossSellReRank_Vegavero (Marketplace Seller)_VEGAVERO L-Tyrosin Plus;643130826;3.5.2026;cpc;1,01;;38;0;0;0;0;0;0;upm2FC2LC;4260557422885;0
at_MarketplaceBooster_Vegavero (Marketplace Seller)_VEGAVERO Liver Active Complex;625768092;3.5.2026;cpc;0,51;;30;1;3,333333;0;0,51;0;0;14250812;4260557420188;0,51
it_CrossSellReRank_Vegavero (Marketplace Seller)_VEGAVERO Liver Active Complex;658445100;3.5.2026;cpc;0,31;;31;0;0;0;0;0;0;14250812;4260557420188;0
com_CrossSellReRank_Vegavero (Marketplace Seller)_VEGAVERO Lecithin BIO;643093526;3.5.2026;cpc;0,61;;43;0;0;0;0;0;0;upm2HFKPC;4260557422021;0
at_MarketplaceBooster_Vegavero (Marketplace Seller)_VEGAVERO Knoblauch Plus;626438714;3.5.2026;cpc;0,51;;29;1;3,448276;0;0,51;0;0;upm2WRLPU;4260557422632;0,51
at_MarketplaceBooster_Vegavero (Marketplace Seller)_VEGAVERO Teufelskralle Plus;620605271;3.5.2026;cpc;0,51;;29;0;0;0;0;0;0;upmD3U322;4260557421192;0
com_MarketplaceBooster_Vegavero (Marketplace Seller)_VEGAVERO Magnesium + Kalium;617842638;3.5.2026;cpc;1,01;;29;1;3,448276;0;1,01;0;0;upm32MART;4260557420287;1,01
at_MarketplaceBooster_Vegavero (Marketplace Seller)_VEGAVERO Magnesium Bisglycinat;620592111;3.5.2026;cpc;1,71;;29;3;10,344828;0;5,13;0;0;upmX4LT4H;4260557423257;1,71
SOLD_OUT_at_MarketplaceBooster_Vegavero (Marketplace Seller)_VEGAVERO L-Tyrosin Plus;626440758;3.5.2026;cpc;0,81;;29;0;0;0;0;0;0;upm2FC2LC;4260557422885;0
com_MarketplaceBooster_Vegavero (Marketplace Seller)_VEGAVERO MSM Pulver;620565741;3.5.2026;cpc;1,21;;28;0;0;0;0;0;0;upmWCKTTE;4260309481214;0
at_CrossSellReRank_Vegavero (Marketplace Seller)_VEGAVERO Roter Reis Plus;658282817;3.5.2026;cpc;0,31;;30;0;0;0;0;0;0;upmDFWTTT;4260557423110;0
com_MarketplaceBooster_Vegavero (Marketplace Seller)_VEGAVERO Vitamin D3 und K2 ?l;652853552;3.5.2026;cpc;1,31;;28;0;0;0;0;0;0;upm7FHKKZ;4260557421437;0
com_MarketplaceBooster_Vegavero (Marketplace Seller)_VEGAVERO K?rbiskern?l BIO;619721382;3.5.2026;cpc;0,51;;28;2;7,142857;0;1,02;0;0;upmY7MX4C;4260557422014;0,51
com_CrossSellReRank_Vegavero (Marketplace Seller)_VEGAVERO Party Hero;653854384;3.5.2026;cpc;0,31;;31;0;0;0;0;0;0;upmFACEA7;4260557423356;0
it_CrossSellReRank_Vegavero (Marketplace Seller)_VEGAVERO MSM;658352467;3.5.2026;cpc;0,61;;29;0;0;0;0;0;0;upmTLUPGT;4260309483881;0
it_CrossSellReRank_Vegavero (Marketplace Seller)_VEGAVERO Glicina in Polvere;658334363;3.5.2026;cpc;0,31;;32;0;0;0;0;0;0;upmR9H4DE;4260557422595;0
at_MarketplaceBooster_Vegavero (Marketplace Seller)_VEGAVERO D-Mannose Pulver;620609056;3.5.2026;cpc;0,51;;28;0;0;0;0;0;0;14250686;4260309481603;0
it_CrossSellReRank_Vegavero (Marketplace Seller)_VEGAVERO Aglio Plus;649116897;3.5.2026;cpc;0,31;;29;0;0;0;0;0;0;upm2WRLPU;4260557422632;0
at_MarketplaceBooster_Vegavero (Marketplace Seller)_VEGAVERO Natural Jod BIO;625769489;3.5.2026;cpc;0,51;;28;0;0;0;0;0;0;14250769;4260557420256;0
it_CrossSellReRank_Vegavero (Marketplace Seller)_VEGAVERO Elettroliti Complex;649122256;3.5.2026;cpc;0,31;;30;1;3,571429;0;0,31;0;0;upmD23XCL;4260557422823;0,31
com_MarketplaceBooster_Vegavero (Marketplace Seller)_VEGAVERO Liver Active Complex;619661159;3.5.2026;cpc;0,51;;27;0;0;0;0;0;0;14250812;4260557420188;0
com_CrossSellReRank_Vegavero (Marketplace Seller)_VEGAVERO Beifu? Extrakt;643093976;3.5.2026;cpc;0,31;;29;0;0;0;0;0;0;upmWMGCRY;4260557422090;0
at_MarketplaceBooster_Vegavero (Marketplace Seller)_VEGAVERO Griffonia Plus;658280152;3.5.2026;cpc;0,51;;27;1;3,703704;0;0,51;0;0;upmHCULGA;4260557422755;0,51
it_CrossSellReRank_Vegavero (Marketplace Seller)_VEGAVERO Glucosamin Complex;649076940;3.5.2026;cpc;0,31;;28;0;0;0;0;0;0;upmTYL3Y7;4260557420737;0
it_CrossSellReRank_Vegavero (Marketplace Seller)_VEGAVERO Vitamina D3 + K2;649145192;3.5.2026;cpc;1,11;;32;0;0;0;0;0;0;upmKAXT9Y;4260557422915;0
at_MarketplaceBooster_Vegavero (Marketplace Seller)_VEGAVERO MSM Pulver;620609038;3.5.2026;cpc;1,31;;27;0;0;0;0;0;0;upmWCKTTE;4260309481214;0
at_MarketplaceBooster_Vegavero (Marketplace Seller)_VEGAVERO Glycin Pulver;658280142;3.5.2026;cpc;0,51;;27;1;3,703704;0;0,51;0;0;upmR9H4DE;4260557422595;0,51
com_MarketplaceBooster_Vegavero (Marketplace Seller)_VEGAVERO Astragalus BIO;625748178;3.5.2026;cpc;1,01;;26;0;0;0;0;0;0;upmCGKMCH;4260557421222;0
com_CrossSellReRank_Vegavero (Marketplace Seller)_VEGAVERO K?rbiskern?l BIO;643093438;3.5.2026;cpc;0,31;;30;2;7,692308;0;0,62;0;0;upmY7MX4C;4260557422014;0,31
it_MarketplaceBooster_Vegavero (Marketplace Seller)_VEGAVERO Light Legs Complex;658381501;3.5.2026;cpc;0,51;;26;2;7,692308;0;1,02;0;0;upmD7EWMP;4260557420454;0,51
SOLD_OUT_at_CrossSellReRank_Vegavero (Marketplace Seller)_VEGAVERO Vitamin B12 Tropfen;658280176;3.5.2026;cpc;0,31;;41;0;0;0;0;0;0;upmYRCT9P;4260557422908;0
SOLD_OUT_com_MarketplaceBooster_Vegavero (Marketplace Seller)_VEGAVERO Pro Bio Kids BIO;618496726;3.5.2026;cpc;0,51;;26;0;0;0;0;0;0;14250953;4260557420249;0
it_MarketplaceBooster_Vegavero (Marketplace Seller)_VEGAVERO Maca Nera Plus;641623120;3.5.2026;cpc;1,01;;25;2;8;0;2,02;0;0;upmG4PKUG;4260557423042;1,01
it_CrossSellReRank_Vegavero (Marketplace Seller)_VEGAVERO Quercetina Complex;658381384;3.5.2026;cpc;0,31;;31;0;0;0;0;0;0;upmF2AFXC;4260557423509;0
it_MarketplaceBooster_Vegavero (Marketplace Seller)_VEGAVERO Spirulina BIO +  Clorella BIO;658331796;3.5.2026;cpc;0,51;;25;0;0;0;0;0;0;14250597;4260309484185;0
at_CrossSellReRank_Vegavero (Marketplace Seller)_VEGAVERO Oregano ?l BIO;658280077;3.5.2026;cpc;0,31;;31;0;0;0;0;0;0;upmYCXAL7;4260557421932;0
at_MarketplaceBooster_Vegavero (Marketplace Seller)_VEGAVERO Vitamin B12 Spray Cherry;620611413;3.5.2026;cpc;0,51;;25;1;4;0;0,51;0;0;14251102;4260557420027;0,51
it_MarketplaceBooster_Vegavero (Marketplace Seller)_VEGAVERO Myo-Inositol Complex;658353199;3.5.2026;cpc;1,51;;24;1;4,166667;0;1,51;0;0;upm7PGM77;4260557421765;1,51
SOLD_OUT_it_MarketplaceBooster_Vegavero (Marketplace Seller)_VEGAVERO Tribulus Terrestris;658296415;3.5.2026;cpc;0,51;;24;1;4,166667;0;0,51;0;0;14251088;4260309481313;0,51
at_MarketplaceBooster_Vegavero (Marketplace Seller)_VEGAVERO Chlorella BIO + Spirulina BIO;620611807;3.5.2026;cpc;0,51;;24;1;4,166667;0;0,51;0;0;14250597;4260309484185;0,51
at_MarketplaceBooster_Vegavero (Marketplace Seller)_VEGAVERO Magnesium + Kalium;620594279;3.5.2026;cpc;0,51;;24;2;8,333333;0;1,02;0;0;upm32MART;4260557420287;0,51
com_MarketplaceBooster_Vegavero (Marketplace Seller)_VEGAVERO Eisen Bisglycinat;620565118;3.5.2026;cpc;0,51;;24;2;8,333333;0;1,02;0;0;14250692;4260309483065;0,51
com_CrossSellReRank_Vegavero (Marketplace Seller)_VEGAVERO Female Balance Complex;643085982;3.5.2026;cpc;0,71;;26;0;0;0;0;0;0;upmUX2FW3;4260557420638;0
com_MarketplaceBooster_Vegavero (Marketplace Seller)_VEGAVERO Astaxanthin ?l;619716956;3.5.2026;cpc;0,51;;26;1;4,166667;0;0,51;0;0;upmYPTY2W;4260557421925;0,51
SOLD_OUT_com_MarketplaceBooster_Vegavero (Marketplace Seller)_VEGAVERO Vitamin B12 Tropfen;619721768;3.5.2026;cpc;0,51;;24;0;0;0;0;0;0;upmYRCT9P;4260557422908;0
it_MarketplaceBooster_Vegavero (Marketplace Seller)_VEGAVERO Moringa BIO;658388273;3.5.2026;cpc;0,71;;23;2;8,695652;0;1,42;0;0;14250893;4260309481115;0,71
at_MarketplaceBooster_Vegavero (Marketplace Seller)_VEGAVERO Sun Care Complex;658280011;3.5.2026;cpc;0,51;;23;2;8,695652;0;1,02;0;0;upm7C9XR2;4260557420836;0,51
at_MarketplaceBooster_Vegavero (Marketplace Seller)_VEGAVERO Rhodiola rosea Extrakt;620605153;3.5.2026;cpc;0,51;;24;1;4,347826;0;0,51;0;0;14251036;4260557420102;0,51
at_MarketplaceBooster_Vegavero (Marketplace Seller)_VEGAVERO K?rbiskern?l BIO;620605158;3.5.2026;cpc;0,51;;23;1;4,347826;0;0,51;0;0;upmY7MX4C;4260557422014;0,51
com_CrossSellReRank_Vegavero (Marketplace Seller)_VEGAVERO Vitamin B12 Spray Cherry;643079936;3.5.2026;cpc;0,31;;23;2;8,695652;0;0,62;0;0;14251102;4260557420027;0,31
com_MarketplaceBooster_Vegavero (Marketplace Seller)_VEGAVERO OPC Trio;620554337;3.5.2026;cpc;0,51;;23;0;0;0;0;0;0;upmWFGGMG;4260557423097;0
com_CrossSellReRank_Vegavero (Marketplace Seller)_VEGAVERO Nachtkerzen ?l;658291480;3.5.2026;cpc;0,61;;33;0;0;0;0;0;0;upm7DM474;4260557423448;0
at_CrossSellReRank_Vegavero (Marketplace Seller)_VEGAVERO Drenaflux Complex;658295889;3.5.2026;cpc;0,31;;24;0;0;0;0;0;0;upm2XGYDU;4260557422489;0
at_CrossSellReRank_Vegavero (Marketplace Seller)_VEGAVERO Papaya BIO;658295838;3.5.2026;cpc;0,31;;24;0;0;0;0;0;0;upm9HWLUD;4260557421055;0
it_CrossSellReRank_Vegavero (Marketplace Seller)_VEGAVERO Biancospino BIO;649076903;3.5.2026;cpc;0,31;;24;0;0;0;0;0;0;upmXW7KXD;4260557420720;0
it_CrossSellReRank_Vegavero (Marketplace Seller)_VEGAVERO Moringa BIO;658388299;3.5.2026;cpc;0,31;;31;0;0;0;0;0;0;14250893;4260309481115;0
it_MarketplaceBooster_Vegavero (Marketplace Seller)_VEGAVERO Aglio Plus;641627386;3.5.2026;cpc;0,51;;22;0;0;0;0;0;0;upm2WRLPU;4260557422632;0
at_CrossSellReRank_Vegavero (Marketplace Seller)_VEGAVERO Ashwagandha BIO;658280005;3.5.2026;cpc;0,31;;23;0;0;0;0;0;0;upmUPLLZH;4260557420676;0
com_CrossSellReRank_Vegavero (Marketplace Seller)_VEGAVERO Bromelain 2500 GDU/g;658347577;3.5.2026;cpc;0,31;;22;0;0;0;0;0;0;upm43HM34;4260557421130;0
com_MarketplaceBooster_Vegavero (Marketplace Seller)_VEGAVERO D-Mannose Pulver;619660673;3.5.2026;cpc;1,51;;21;0;0;0;0;0;0;14250686;4260309481603;0
at_CrossSellReRank_Vegavero (Marketplace Seller)_VEGAVERO BIO Astaxanthin ?l;658282827;3.5.2026;cpc;0,91;;24;0;0;0;0;0;0;upm7GZX42;4260557423165;0
com_MarketplaceBooster_Vegavero (Marketplace Seller)_VEGAVERO Venaflux Complex;629497502;3.5.2026;cpc;1,61;;21;2;9,52381;0;3,22;0;0;upmKY422A;4260557422212;1,61
com_MarketplaceBooster_Vegavero (Marketplace Seller)_VEGAVERO Knoblauch Plus;620530228;3.5.2026;cpc;0,51;;21;0;0;0;0;0;0;upm2WRLPU;4260557422632;0
SOLD_OUT_com_MarketplaceBooster_Vegavero (Marketplace Seller)_VEGAVERO L-Tyrosin Plus;620537391;3.5.2026;cpc;1,61;;21;2;9,52381;0;3,22;0;0;upm2FC2LC;4260557422885;1,61
at_MarketplaceBooster_Vegavero (Marketplace Seller)_VEGAVERO Salbei BIO;658280029;3.5.2026;cpc;0,51;1;21;1;4,761905;100;0,51;20,9;4098,039216;upmMMLDZE;4260557420966;0,51
SOLD_OUT_at_MarketplaceBooster_Vegavero (Marketplace Seller)_VEGAVERO Guggul;658280040;3.5.2026;cpc;0,51;;21;0;0;0;0;0;0;upmT99EZK;4260557421123;0
com_MarketplaceBooster_Vegavero (Marketplace Seller)_VEGAVERO Prostaid Complex;658727268;3.5.2026;cpc;1,51;;20;1;5;0;1,51;0;0;upmCEE43U;4260557420515;1,51
at_MarketplaceBooster_Vegavero (Marketplace Seller)_VEGAVERO Pro Bio Kulturenkomplex;620609408;3.5.2026;cpc;0,51;;20;0;0;0;0;0;0;14250976;4260557420034;0
at_CrossSellReRank_Vegavero (Marketplace Seller)_VEGAVERO Glycin Pulver;658280144;3.5.2026;cpc;0,31;;22;0;0;0;0;0;0;upmR9H4DE;4260557422595;0
at_CrossSellReRank_Vegavero (Marketplace Seller)_VEGAVERO Natural Jod BIO;658279988;3.5.2026;cpc;0,31;;21;0;0;0;0;0;0;14250769;4260557420256;0
it_CrossSellReRank_Vegavero (Marketplace Seller)_VEGAVERO Vitamina B3 Nicotinamide;649112226;3.5.2026;cpc;0,31;;20;0;0;0;0;0;0;upmKKE3R2;4260557422526;0
it_MarketplaceBooster_Vegavero (Marketplace Seller)_VEGAVERO Curcuma BIO;641629765;3.5.2026;cpc;0,51;;20;0;0;0;0;0;0;upm27X4XW;4260557422878;0
it_CrossSellReRank_Vegavero (Marketplace Seller)_VEGAVERO Ippocastano BIO Plus;649084572;3.5.2026;cpc;0,31;;23;0;0;0;0;0;0;upmUR4ZK4;4260557421239;0
at_MarketplaceBooster_Vegavero (Marketplace Seller)_VEGAVERO Female Harmony Complex;658279991;3.5.2026;cpc;0,51;;20;2;10;0;1,02;0;0;upmUFEEWW;4260557420300;0,51
com_MarketplaceBooster_Vegavero (Marketplace Seller)_VEGAVERO MSM Pulver DOSE;619660893;3.5.2026;cpc;1,01;;19;0;0;0;0;0;0;upmTLUPGT;4260309483881;0
com_MarketplaceBooster_Vegavero (Marketplace Seller)_VEGAVERO Echinacea Plus;620564961;3.5.2026;cpc;0,51;;19;0;0;0;0;0;0;upmPHKX9F;4260557423141;0
SOLD_OUT_at_MarketplaceBooster_Vegavero (Marketplace Seller)_VEGAVERO MSM 670mg;620609039;3.5.2026;cpc;0,51;;19;0;0;0;0;0;0;14250924;4260309484130;0
com_CrossSellReRank_Vegavero (Marketplace Seller)_VEGAVERO Eisen Bisglycinat;643077960;3.5.2026;cpc;0,31;;22;0;0;0;0;0;0;14250692;4260309483065;0
SOLD_OUT_it_MarketplaceBooster_Vegavero (Marketplace Seller)_VEGAVERO Guggul;641655761;3.5.2026;cpc;0,51;;19;1;5,263158;0;0,51;0;0;upmT99EZK;4260557421123;0,51
at_MarketplaceBooster_Vegavero (Marketplace Seller)_VEGAVERO Lecithin BIO;620605162;3.5.2026;cpc;0,81;;19;0;0;0;0;0;0;upm2HFKPC;4260557422021;0
it_CrossSellReRank_Vegavero (Marketplace Seller)_VEGAVERO Vitamina C Naturale BIO;649076562;3.5.2026;cpc;1,31;;27;1;5,263158;0;1,31;0;0;upmFY9KW9;4260557420331;1,31
it_CrossSellReRank_Vegavero (Marketplace Seller)_VEGAVERO Colon Care Complex;658353192;3.5.2026;cpc;0,31;;20;1;5,263158;0;0,31;0;0;14250605;4260557420201;0,31
it_MarketplaceBooster_Vegavero (Marketplace Seller)_VEGAVERO Betacarotene;653864224;3.5.2026;cpc;0,51;;19;2;10,526316;0;1,02;0;0;14250551;4260309484208;0,51
com_MarketplaceBooster_Vegavero (Marketplace Seller)_VEGAVERO Leinsamen?l BIO;629497213;3.5.2026;cpc;0,51;1;19;1;5,263158;100;0,51;22,9;4490,196078;upmKU4FAU;4260557422038;0,51
it_CrossSellReRank_Vegavero (Marketplace Seller)_VEGAVERO Origano BIO;649094039;3.5.2026;cpc;0,31;;22;0;0;0;0;0;0;upmYCXAL7;4260557421932;0
at_MarketplaceBooster_Vegavero (Marketplace Seller)_VEGAVERO Rosskastanie Plus BIO;658295840;3.5.2026;cpc;1,21;;18;1;5,555556;0;1,21;0;0;upmUR4ZK4;4260557421239;1,21
SOLD_OUT_it_CrossSellReRank_Vegavero (Marketplace Seller)_VEGAVERO Guggul;649077297;3.5.2026;cpc;0,31;;18;0;0;0;0;0;0;upmT99EZK;4260557421123;0
it_CrossSellReRank_Vegavero (Marketplace Seller)_VEGAVERO Griffonia;658296092;3.5.2026;cpc;0,31;;22;0;0;0;0;0;0;upmG7RZLC;4260557423318;0
at_MarketplaceBooster_Vegavero (Marketplace Seller)_VEGAVERO OPC Trio;626443283;3.5.2026;cpc;0,51;;18;0;0;0;0;0;0;upmWFGGMG;4260557423097;0
at_MarketplaceBooster_Vegavero (Marketplace Seller)_VEGAVERO Youth Biotics;658445045;3.5.2026;cpc;1,01;;18;0;0;0;0;0;0;upmW7Y7DL;4260557423462;0
it_CrossSellReRank_Vegavero (Marketplace Seller)_VEGAVERO Cannella Ceylon BIO;649115454;3.5.2026;cpc;0,31;;19;1;5,555556;0;0,31;0;0;upmW9KKTG;4260557422618;0,31
com_CrossSellReRank_Vegavero (Marketplace Seller)_VEGAVERO Cholin Trio;643092529;3.5.2026;cpc;0,31;;26;1;5,555556;0;0,31;0;0;upm97PFY9;4260557421826;0,31
at_MarketplaceBooster_Vegavero (Marketplace Seller)_VEGAVERO Sugar Balance Complex;658280124;3.5.2026;cpc;0,51;;18;0;0;0;0;0;0;upmAD4HK4;4260557422403;0
SOLD_OUT_at_CrossSellReRank_Vegavero (Marketplace Seller)_VEGAVERO Pro Bio Kids BIO;658279986;3.5.2026;cpc;0,31;;18;1;5,555556;0;0,31;0;0;14250953;4260557420249;0,31
it_MarketplaceBooster_Vegavero (Marketplace Seller)_VEGAVERO L-Triptofano;658352472;3.5.2026;cpc;0,51;;18;0;0;0;0;0;0;14250841;4260309481108;0
SOLD_OUT_at_CrossSellReRank_Vegavero (Marketplace Seller)_VEGAVERO MSM 670mg;643055483;3.5.2026;cpc;0,61;;18;0;0;0;0;0;0;14250924;4260309484130;0
it_MarketplaceBooster_Vegavero (Marketplace Seller)_VEGAVERO Vegan Essentials Complex;641622696;3.5.2026;cpc;0,51;;18;1;5,555556;0;0,51;0;0;upmHHT433;4260557421390;0,51
it_MarketplaceBooster_Vegavero (Marketplace Seller)_VEGAVERO Astaxantina BIO;620574573;3.5.2026;cpc;0,71;;17;1;5,882353;0;0,71;0;0;upm7GZX42;4260557423165;0,71
com_MarketplaceBooster_Vegavero (Marketplace Seller)_VEGAVERO Teufelskralle Plus;619697372;3.5.2026;cpc;0,51;1;17;2;11,764706;50;1,02;19,9;1950,980392;upmD3U322;4260557421192;0,51
it_CrossSellReRank_Vegavero (Marketplace Seller)_VEGAVERO Olio di Semi di Chia;649117677;3.5.2026;cpc;0,31;;19;0;0;0;0;0;0;upmK7YWLD;4260557422649;0
at_CrossSellReRank_Vegavero (Marketplace Seller)_VEGAVERO Venaflux Complex;658280106;3.5.2026;cpc;1,41;;20;0;0;0;0;0;0;upmKY422A;4260557422212;0
at_CrossSellReRank_Vegavero (Marketplace Seller)_VEGAVERO Glucosamin Complex;658280006;3.5.2026;cpc;0,31;;22;0;0;0;0;0;0;upmTYL3Y7;4260557420737;0
at_CrossSellReRank_Vegavero (Marketplace Seller)_VEGAVERO Nachtkerzen und Borretsch?l BIO;658295856;3.5.2026;cpc;0,31;;18;0;0;0;0;0;0;upm7KTFPH;4260557421420;0
at_MarketplaceBooster_Vegavero (Marketplace Seller)_VEGAVERO Vitamin B12 Spray Junior;625789014;3.5.2026;cpc;0,51;;17;0;0;0;0;0;0;upm3RXHUC;4260557422229;0
com_MarketplaceBooster_Vegavero (Marketplace Seller)_VEGAVERO Hagebutte BIO;619682810;3.5.2026;cpc;0,51;;18;0;0;0;0;0;0;upmWRWWCG;4260557421048;0
SOLD_OUT_it_MarketplaceBooster_Vegavero (Marketplace Seller)_VEGAVERO Betacarotene Plus;641622772;3.5.2026;cpc;0,51;;17;2;11,764706;0;1,02;0;0;upmGPMUEM;4260557422427;0,51
com_MarketplaceBooster_Vegavero (Marketplace Seller)_VEGAVERO Nachtkerzen und Borretsch?l BIO;619715142;3.5.2026;cpc;0,51;;17;0;0;0;0;0;0;upm7KTFPH;4260557421420;0
it_CrossSellReRank_Vegavero (Marketplace Seller)_VEGAVERO EAA - Aminoacidi Essenziali;649077110;3.5.2026;cpc;1,11;;22;0;0;0;0;0;0;upmGMXXY9;4260557420744;0
it_CrossSellReRank_Vegavero (Marketplace Seller)_VEGAVERO Ginseng Rosso Coreano;649076431;3.5.2026;cpc;0,31;;24;0;0;0;0;0;0;upm2CZXC9;4260557420140;0
at_CrossSellReRank_Vegavero (Marketplace Seller)_VEGAVERO Zimt Extrakt BIO;658280146;3.5.2026;cpc;0,31;;18;0;0;0;0;0;0;upmW9KKTG;4260557422618;0
at_CrossSellReRank_Vegavero (Marketplace Seller)_VEGAVERO Vitamin B12 Spray Junior;658280108;3.5.2026;cpc;0,31;;19;0;0;0;0;0;0;upm3RXHUC;4260557422229;0
at_CrossSellReRank_Vegavero (Marketplace Seller)_VEGAVERO Magnesium + Kalium;658279990;3.5.2026;cpc;0,31;;20;0;0;0;0;0;0;upm32MART;4260557420287;0
it_CrossSellReRank_Vegavero (Marketplace Seller)_VEGAVERO Riso Rosso Plus;649150541;3.5.2026;cpc;0,31;;19;0;0;0;0;0;0;upmDFWTTT;4260557423110;0
com_CrossSellReRank_Vegavero (Marketplace Seller)_VEGAVERO MSM Pulver;643233362;3.5.2026;cpc;0,61;;20;0;0;0;0;0;0;upmWCKTTE;4260309481214;0
SOLD_OUT_it_CrossSellReRank_Vegavero (Marketplace Seller)_VEGAVERO Tribulus Terrestris;658296416;3.5.2026;cpc;0,31;;20;0;0;0;0;0;0;14251088;4260309481313;0
SOLD_OUT_at_CrossSellReRank_Vegavero (Marketplace Seller)_VEGAVERO Vegan Collagen+Hyaluronic Acid;658347624;3.5.2026;cpc;1,21;;19;0;0;0;0;0;0;upmK3CG99;4260557422656;0
com_MarketplaceBooster_Vegavero (Marketplace Seller)_VEGAVERO Bockshornklee BIO;620539867;3.5.2026;cpc;0,51;;17;0;0;0;0;0;0;upm7AL3PG;4260557422977;0
at_MarketplaceBooster_Vegavero (Marketplace Seller)_VEGAVERO Zimt-Ceylon Extrakt;625767691;3.5.2026;cpc;0,51;;18;1;6,25;0;0,51;0;0;14251208;4260557420164;0,51
com_CrossSellReRank_Vegavero (Marketplace Seller)_VEGAVERO Sugar Balance Complex;652861490;3.5.2026;cpc;0,31;;18;0;0;0;0;0;0;upmAD4HK4;4260557422403;0
it_CrossSellReRank_Vegavero (Marketplace Seller)_VEGAVERO Cardo Mariano Plus;649143954;3.5.2026;cpc;0,31;;22;0;0;0;0;0;0;upmR9H2HU;4260557422892;0
com_MarketplaceBooster_Vegavero (Marketplace Seller)_VEGAVERO Zimt-Ceylon Extrakt;619660976;3.5.2026;cpc;0,51;;16;1;6,25;0;0,51;0;0;14251208;4260557420164;0,51
com_CrossSellReRank_Vegavero (Marketplace Seller)_VEGAVERO L-Tryptophan;643237471;3.5.2026;cpc;0,31;;19;0;0;0;0;0;0;14250841;4260309481108;0
at_CrossSellReRank_Vegavero (Marketplace Seller)_VEGAVERO Zimt-Ceylon Extrakt;658279983;3.5.2026;cpc;0,31;;17;0;0;0;0;0;0;14251208;4260557420164;0
it_MarketplaceBooster_Vegavero (Marketplace Seller)_VEGAVERO Echinacea Plus;620565882;3.5.2026;cpc;1,01;;16;1;6,25;0;1,01;0;0;upmPHKX9F;4260557423141;1,01
at_CrossSellReRank_Vegavero (Marketplace Seller)_VEGAVERO OPC Trio;658282816;3.5.2026;cpc;0,31;;18;1;6,25;0;0,31;0;0;upmWFGGMG;4260557423097;0,31
com_MarketplaceBooster_Vegavero (Marketplace Seller)_VEGAVERO Rapunzel;658295813;3.5.2026;cpc;0,51;;16;0;0;0;0;0;0;upmDUFHFK;4260557423134;0
at_CrossSellReRank_Vegavero (Marketplace Seller)_VEGAVERO Multivitamin Spray Junior;658280046;3.5.2026;cpc;0,31;;16;0;0;0;0;0;0;upm9ZTF3H;4260557421178;0
at_CrossSellReRank_Vegavero (Marketplace Seller)_VEGAVERO Prostaid Complex;658727263;3.5.2026;cpc;1,31;;19;0;0;0;0;0;0;upmCEE43U;4260557420515;0
com_MarketplaceBooster_Vegavero (Marketplace Seller)_VEGAVERO Bromelain 2400 GDU/g;619684531;3.5.2026;cpc;0,51;;15;0;0;0;0;0;0;upm43HM34;4260557421130;0
com_MarketplaceBooster_Vegavero (Marketplace Seller)_VEGAVERO Elektrolyte Plus;617842699;3.5.2026;cpc;0,51;;16;0;0;0;0;0;0;upmD23XCL;4260557422823;0
at_CrossSellReRank_Vegavero (Marketplace Seller)_VEGAVERO Vitamin D3 und K2 ?l;658280065;3.5.2026;cpc;1,11;;17;0;0;0;0;0;0;upm7FHKKZ;4260557421437;0
at_MarketplaceBooster_Vegavero (Marketplace Seller)_VEGAVERO Vision Care Complex;658347599;3.5.2026;cpc;0,51;;16;0;0;0;0;0;0;upmWRPTR4;4260557420867;0
it_MarketplaceBooster_Vegavero (Marketplace Seller)_VEGAVERO Enzima della Papaya;658445110;3.5.2026;cpc;1,01;;15;0;0;0;0;0;0;14250930;4260309482648;0
com_CrossSellReRank_Vegavero (Marketplace Seller)_VEGAVERO Magnesium Bisglycinat;643231145;3.5.2026;cpc;1,41;;20;0;0;0;0;0;0;upmX4LT4H;4260557423257;0
it_MarketplaceBooster_Vegavero (Marketplace Seller)_VEGAVERO Cardo Mariano;620565790;3.5.2026;cpc;1,01;;15;0;0;0;0;0;0;upmGMGWYP;4260309481979;0
at_CrossSellReRank_Vegavero (Marketplace Seller)_VEGAVERO Boswellia Extrakt;658280140;3.5.2026;cpc;0,31;;17;0;0;0;0;0;0;upmEH2K74;4260557422588;0
at_MarketplaceBooster_Vegavero (Marketplace Seller)_VEGAVERO Nachtkerzen und Borretsch?l BIO;658295855;3.5.2026;cpc;0,51;;15;0;0;0;0;0;0;upm7KTFPH;4260557421420;0
at_CrossSellReRank_Vegavero (Marketplace Seller)_VEGAVERO Vision Care Complex;658347600;3.5.2026;cpc;0,31;;16;0;0;0;0;0;0;upmWRPTR4;4260557420867;0
it_CrossSellReRank_Vegavero (Marketplace Seller)_VEGAVERO Enzima della Papaya;658445112;3.5.2026;cpc;0,31;;16;1;6,666667;0;0,31;0;0;14250930;4260309482648;0,31
com_MarketplaceBooster_Vegavero (Marketplace Seller)_VEGAVERO Zimt Extrakt BIO;619661041;3.5.2026;cpc;0,51;;14;1;7,142857;0;0,51;0;0;upmW9KKTG;4260557422618;0,51
com_MarketplaceBooster_Vegavero (Marketplace Seller)_VEGAVERO Light Legs Complex;658347560;3.5.2026;cpc;1,01;;14;1;7,142857;0;1,01;0;0;upmD7EWMP;4260557420454;1,01
it_MarketplaceBooster_Vegavero (Marketplace Seller)_VEGAVERO Echinacea Purpurea;620565881;3.5.2026;cpc;0,51;;14;1;7,142857;0;0,51;0;0;upmPZPD44;4260557420133;0,51
it_MarketplaceBooster_Vegavero (Marketplace Seller)_VEGAVERO OPC Trio;641650064;3.5.2026;cpc;0,51;;14;0;0;0;0;0;0;upmWFGGMG;4260557423097;0
it_CrossSellReRank_Vegavero (Marketplace Seller)_VEGAVERO Zenzero BIO;658353197;3.5.2026;cpc;0,31;;15;0;0;0;0;0;0;upmPX4TPU;4260557420386;0
com_MarketplaceBooster_Vegavero (Marketplace Seller)_VEGAVERO Roter Reis Plus;620557805;3.5.2026;cpc;0,51;;14;0;0;0;0;0;0;upmDFWTTT;4260557423110;0
at_MarketplaceBooster_Vegavero (Marketplace Seller)_VEGAVERO Boswellia Extrakt;626438065;3.5.2026;cpc;0,51;;14;1;7,142857;0;0,51;0;0;upmEH2K74;4260557422588;0,51
at_CrossSellReRank_Vegavero (Marketplace Seller)_VEGAVERO Salbei BIO;658280032;3.5.2026;cpc;0,31;;17;0;0;0;0;0;0;upmMMLDZE;4260557420966;0
at_CrossSellReRank_Vegavero (Marketplace Seller)_VEGAVERO Rosskastanie Plus BIO;658295841;3.5.2026;cpc;0,51;;16;0;0;0;0;0;0;upmUR4ZK4;4260557421239;0
com_MarketplaceBooster_Vegavero (Marketplace Seller)_VEGAVERO Moringa BIO;628844146;3.5.2026;cpc;1,31;;14;1;7,142857;0;1,31;0;0;14250893;4260309481115;1,31
at_CrossSellReRank_Vegavero (Marketplace Seller)_VEGAVERO Cholin Trio;658280068;3.5.2026;cpc;0,31;;16;1;7,142857;0;0,31;0;0;upm97PFY9;4260557421826;0,31
at_CrossSellReRank_Vegavero (Marketplace Seller)_VEGAVERO Papaya Enzym;658280137;3.5.2026;cpc;0,31;;16;0;0;0;0;0;0;14250930;4260309482648;0
at_MarketplaceBooster_Vegavero (Marketplace Seller)_VEGAVERO BIO Astaxanthin ?l;620605149;3.5.2026;cpc;1,01;;13;0;0;0;0;0;0;upm7GZX42;4260557423165;0
it_MarketplaceBooster_Vegavero (Marketplace Seller)_VEGAVERO Ippocastano BIO Plus;620572890;3.5.2026;cpc;0,51;;13;2;15,384615;0;1,02;0;0;upmUR4ZK4;4260557421239;0,51
com_MarketplaceBooster_Vegavero (Marketplace Seller)_VEGAVERO Vision Care Complex;619678178;3.5.2026;cpc;0,51;;13;0;0;0;0;0;0;upmWRPTR4;4260557420867;0
SOLD_OUT_at_CrossSellReRank_Vegavero (Marketplace Seller)_VEGAVERO Taurin Plus;658282814;3.5.2026;cpc;0,31;;15;0;0;0;0;0;0;upmXXW9XA;4260557423059;0
it_MarketplaceBooster_Vegavero (Marketplace Seller)_VEGAVERO Mushroom Mix Complex;641622719;3.5.2026;cpc;0,51;;13;1;7,692308;0;0,51;0;0;upm4XDXPR;4260557422045;0,51
it_MarketplaceBooster_Vegavero (Marketplace Seller)_VEGAVERO Origano BIO;641622706;3.5.2026;cpc;0,51;;13;1;7,692308;0;0,51;0;0;upmYCXAL7;4260557421932;0,51
it_MarketplaceBooster_Vegavero (Marketplace Seller)_VEGAVERO Vitamina C Naturale BIO;620566115;3.5.2026;cpc;1,51;;13;0;0;0;0;0;0;upmFY9KW9;4260557420331;0
it_MarketplaceBooster_Vegavero (Marketplace Seller)_VEGAVERO L-Glutammina in Polvere;649157245;3.5.2026;cpc;0,51;;13;1;7,692308;0;0,51;0;0;upmUPTFMH;4260557423233;0,51
at_CrossSellReRank_Vegavero (Marketplace Seller)_VEGAVERO Omega-3 ?l;658280058;3.5.2026;cpc;1,31;;19;2;15,384615;0;2,62;0;0;upm9KDWAZ;4260557421383;1,31
com_MarketplaceBooster_Vegavero (Marketplace Seller)_VEGAVERO Cholin Trio;618496729;3.5.2026;cpc;1,01;1;13;1;7,692308;100;1,01;21,9;2168,316832;upm97PFY9;4260557421826;1,01
it_MarketplaceBooster_Vegavero (Marketplace Seller)_VEGAVERO Fieno Greco BIO;641649770;3.5.2026;cpc;0,51;;13;1;7,692308;0;0,51;0;0;upm7AL3PG;4260557422977;0,51
it_CrossSellReRank_Vegavero (Marketplace Seller)_VEGAVERO Cordyceps Sinensis BIO;649146937;3.5.2026;cpc;0,31;;13;0;0;0;0;0;0;upmTG77MW;4260557422991;0
at_MarketplaceBooster_Vegavero (Marketplace Seller)_VEGAVERO Shiitake Extrakt;658280086;3.5.2026;cpc;0,51;;12;0;0;0;0;0;0;upmZ7P4AX;4260557421970;0
at_MarketplaceBooster_Vegavero (Marketplace Seller)_VEGAVERO Mariendistel Plus;658280173;3.5.2026;cpc;0,51;;12;0;0;0;0;0;0;upmR9H2HU;4260557422892;0
com_CrossSellReRank_Vegavero (Marketplace Seller)_VEGAVERO Hagebutte BIO;643089764;3.5.2026;cpc;0,31;;15;1;8,333333;0;0,31;0;0;upmWRWWCG;4260557421048;0,31
com_CrossSellReRank_Vegavero (Marketplace Seller)_VEGAVERO Cholin Bitartrat;658347159;3.5.2026;cpc;0,31;;13;0;0;0;0;0;0;upmU9FP9M;4260557423325;0
it_MarketplaceBooster_Vegavero (Marketplace Seller)_VEGAVERO Liver Active Complex;658445099;3.5.2026;cpc;1,01;;12;1;8,333333;0;1,01;0;0;14250812;4260557420188;1,01
it_CrossSellReRank_Vegavero (Marketplace Seller)_VEGAVERO Olio di semi di Zucca BIO;649099614;3.5.2026;cpc;0,31;;16;0;0;0;0;0;0;upmY7MX4C;4260557422014;0
at_CrossSellReRank_Vegavero (Marketplace Seller)_VEGAVERO Wild Yams + Zink;658279949;3.5.2026;cpc;0,31;;15;0;0;0;0;0;0;14251183;4260309481672;0
it_MarketplaceBooster_Vegavero (Marketplace Seller)_VEGAVERO Ashwagandha BIO;620566536;3.5.2026;cpc;0,51;;12;2;16,666667;0;1,02;0;0;upmUPLLZH;4260557420676;0,51
com_MarketplaceBooster_Vegavero (Marketplace Seller)_VEGAVERO Lecithin BIO;652876638;3.5.2026;cpc;1,41;1;12;2;16,666667;50;2,82;25,9;918,439716;upm2HFKPC;4260557422021;1,41
SOLD_OUT_at_MarketplaceBooster_Vegavero (Marketplace Seller)_VEGAVERO Vitamin B12 Tropfen;620608016;3.5.2026;cpc;0,51;;12;0;0;0;0;0;0;upmYRCT9P;4260557422908;0
com_MarketplaceBooster_Vegavero (Marketplace Seller)_VEGAVERO Taurin Pulver;658347271;3.5.2026;cpc;1,51;2;12;1;8,333333;200;1,51;39,8;2635,761589;upmHULHZD;4260557423370;1,51
it_CrossSellReRank_Vegavero (Marketplace Seller)_VEGAVERO D Mannosio Complex;658381392;3.5.2026;cpc;0,3;;15;0;0;0;0;0;0;14250640;4260309482747;0
com_MarketplaceBooster_Vegavero (Marketplace Seller)_VEGAVERO Ashwagandha BIO;619667906;3.5.2026;cpc;0,51;;12;1;8,333333;0;0,51;0;0;upmUPLLZH;4260557420676;0,51
at_MarketplaceBooster_Vegavero (Marketplace Seller)_VEGAVERO Echinacea Plus;658282823;3.5.2026;cpc;0,31;;12;0;0;0;0;0;0;upmPHKX9F;4260557423141;0
it_CrossSellReRank_Vegavero (Marketplace Seller)_VEGAVERO Resveratrolo Plus;649077189;3.5.2026;cpc;0,31;;16;0;0;0;0;0;0;upmGDDD7G;4260557420805;0
at_MarketplaceBooster_Vegavero (Marketplace Seller)_VEGAVERO Ashwagandha BIO;625771655;3.5.2026;cpc;0,51;;13;0;0;0;0;0;0;upmUPLLZH;4260557420676;0
at_CrossSellReRank_Vegavero (Marketplace Seller)_VEGAVERO Mariendistel Plus;658280174;3.5.2026;cpc;0,31;;13;0;0;0;0;0;0;upmR9H2HU;4260557422892;0
at_MarketplaceBooster_Vegavero (Marketplace Seller)_VEGAVERO Chrom Plus;626442427;3.5.2026;cpc;0,51;;12;0;0;0;0;0;0;upmL7ZDD2;4260557422946;0
at_CrossSellReRank_Vegavero (Marketplace Seller)_VEGAVERO Vegan Essentials Complex;658280060;3.5.2026;cpc;0,31;;16;0;0;0;0;0;0;upmHHT433;4260557421390;0
at_MarketplaceBooster_Vegavero (Marketplace Seller)_VEGAVERO Hagebutte BIO;658280037;3.5.2026;cpc;0,51;;12;0;0;0;0;0;0;upmWRWWCG;4260557421048;0
com_CrossSellReRank_Vegavero (Marketplace Seller)_VEGAVERO BIO Astaxanthin ?l;643093116;3.5.2026;cpc;0,91;;13;0;0;0;0;0;0;upm7GZX42;4260557423165;0
com_MarketplaceBooster_Vegavero (Marketplace Seller)_VEGAVERO Glycin Pulver;658347478;3.5.2026;cpc;1,51;;12;0;0;0;0;0;0;upmTGWG29;4260557423479;0
SOLD_OUT_com_MarketplaceBooster_Vegavero (Marketplace Seller)_VEGAVERO MSM 670mg;620565489;3.5.2026;cpc;1,01;;12;0;0;0;0;0;0;14250924;4260309484130;0
it_MarketplaceBooster_Vegavero (Marketplace Seller)_VEGAVERO Cardo Mariano Plus;641649766;3.5.2026;cpc;0,51;;12;2;16,666667;0;1,02;0;0;upmR9H2HU;4260557422892;0,51
com_MarketplaceBooster_Vegavero (Marketplace Seller)_VEGAVERO Ackerschachtelhalm BIO;653634560;3.5.2026;cpc;0,51;;12;0;0;0;0;0;0;upmDKAWH3;4260557421307;0
com_MarketplaceBooster_Vegavero (Marketplace Seller)_VEGAVERO Salbei BIO;619682278;3.5.2026;cpc;0,51;;11;0;0;0;0;0;0;upmMMLDZE;4260557420966;0
at_MarketplaceBooster_Vegavero (Marketplace Seller)_VEGAVERO Zimt Extrakt BIO;625767692;3.5.2026;cpc;0,51;;11;2;18,181818;0;1,02;0;0;upmW9KKTG;4260557422618;0,51
com_MarketplaceBooster_Vegavero (Marketplace Seller)_VEGAVERO Pro Bio Kulturenkomplex;618496725;3.5.2026;cpc;0,51;;11;0;0;0;0;0;0;14250976;4260557420034;0
com_CrossSellReRank_Vegavero (Marketplace Seller)_VEGAVERO Vitamin B12 Spray Junior;643093986;3.5.2026;cpc;0,31;;13;0;0;0;0;0;0;upm3RXHUC;4260557422229;0
com_CrossSellReRank_Vegavero (Marketplace Seller)_VEGAVERO Echinacea Plus;643137759;3.5.2026;cpc;0,31;;14;0;0;0;0;0;0;upmPHKX9F;4260557423141;0
com_CrossSellReRank_Vegavero (Marketplace Seller)_VEGAVERO MSM Pulver;643233340;3.5.2026;cpc;0,31;;15;0;0;0;0;0;0;upmWCKTTE;4260309481214;0
com_CrossSellReRank_Vegavero (Marketplace Seller)_VEGAVERO Myo-Inositol Complex;658295458;3.5.2026;cpc;1,11;;14;0;0;0;0;0;0;upm7PGM77;4260557421765;0
com_MarketplaceBooster_Vegavero (Marketplace Seller)_VEGAVERO L-Tryptophan;619660835;3.5.2026;cpc;2,02;;11;1;9,090909;0;2,02;0;0;14250841;4260309481108;2,02
at_MarketplaceBooster_Vegavero (Marketplace Seller)_VEGAVERO Apple Cider Vinegar;626443800;3.5.2026;cpc;0,51;;11;0;0;0;0;0;0;upmUTDZP9;4260557423158;0
it_CrossSellReRank_Vegavero (Marketplace Seller)_VEGAVERO Multivitamino Spray per Bambini;649081621;3.5.2026;cpc;0,31;;15;0;0;0;0;0;0;upm9ZTF3H;4260557421178;0
com_CrossSellReRank_Vegavero (Marketplace Seller)_VEGAVERO Vision Care Complex;658347575;3.5.2026;cpc;0,31;;12;0;0;0;0;0;0;upmWRPTR4;4260557420867;0
com_CrossSellReRank_Vegavero (Marketplace Seller)_VEGAVERO Rapunzel;658295814;3.5.2026;cpc;0,31;;15;0;0;0;0;0;0;upmDUFHFK;4260557423134;0
it_MarketplaceBooster_Vegavero (Marketplace Seller)_VEGAVERO Ginseng Rosso Coreano;620566091;3.5.2026;cpc;0,51;;10;1;10;0;0,51;0;0;upm2CZXC9;4260557420140;0,51
it_MarketplaceBooster_Vegavero (Marketplace Seller)_VEGAVERO Boswellia;641624237;3.5.2026;cpc;0,51;;10;0;0;0;0;0;0;upmEH2K74;4260557422588;0
it_MarketplaceBooster_Vegavero (Marketplace Seller)_VEGAVERO BCAA in Polvere;658381388;3.5.2026;cpc;1,01;;10;0;0;0;0;0;0;upmWWWMYX;4260557423523;0
com_MarketplaceBooster_Vegavero (Marketplace Seller)_VEGAVERO Wild Yams + Zink;619660532;3.5.2026;cpc;0,51;;10;0;0;0;0;0;0;14251183;4260309481672;0
it_CrossSellReRank_Vegavero (Marketplace Seller)_VEGAVERO Cumino Nero BIO;658352478;3.5.2026;cpc;0,31;;13;0;0;0;0;0;0;upmEUZ9F7;4260557421376;0
at_MarketplaceBooster_Vegavero (Marketplace Seller)_VEGAVERO Vitamin B3 (Nicotinamid);625772385;3.5.2026;cpc;0,81;;10;0;0;0;0;0;0;upmUEXHE2;4260557420850;0
it_MarketplaceBooster_Vegavero (Marketplace Seller)_VEGAVERO EAA - Aminoacidi Essenziali;620567252;3.5.2026;cpc;1,11;;10;0;0;0;0;0;0;upmGMXXY9;4260557420744;0
com_MarketplaceBooster_Vegavero (Marketplace Seller)_VEGAVERO Sugar Balance Complex;652859174;3.5.2026;cpc;0,51;;10;1;10;0;0,51;0;0;upmAD4HK4;4260557422403;0,51
at_CrossSellReRank_Vegavero (Marketplace Seller)_VEGAVERO Colon Care Complex;658279985;3.5.2026;cpc;0,31;;12;0;0;0;0;0;0;14250605;4260557420201;0
at_MarketplaceBooster_Vegavero (Marketplace Seller)_VEGAVERO Beifu? Extrakt;658280100;3.5.2026;cpc;0,61;;10;0;0;0;0;0;0;upmWMGCRY;4260557422090;0
com_MarketplaceBooster_Vegavero (Marketplace Seller)_VEGAVERO Party Hero;653854277;3.5.2026;cpc;0,51;;10;0;0;0;0;0;0;upmFACEA7;4260557423356;0
com_MarketplaceBooster_Vegavero (Marketplace Seller)_VEGAVERO Glycin Pulver;620530024;3.5.2026;cpc;1,01;;10;0;0;0;0;0;0;upmR9H4DE;4260557422595;0
at_CrossSellReRank_Vegavero (Marketplace Seller)_VEGAVERO Sugar Balance Complex;658280126;3.5.2026;cpc;0,31;;11;0;0;0;0;0;0;upmAD4HK4;4260557422403;0
it_MarketplaceBooster_Vegavero (Marketplace Seller)_VEGAVERO Salvia BIO;641651421;3.5.2026;cpc;0,51;;10;1;10;0;0,51;0;0;upmMMLDZE;4260557420966;0,51
it_MarketplaceBooster_Vegavero (Marketplace Seller)_VEGAVERO Femme Biotics;658445082;3.5.2026;cpc;1,01;;9;1;11,111111;0;1,01;0;0;upm4AEDEP;4260557423455;1,01
it_CrossSellReRank_Vegavero (Marketplace Seller)_VEGAVERO D Mannosio in Polvere;658352462;3.5.2026;cpc;0,31;;10;0;0;0;0;0;0;14250686;4260309481603;0
at_CrossSellReRank_Vegavero (Marketplace Seller)_VEGAVERO Apple Cider Vinegar;658282828;3.5.2026;cpc;0,31;;9;0;0;0;0;0;0;upmF2EYPK;4260557423172;0
it_CrossSellReRank_Vegavero (Marketplace Seller)_VEGAVERO Colina Bitartrato;658296216;3.5.2026;cpc;0,31;;13;0;0;0;0;0;0;upmU9FP9M;4260557423325;0
at_CrossSellReRank_Vegavero (Marketplace Seller)_VEGAVERO Knoblauch Plus;658280151;3.5.2026;cpc;0,31;;10;0;0;0;0;0;0;upm2WRLPU;4260557422632;0
at_CrossSellReRank_Vegavero (Marketplace Seller)_VEGAVERO Hyaluronsaeure;643052787;3.5.2026;cpc;0,31;;12;0;0;0;0;0;0;upmPMLEP9;4260557423103;0
com_CrossSellReRank_Vegavero (Marketplace Seller)_VEGAVERO Natural Jod BIO;643084951;3.5.2026;cpc;0,31;;9;0;0;0;0;0;0;14250769;4260557420256;0
com_CrossSellReRank_Vegavero (Marketplace Seller)_VEGAVERO Moringa BIO;642560128;3.5.2026;cpc;1,41;;10;0;0;0;0;0;0;14250893;4260309481115;0
com_MarketplaceBooster_Vegavero (Marketplace Seller)_VEGAVERO Cholin Bitartrat;658347145;3.5.2026;cpc;1,01;;9;0;0;0;0;0;0;upmU9FP9M;4260557423325;0
at_MarketplaceBooster_Vegavero (Marketplace Seller)_VEGAVERO BIO Mushroom Mix;625774145;3.5.2026;cpc;0,51;;9;0;0;0;0;0;0;upmALDCEH;4260557423028;0
at_MarketplaceBooster_Vegavero (Marketplace Seller)_VEGAVERO BCAA Pulver Mango;658445037;3.5.2026;cpc;1,01;;9;0;0;0;0;0;0;upmWWWMYX;4260557423523;0
at_CrossSellReRank_Vegavero (Marketplace Seller)_VEGAVERO Glycin Pulver;658280145;3.5.2026;cpc;0,31;;9;0;0;0;0;0;0;upmTGWG29;4260557423479;0
it_CrossSellReRank_Vegavero (Marketplace Seller)_VEGAVERO Creatina in Polvere;658331599;3.5.2026;cpc;0,31;;13;0;0;0;0;0;0;upmFRZEFX;4260557423226;0
it_CrossSellReRank_Vegavero (Marketplace Seller)_VEGAVERO Sugar Balance Complex;649105321;3.5.2026;cpc;0,31;;10;0;0;0;0;0;0;upmAD4HK4;4260557422403;0
at_MarketplaceBooster_Vegavero (Marketplace Seller)_VEGAVERO Curcuma BIO;626440031;3.5.2026;cpc;0,51;;9;1;11,111111;0;0,51;0;0;upm27X4XW;4260557422878;0,51
it_MarketplaceBooster_Vegavero (Marketplace Seller)_VEGAVERO Caffeina;641650370;3.5.2026;cpc;0,51;;9;0;0;0;0;0;0;upm4XZRWY;4260557423127;0
com_MarketplaceBooster_Vegavero (Marketplace Seller)_VEGAVERO Psyllium BIO;658295759;3.5.2026;cpc;0,51;;9;1;11,111111;0;0,51;0;0;upmERYMM3;4260557423295;0,51
it_CrossSellReRank_Vegavero (Marketplace Seller)_VEGAVERO Vegan Essentials Complex;649088044;3.5.2026;cpc;0,31;;11;1;11,111111;0;0,31;0;0;upmHHT433;4260557421390;0,31
at_CrossSellReRank_Vegavero (Marketplace Seller)_VEGAVERO Koffein;658282821;3.5.2026;cpc;0,31;;10;0;0;0;0;0;0;upm4XZRWY;4260557423127;0
com_CrossSellReRank_Vegavero (Marketplace Seller)_VEGAVERO Knoblauch Plus;643126592;3.5.2026;cpc;0,31;;13;0;0;0;0;0;0;upm2WRLPU;4260557422632;0
com_CrossSellReRank_Vegavero (Marketplace Seller)_VEGAVERO Roter Reis Plus;643136807;3.5.2026;cpc;0,31;;11;0;0;0;0;0;0;upmDFWTTT;4260557423110;0
com_MarketplaceBooster_Vegavero (Marketplace Seller)_VEGAVERO L-Glutamin Pulver;620565039;3.5.2026;cpc;0,51;;9;0;0;0;0;0;0;upmUPTFMH;4260557423233;0
com_MarketplaceBooster_Vegavero (Marketplace Seller)_VEGAVERO Psyllium BIO;658295766;3.5.2026;cpc;0,51;;9;0;0;0;0;0;0;upmERYMM3;4260557423295;0
com_MarketplaceBooster_Vegavero (Marketplace Seller)_VEGAVERO Apple Cider Vinegar;620564988;3.5.2026;cpc;0,51;;9;0;0;0;0;0;0;upmUTDZP9;4260557423158;0
it_MarketplaceBooster_Vegavero (Marketplace Seller)_VEGAVERO Biancospino BIO;620566747;3.5.2026;cpc;0,51;;8;0;0;0;0;0;0;upmXW7KXD;4260557420720;0
it_CrossSellReRank_Vegavero (Marketplace Seller)_VEGAVERO Astragalo BIO;649084562;3.5.2026;cpc;0,31;;10;0;0;0;0;0;0;upmCGKMCH;4260557421222;0
com_CrossSellReRank_Vegavero (Marketplace Seller)_VEGAVERO Nachtkerzen und Borretsch?l BIO;643092372;3.5.2026;cpc;0,31;;8;0;0;0;0;0;0;upm7KTFPH;4260557421420;0
SOLD_OUT_it_CrossSellReRank_Vegavero (Marketplace Seller)_VEGAVERO Probiotici e Prebiotici Bambini;658445102;3.5.2026;cpc;0,31;;10;0;0;0;0;0;0;14250953;4260557420249;0
at_MarketplaceBooster_Vegavero (Marketplace Seller)_VEGAVERO Astaxanthin ?l;620605150;3.5.2026;cpc;0,51;;8;0;0;0;0;0;0;upmYPTY2W;4260557421925;0
com_MarketplaceBooster_Vegavero (Marketplace Seller)_VEGAVERO Resveratrol + Nicotinamid;619676602;3.5.2026;cpc;0,51;;8;0;0;0;0;0;0;upmGDDD7G;4260557420805;0
it_MarketplaceBooster_Vegavero (Marketplace Seller)_VEGAVERO Magnesio + Potassio;620566099;3.5.2026;cpc;0,51;;8;2;25;0;1,02;0;0;upm32MART;4260557420287;0,51
at_CrossSellReRank_Vegavero (Marketplace Seller)_VEGAVERO Maitake BIO;658280016;3.5.2026;cpc;0,31;;8;0;0;0;0;0;0;upmW4TZYD;4260557420874;0
com_CrossSellReRank_Vegavero (Marketplace Seller)_VEGAVERO Brewers Yeast;658295768;3.5.2026;cpc;0,31;;8;0;0;0;0;0;0;upmKUKGHH;4260557423332;0
at_CrossSellReRank_Vegavero (Marketplace Seller)_VEGAVERO Bockshornklee BIO;658280184;3.5.2026;cpc;0,31;;10;0;0;0;0;0;0;upm7AL3PG;4260557422977;0
at_CrossSellReRank_Vegavero (Marketplace Seller)_VEGAVERO Triphala BIO;658280010;3.5.2026;cpc;0,31;;9;0;0;0;0;0;0;upmGL239Y;4260557420812;0
at_CrossSellReRank_Vegavero (Marketplace Seller)_VEGAVERO Moringa BIO;658725473;3.5.2026;cpc;1,01;;8;0;0;0;0;0;0;14250893;4260309481115;0
it_CrossSellReRank_Vegavero (Marketplace Seller)_VEGAVERO Glucomammano BIO;649158747;3.5.2026;cpc;0,31;;9;0;0;0;0;0;0;upmLXEUT7;4260557423240;0
com_CrossSellReRank_Vegavero (Marketplace Seller)_VEGAVERO Multivitamin Spray Junior;643089899;3.5.2026;cpc;0,31;;12;0;0;0;0;0;0;upm9ZTF3H;4260557421178;0
it_CrossSellReRank_Vegavero (Marketplace Seller)_VEGAVERO L-Glutammina in Polvere;649158096;3.5.2026;cpc;0,31;;9;0;0;0;0;0;0;upmUPTFMH;4260557423233;0
at_MarketplaceBooster_Vegavero (Marketplace Seller)_VEGAVERO MSM Pulver DOSE;658279977;3.5.2026;cpc;1,01;;8;1;12,5;0;1,01;0;0;upmTLUPGT;4260309483881;1,01
it_CrossSellReRank_Vegavero (Marketplace Seller)_VEGAVERO Ferro;658331759;3.5.2026;cpc;0,31;;8;0;0;0;0;0;0;14250692;4260309483065;0
at_MarketplaceBooster_Vegavero (Marketplace Seller)_VEGAVERO Nachtkerzen und Borretsch?l BIO;625782152;3.5.2026;cpc;0,51;;8;1;12,5;0;0,51;0;0;upm7KTFPH;4260557421420;0,51
it_MarketplaceBooster_Vegavero (Marketplace Seller)_VEGAVERO Ginkgo + Ginseng;620565878;3.5.2026;cpc;0,51;;8;1;12,5;0;0,51;0;0;upmF3XUHA;4260557422106;0,51
at_MarketplaceBooster_Vegavero (Marketplace Seller)_VEGAVERO Echinacea Plus;626443785;3.5.2026;cpc;0,51;;8;0;0;0;0;0;0;upmPHKX9F;4260557423141;0
it_CrossSellReRank_Vegavero (Marketplace Seller)_VEGAVERO L-Triptofano;658352473;3.5.2026;cpc;0,31;;9;0;0;0;0;0;0;14250841;4260309481108;0
at_MarketplaceBooster_Vegavero (Marketplace Seller)_VEGAVERO Glucomannan BIO;658347634;3.5.2026;cpc;0,51;;8;0;0;0;0;0;0;upmLXEUT7;4260557423240;0
com_MarketplaceBooster_Vegavero (Marketplace Seller)_VEGAVERO Rosskastanie Plus BIO;619708788;3.5.2026;cpc;1,31;;7;1;14,285714;0;1,31;0;0;upmUR4ZK4;4260557421239;1,31
at_CrossSellReRank_Vegavero (Marketplace Seller)_VEGAVERO Chlorella BIO + Spirulina BIO;643057141;3.5.2026;cpc;0,31;;7;0;0;0;0;0;0;14250597;4260309484185;0
it_CrossSellReRank_Vegavero (Marketplace Seller)_VEGAVERO Caffeina;649151028;3.5.2026;cpc;0,31;;10;0;0;0;0;0;0;upm4XZRWY;4260557423127;0
com_MarketplaceBooster_Vegavero (Marketplace Seller)_VEGAVERO Quercetin Komplex;658469903;3.5.2026;cpc;1,01;;7;0;0;0;0;0;0;upmF2AFXC;4260557423509;0
com_MarketplaceBooster_Vegavero (Marketplace Seller)_VEGAVERO Mushroom Mix Complex;620546918;3.5.2026;cpc;0,51;;7;0;0;0;0;0;0;upm4XDXPR;4260557422045;0
at_CrossSellReRank_Vegavero (Marketplace Seller)_VEGAVERO Resveratrol + Nicotinamid;658280009;3.5.2026;cpc;0,31;;11;0;0;0;0;0;0;upmGDDD7G;4260557420805;0
at_CrossSellReRank_Vegavero (Marketplace Seller)_VEGAVERO Brennnessel BIO;658280036;3.5.2026;cpc;0,31;;10;0;0;0;0;0;0;upm9RX43T;4260557421031;0
at_MarketplaceBooster_Vegavero (Marketplace Seller)_VEGAVERO Hyaluronsaeure;620609033;3.5.2026;cpc;0,51;;7;0;0;0;0;0;0;upmKMAH3F;4260557420539;0
com_MarketplaceBooster_Vegavero (Marketplace Seller)_VEGAVERO Koffein;620560659;3.5.2026;cpc;0,51;;7;0;0;0;0;0;0;upm4XZRWY;4260557423127;0
com_MarketplaceBooster_Vegavero (Marketplace Seller)_VEGAVERO Brewers Yeast;658295767;3.5.2026;cpc;0,51;;7;2;28,571429;0;1,02;0;0;upmKUKGHH;4260557423332;0,51
com_MarketplaceBooster_Vegavero (Marketplace Seller)_VEGAVERO Griffonia;658283046;3.5.2026;cpc;1,51;;7;0;0;0;0;0;0;upmG7RZLC;4260557423318;0
com_MarketplaceBooster_Vegavero (Marketplace Seller)_VEGAVERO Tribulus terrestris Extrakt;619660805;3.5.2026;cpc;0,51;;7;2;28,571429;0;1,02;0;0;14251088;4260309481313;0,51
com_MarketplaceBooster_Vegavero (Marketplace Seller)_VEGAVERO Female Harmony Complex;629496627;3.5.2026;cpc;0,51;;7;2;28,571429;0;1,02;0;0;upmUFEEWW;4260557420300;0,51
at_CrossSellReRank_Vegavero (Marketplace Seller)_VEGAVERO Liver Active Complex;658279984;3.5.2026;cpc;0,31;;10;0;0;0;0;0;0;14250812;4260557420188;0
com_CrossSellReRank_Vegavero (Marketplace Seller)_VEGAVERO MSM Pulver DOSE;643236175;3.5.2026;cpc;0,61;;10;0;0;0;0;0;0;upmTLUPGT;4260309483881;0
com_MarketplaceBooster_Vegavero (Marketplace Seller)_VEGAVERO Vitamin B3 (Nicotinamid);619677908;3.5.2026;cpc;1,51;;7;1;14,285714;0;1,51;0;0;upmUEXHE2;4260557420850;1,51
com_MarketplaceBooster_Vegavero (Marketplace Seller)_VEGAVERO Boswellia Extrakt;620528799;3.5.2026;cpc;0,51;;7;0;0;0;0;0;0;upmEH2K74;4260557422588;0
it_MarketplaceBooster_Vegavero (Marketplace Seller)_VEGAVERO Cordyceps;658334300;3.5.2026;cpc;0,51;;7;0;0;0;0;0;0;14250611;4260309483218;0
it_MarketplaceBooster_Vegavero (Marketplace Seller)_VEGAVERO Shilajit Mumijo;626452031;3.5.2026;cpc;0,51;;7;0;0;0;0;0;0;upmR33A3P;4260557421406;0
at_MarketplaceBooster_Vegavero (Marketplace Seller)_VEGAVERO Nattokinase;626443809;3.5.2026;cpc;0,51;;7;0;0;0;0;0;0;upm2ZL4CL;4260557423264;0
com_CrossSellReRank_Vegavero (Marketplace Seller)_VEGAVERO Mariendistel Plus;652868608;3.5.2026;cpc;0,31;;8;0;0;0;0;0;0;upmR9H2HU;4260557422892;0
com_MarketplaceBooster_Vegavero (Marketplace Seller)_VEGAVERO Hyaluronsaeure;620565217;3.5.2026;cpc;1,51;;7;0;0;0;0;0;0;upmKMAH3F;4260557420539;0
it_MarketplaceBooster_Vegavero (Marketplace Seller)_VEGAVERO Cysti-Aid Complex;641622752;3.5.2026;cpc;0,51;;7;2;28,571429;0;1,02;0;0;upmTZFCGA;4260557422199;0,51
com_MarketplaceBooster_Vegavero (Marketplace Seller)_VEGAVERO Chrom Plus;627595667;3.5.2026;cpc;0,51;;7;0;0;0;0;0;0;upmL7ZDD2;4260557422946;0
com_MarketplaceBooster_Vegavero (Marketplace Seller)_VEGAVERO Youth Biotics;658469892;3.5.2026;cpc;1,01;;7;0;0;0;0;0;0;upmW7Y7DL;4260557423462;0
SOLD_OUT_it_CrossSellReRank_Vegavero (Marketplace Seller)_VEGAVERO Vitamina B12 gocce;649144392;3.5.2026;cpc;0,31;;8;0;0;0;0;0;0;upmYRCT9P;4260557422908;0
it_MarketplaceBooster_Vegavero (Marketplace Seller)_VEGAVERO Elettroliti Complex;641629249;3.5.2026;cpc;0,51;;7;2;28,571429;0;1,02;0;0;upmD23XCL;4260557422823;0,51
it_MarketplaceBooster_Vegavero (Marketplace Seller)_VEGAVERO MSM;641622735;3.5.2026;cpc;1,01;;7;1;14,285714;0;1,01;0;0;upmTLUPGT;4260309483881;1,01
at_CrossSellReRank_Vegavero (Marketplace Seller)_VEGAVERO Brewers Yeast;658347644;3.5.2026;cpc;0,31;;7;1;14,285714;0;0,31;0;0;upmKUKGHH;4260557423332;0,31
it_CrossSellReRank_Vegavero (Marketplace Seller)_VEGAVERO Shilajit Mumijo;649090838;3.5.2026;cpc;0,31;;7;0;0;0;0;0;0;upmR33A3P;4260557421406;0
it_CrossSellReRank_Vegavero (Marketplace Seller)_VEGAVERO Fieno Greco BIO;649146229;3.5.2026;cpc;0,31;;8;0;0;0;0;0;0;upm7AL3PG;4260557422977;0
com_MarketplaceBooster_Vegavero (Marketplace Seller)_VEGAVERO Papaya Enzym;620527421;3.5.2026;cpc;0,51;;6;0;0;0;0;0;0;14250930;4260309482648;0
com_CrossSellReRank_Vegavero (Marketplace Seller)_VEGAVERO Taurin Pulver;658347286;3.5.2026;cpc;0,31;;7;0;0;0;0;0;0;upmHULHZD;4260557423370;0
at_MarketplaceBooster_Vegavero (Marketplace Seller)_VEGAVERO Resveratrol + Nicotinamid;625771680;3.5.2026;cpc;0,51;;6;0;0;0;0;0;0;upmGDDD7G;4260557420805;0
it_CrossSellReRank_Vegavero (Marketplace Seller)_VEGAVERO Ginkgo + Ginseng;649102509;3.5.2026;cpc;0,31;;8;0;0;0;0;0;0;upmF3XUHA;4260557422106;0
at_CrossSellReRank_Vegavero (Marketplace Seller)_VEGAVERO Apple Cider Vinegar;658282824;3.5.2026;cpc;0,31;;6;0;0;0;0;0;0;upmUTDZP9;4260557423158;0
com_CrossSellReRank_Vegavero (Marketplace Seller)_VEGAVERO Glucomannan BIO;658283041;3.5.2026;cpc;0,31;;7;0;0;0;0;0;0;upmLXEUT7;4260557423240;0
SOLD_OUT_it_MarketplaceBooster_Vegavero (Marketplace Seller)_VEGAVERO L-Tirosina Plus;649142984;3.5.2026;cpc;0,51;;6;1;16,666667;0;0,51;0;0;upm2FC2LC;4260557422885;0,51
it_CrossSellReRank_Vegavero (Marketplace Seller)_VEGAVERO Maitake BIO;649077201;3.5.2026;cpc;0,31;;7;0;0;0;0;0;0;upmW4TZYD;4260557420874;0
com_CrossSellReRank_Vegavero (Marketplace Seller)_VEGAVERO Astragalus BIO;643090713;3.5.2026;cpc;0,31;;8;0;0;0;0;0;0;upmCGKMCH;4260557421222;0
SOLD_OUT_it_CrossSellReRank_Vegavero (Marketplace Seller)_VEGAVERO Taurina Plus;649149719;3.5.2026;cpc;0,31;;7;0;0;0;0;0;0;upmXXW9XA;4260557423059;0
it_CrossSellReRank_Vegavero (Marketplace Seller)_VEGAVERO Lecitina BIO;649100827;3.5.2026;cpc;0,31;;7;0;0;0;0;0;0;upm2HFKPC;4260557422021;0
com_CrossSellReRank_Vegavero (Marketplace Seller)_VEGAVERO Keto Power;658283043;3.5.2026;cpc;0,31;;11;0;0;0;0;0;0;upmP77L3M;4260557423288;0
it_MarketplaceBooster_Vegavero (Marketplace Seller)_VEGAVERO Rhodiola Rosea;658445090;3.5.2026;cpc;1,01;;6;0;0;0;0;0;0;14251036;4260557420102;0
at_MarketplaceBooster_Vegavero (Marketplace Seller)_VEGAVERO Hyaluronsaeure;620609034;3.5.2026;cpc;0,51;;7;0;0;0;0;0;0;upmPMLEP9;4260557423103;0
at_CrossSellReRank_Vegavero (Marketplace Seller)_VEGAVERO K?rbiskern?l BIO;658280089;3.5.2026;cpc;0,31;;7;0;0;0;0;0;0;upmY7MX4C;4260557422014;0
SOLD_OUT_it_MarketplaceBooster_Vegavero (Marketplace Seller)_VEGAVERO MSM;653861307;3.5.2026;cpc;1,01;;6;0;0;0;0;0;0;14250924;4260309484130;0
at_CrossSellReRank_Vegavero (Marketplace Seller)_VEGAVERO Hagebutte BIO;658280038;3.5.2026;cpc;0,31;;6;1;16,666667;0;0,31;0;0;upmWRWWCG;4260557421048;0,31
it_CrossSellReRank_Vegavero (Marketplace Seller)_VEGAVERO Enotera e Borragine  BIO;649091296;3.5.2026;cpc;0,31;;11;0;0;0;0;0;0;upm7KTFPH;4260557421420;0
it_MarketplaceBooster_Vegavero (Marketplace Seller)_VEGAVERO Artemisia Vulgaris;649102355;3.5.2026;cpc;0,51;;6;0;0;0;0;0;0;upmWMGCRY;4260557422090;0
it_CrossSellReRank_Vegavero (Marketplace Seller)_VEGAVERO Echinacea Purpurea;649076430;3.5.2026;cpc;0,31;;8;0;0;0;0;0;0;upmPZPD44;4260557420133;0
com_MarketplaceBooster_Vegavero (Marketplace Seller)_VEGAVERO Nattokinase;620565077;3.5.2026;cpc;0,51;;6;0;0;0;0;0;0;upm2ZL4CL;4260557423264;0
SOLD_OUT_it_MarketplaceBooster_Vegavero (Marketplace Seller)_VEGAVERO Vitamina B12 gocce;641629767;3.5.2026;cpc;0,51;;6;2;33,333333;0;1,02;0;0;upmYRCT9P;4260557422908;0,51
at_MarketplaceBooster_Vegavero (Marketplace Seller)_VEGAVERO Mushroom Mix Complex;625773721;3.5.2026;cpc;0,51;;6;0;0;0;0;0;0;upm4XDXPR;4260557422045;0
com_MarketplaceBooster_Vegavero (Marketplace Seller)_VEGAVERO BIO Mushroom Mix;620545551;3.5.2026;cpc;0,51;;6;0;0;0;0;0;0;upmALDCEH;4260557423028;0
com_MarketplaceBooster_Vegavero (Marketplace Seller)_VEGAVERO Hyaluronsaeure;620565218;3.5.2026;cpc;1,51;;6;0;0;0;0;0;0;upmPMLEP9;4260557423103;0
it_MarketplaceBooster_Vegavero (Marketplace Seller)_VEGAVERO Boswellia;649114805;3.5.2026;cpc;0,51;;6;0;0;0;0;0;0;upmEH2K74;4260557422588;0
com_MarketplaceBooster_Vegavero (Marketplace Seller)_VEGAVERO Beifu? Extrakt;658295464;3.5.2026;cpc;0,61;;6;1;16,666667;0;0,61;0;0;upmWMGCRY;4260557422090;0,61
com_MarketplaceBooster_Vegavero (Marketplace Seller)_VEGAVERO Curcuma BIO;618496721;3.5.2026;cpc;0,51;;6;0;0;0;0;0;0;upm27X4XW;4260557422878;0
at_MarketplaceBooster_Vegavero (Marketplace Seller)_VEGAVERO L-Glutamin Pulver;626443805;3.5.2026;cpc;0,51;;6;0;0;0;0;0;0;upmUPTFMH;4260557423233;0
it_CrossSellReRank_Vegavero (Marketplace Seller)_VEGAVERO Drena Flux;649110222;3.5.2026;cpc;0,31;;6;0;0;0;0;0;0;upm2XGYDU;4260557422489;0
it_CrossSellReRank_Vegavero (Marketplace Seller)_VEGAVERO Strong Bones;658296089;3.5.2026;cpc;0,31;;7;0;0;0;0;0;0;upmAP9MLM;4260557423301;0
at_CrossSellReRank_Vegavero (Marketplace Seller)_VEGAVERO Shiitake Extrakt;658280087;3.5.2026;cpc;0,31;;6;0;0;0;0;0;0;upmZ7P4AX;4260557421970;0
at_CrossSellReRank_Vegavero (Marketplace Seller)_VEGAVERO Griffonia Plus;658280154;3.5.2026;cpc;0,31;;7;0;0;0;0;0;0;upmHCULGA;4260557422755;0
com_CrossSellReRank_Vegavero (Marketplace Seller)_VEGAVERO Apple Cider Vinegar;643138167;3.5.2026;cpc;0,31;;5;0;0;0;0;0;0;upmUTDZP9;4260557423158;0
it_CrossSellReRank_Vegavero (Marketplace Seller)_VEGAVERO Artiglio del Diavolo Plus;649082840;3.5.2026;cpc;0,31;;7;0;0;0;0;0;0;upmD3U322;4260557421192;0
com_CrossSellReRank_Vegavero (Marketplace Seller)_VEGAVERO Papaya BIO;643089807;3.5.2026;cpc;0,31;;7;0;0;0;0;0;0;upm9HWLUD;4260557421055;0
com_CrossSellReRank_Vegavero (Marketplace Seller)_VEGAVERO Female Harmony Complex;643239568;3.5.2026;cpc;0,31;;7;0;0;0;0;0;0;upmUFEEWW;4260557420300;0
at_CrossSellReRank_Vegavero (Marketplace Seller)_VEGAVERO L-Glutamin Pulver;658282832;3.5.2026;cpc;0,31;;8;0;0;0;0;0;0;upmUPTFMH;4260557423233;0
it_CrossSellReRank_Vegavero (Marketplace Seller)_VEGAVERO Curcuma BIO;649142586;3.5.2026;cpc;0,31;;7;0;0;0;0;0;0;upm27X4XW;4260557422878;0
it_CrossSellReRank_Vegavero (Marketplace Seller)_VEGAVERO Triphala BIO;649077190;3.5.2026;cpc;0,31;;7;0;0;0;0;0;0;upmGL239Y;4260557420812;0
at_CrossSellReRank_Vegavero (Marketplace Seller)_VEGAVERO Light Legs Complex;658347598;3.5.2026;cpc;0,31;;8;0;0;0;0;0;0;upmD7EWMP;4260557420454;0
at_MarketplaceBooster_Vegavero (Marketplace Seller)_VEGAVERO Ackerschachtelhalm BIO;658347603;3.5.2026;cpc;0,51;;5;1;20;0;0,51;0;0;upmDKAWH3;4260557421307;0,51
it_CrossSellReRank_Vegavero (Marketplace Seller)_VEGAVERO Salvia BIO;649077205;3.5.2026;cpc;0,31;;7;0;0;0;0;0;0;upmMMLDZE;4260557420966;0
com_CrossSellReRank_Vegavero (Marketplace Seller)_VEGAVERO Mushroom Mix Complex;643093879;3.5.2026;cpc;0,31;;6;0;0;0;0;0;0;upm4XDXPR;4260557422045;0
at_MarketplaceBooster_Vegavero (Marketplace Seller)_VEGAVERO Triphala BIO;625772285;3.5.2026;cpc;0,51;;5;0;0;0;0;0;0;upmGL239Y;4260557420812;0
com_CrossSellReRank_Vegavero (Marketplace Seller)_VEGAVERO Brahmi BIO;643093286;3.5.2026;cpc;0,31;;7;0;0;0;0;0;0;upmHFPDDK;4260557421956;0
com_CrossSellReRank_Vegavero (Marketplace Seller)_VEGAVERO Vitamin D3+K2 Tropfen;643133550;3.5.2026;cpc;1,21;;8;0;0;0;0;0;0;upmKAXT9Y;4260557422915;0
com_CrossSellReRank_Vegavero (Marketplace Seller)_VEGAVERO Ackerschachtelhalm BIO;643090788;3.5.2026;cpc;0,31;;8;1;20;0;0,31;0;0;upmDKAWH3;4260557421307;0,31
at_MarketplaceBooster_Vegavero (Marketplace Seller)_VEGAVERO Cordyceps Extrakt;658347645;3.5.2026;cpc;0,51;;5;1;20;0;0,51;0;0;14250611;4260309483218;0,51
it_CrossSellReRank_Vegavero (Marketplace Seller)_VEGAVERO Femme Biotics;658445084;3.5.2026;cpc;0,61;;5;0;0;0;0;0;0;upm4AEDEP;4260557423455;0
at_CrossSellReRank_Vegavero (Marketplace Seller)_VEGAVERO Shilajit Mumijo;658280062;3.5.2026;cpc;0,31;;5;0;0;0;0;0;0;upmR33A3P;4260557421406;0
it_MarketplaceBooster_Vegavero (Marketplace Seller)_VEGAVERO Youth Biotics;658445086;3.5.2026;cpc;1,01;;5;1;20;0;1,01;0;0;upmW7Y7DL;4260557423462;1,01
it_CrossSellReRank_Vegavero (Marketplace Seller)_VEGAVERO BCAA in Polvere;658381389;3.5.2026;cpc;0,61;;5;0;0;0;0;0;0;upmWWWMYX;4260557423523;0
com_CrossSellReRank_Vegavero (Marketplace Seller)_VEGAVERO Bockshornklee BIO;643134873;3.5.2026;cpc;0,31;;9;0;0;0;0;0;0;upm7AL3PG;4260557422977;0
at_MarketplaceBooster_Vegavero (Marketplace Seller)_VEGAVERO Papaya Enzym;625793359;3.5.2026;cpc;0,51;;5;0;0;0;0;0;0;14250930;4260309482648;0
com_CrossSellReRank_Vegavero (Marketplace Seller)_VEGAVERO Glucosamin Complex;643088059;3.5.2026;cpc;0,31;;6;0;0;0;0;0;0;upmTYL3Y7;4260557420737;0
at_MarketplaceBooster_Vegavero (Marketplace Seller)_VEGAVERO Astragalus BIO;625778112;3.5.2026;cpc;1,01;;5;0;0;0;0;0;0;upmCGKMCH;4260557421222;0
com_MarketplaceBooster_Vegavero (Marketplace Seller)_VEGAVERO Glucomannan BIO;658283040;3.5.2026;cpc;0,51;;4;0;0;0;0;0;0;upmLXEUT7;4260557423240;0
com_CrossSellReRank_Vegavero (Marketplace Seller)_VEGAVERO Glycin Pulver;658347520;3.5.2026;cpc;0,31;;5;0;0;0;0;0;0;upmTGWG29;4260557423479;0
it_CrossSellReRank_Vegavero (Marketplace Seller)_VEGAVERO Shiitake;649097667;3.5.2026;cpc;0,31;;6;0;0;0;0;0;0;upmZ7P4AX;4260557421970;0
at_CrossSellReRank_Vegavero (Marketplace Seller)_VEGAVERO Reishi Extrakt;658279956;3.5.2026;cpc;0,31;;6;0;0;0;0;0;0;14251013;4260309481665;0
com_CrossSellReRank_Vegavero (Marketplace Seller)_VEGAVERO Schwarzk?mmel?l BIO;658295948;3.5.2026;cpc;0,71;;5;0;0;0;0;0;0;upmEUZ9F7;4260557421376;0
com_CrossSellReRank_Vegavero (Marketplace Seller)_VEGAVERO Quercetin Komplex;658469905;3.5.2026;cpc;0,61;;4;0;0;0;0;0;0;upmF2AFXC;4260557423509;0
it_MarketplaceBooster_Vegavero (Marketplace Seller)_VEGAVERO EAA in Polvere;658381330;3.5.2026;cpc;1,01;;4;0;0;0;0;0;0;upmP94YR7;4260557423530;0
at_CrossSellReRank_Vegavero (Marketplace Seller)_VEGAVERO Astaxanthin ?l;658280070;3.5.2026;cpc;0,31;;4;0;0;0;0;0;0;upmYPTY2W;4260557421925;0
at_CrossSellReRank_Vegavero (Marketplace Seller)_VEGAVERO Chrom Plus;658280180;3.5.2026;cpc;0,31;;5;0;0;0;0;0;0;upmL7ZDD2;4260557422946;0
at_MarketplaceBooster_Vegavero (Marketplace Seller)_VEGAVERO Shilajit Mumijo;625779482;3.5.2026;cpc;0,51;;4;0;0;0;0;0;0;upmR33A3P;4260557421406;0
at_MarketplaceBooster_Vegavero (Marketplace Seller)_VEGAVERO Bromelain 2400 GDU/g;625775688;3.5.2026;cpc;0,51;;4;0;0;0;0;0;0;upm43HM34;4260557421130;0
it_MarketplaceBooster_Vegavero (Marketplace Seller)_VEGAVERO Astaxantina;620574476;3.5.2026;cpc;1,11;;4;0;0;0;0;0;0;upmYPTY2W;4260557421925;0
at_MarketplaceBooster_Vegavero (Marketplace Seller)_VEGAVERO EAA;625771660;3.5.2026;cpc;0,51;;4;0;0;0;0;0;0;upmGMXXY9;4260557420744;0
at_CrossSellReRank_Vegavero (Marketplace Seller)_VEGAVERO Mushroom Mix Complex;658280095;3.5.2026;cpc;0,31;;4;0;0;0;0;0;0;upm4XDXPR;4260557422045;0
it_MarketplaceBooster_Vegavero (Marketplace Seller)_VEGAVERO Reishi;658296411;3.5.2026;cpc;0,51;;4;0;0;0;0;0;0;14251013;4260309481665;0
it_MarketplaceBooster_Vegavero (Marketplace Seller)_VEGAVERO Cordyceps Sinensis BIO;626451122;3.5.2026;cpc;0,51;;4;1;25;0;0,51;0;0;upmTG77MW;4260557422991;0,51
at_CrossSellReRank_Vegavero (Marketplace Seller)_VEGAVERO Chaga BIO;658280111;3.5.2026;cpc;0,31;;5;0;0;0;0;0;0;upmPYECDL;4260557422298;0
com_CrossSellReRank_Vegavero (Marketplace Seller)_VEGAVERO Zimt Extrakt BIO;643084936;3.5.2026;cpc;0,31;;4;0;0;0;0;0;0;upmW9KKTG;4260557422618;0
at_CrossSellReRank_Vegavero (Marketplace Seller)_VEGAVERO Strong Bones;658283006;3.5.2026;cpc;0,31;;5;0;0;0;0;0;0;upmAP9MLM;4260557423301;0
com_CrossSellReRank_Vegavero (Marketplace Seller)_VEGAVERO Griffonia Plus;643128060;3.5.2026;cpc;0,31;;7;0;0;0;0;0;0;upmHCULGA;4260557422755;0
com_CrossSellReRank_Vegavero (Marketplace Seller)_VEGAVERO Papaya Enzym;643094177;3.5.2026;cpc;0,31;;4;0;0;0;0;0;0;14250930;4260309482648;0
com_MarketplaceBooster_Vegavero (Marketplace Seller)_VEGAVERO EAA Pulver Pfirsich;658445060;3.5.2026;cpc;2,01;;4;0;0;0;0;0;0;upmP94YR7;4260557423530;0
com_MarketplaceBooster_Vegavero (Marketplace Seller)_VEGAVERO D-Mannose Complex;619660802;3.5.2026;cpc;1,51;;4;1;25;0;1,51;0;0;14250640;4260309482747;1,51
at_MarketplaceBooster_Vegavero (Marketplace Seller)_VEGAVERO Ingwer BIO;625770334;3.5.2026;cpc;0,51;;4;0;0;0;0;0;0;upmPX4TPU;4260557420386;0
at_CrossSellReRank_Vegavero (Marketplace Seller)_VEGAVERO D-Mannose Pulver;658295900;3.5.2026;cpc;0,31;;4;1;25;0;0,31;0;0;14250686;4260309481603;0,31
com_CrossSellReRank_Vegavero (Marketplace Seller)_VEGAVERO Ashwagandha BIO;643088001;3.5.2026;cpc;0,31;;5;0;0;0;0;0;0;upmUPLLZH;4260557420676;0
com_MarketplaceBooster_Vegavero (Marketplace Seller)_VEGAVERO Beta-Alanin Pulver;658295769;3.5.2026;cpc;0,51;;4;0;0;0;0;0;0;upmFKHFRA;4260557423431;0
at_CrossSellReRank_Vegavero (Marketplace Seller)_VEGAVERO Magnesium Bisglycinat;658282836;3.5.2026;cpc;1,61;;5;0;0;0;0;0;0;upmX4LT4H;4260557423257;0
com_MarketplaceBooster_Vegavero (Marketplace Seller)_VEGAVERO Ingwer BIO;619663942;3.5.2026;cpc;0,51;;4;0;0;0;0;0;0;upmPX4TPU;4260557420386;0
com_CrossSellReRank_Vegavero (Marketplace Seller)_VEGAVERO Shilajit Mumijo;643092358;3.5.2026;cpc;0,31;;4;0;0;0;0;0;0;upmR33A3P;4260557421406;0
com_CrossSellReRank_Vegavero (Marketplace Seller)_VEGAVERO Light Legs Complex;658347562;3.5.2026;cpc;0,31;;4;0;0;0;0;0;0;upmD7EWMP;4260557420454;0
at_MarketplaceBooster_Vegavero (Marketplace Seller)_VEGAVERO EAA Pulver Pfirsich;658445040;3.5.2026;cpc;1,01;;4;0;0;0;0;0;0;upmP94YR7;4260557423530;0
at_CrossSellReRank_Vegavero (Marketplace Seller)_VEGAVERO MSM Pulver DOSE;658279976;3.5.2026;cpc;0,61;;4;0;0;0;0;0;0;upmTLUPGT;4260309483881;0
at_CrossSellReRank_Vegavero (Marketplace Seller)_VEGAVERO Hyaluronsaeure;643052336;3.5.2026;cpc;0,31;;5;0;0;0;0;0;0;upmKMAH3F;4260557420539;0
at_CrossSellReRank_Vegavero (Marketplace Seller)_VEGAVERO Astragalus BIO;658280053;3.5.2026;cpc;0,31;;4;0;0;0;0;0;0;upmCGKMCH;4260557421222;0
it_MarketplaceBooster_Vegavero (Marketplace Seller)_VEGAVERO Nattokinase;649159872;3.5.2026;cpc;0,51;;4;1;25;0;0,51;0;0;upm2ZL4CL;4260557423264;0,51
SOLD_OUT_com_CrossSellReRank_Vegavero (Marketplace Seller)_VEGAVERO Vegan Collagen+Hyaluronic Acid;658347591;3.5.2026;cpc;1,21;;8;0;0;0;0;0;0;upmK3CG99;4260557422656;0
com_MarketplaceBooster_Vegavero (Marketplace Seller)_VEGAVERO Shilajit Mumijo;619715133;3.5.2026;cpc;0,51;;4;1;25;0;0,51;0;0;upmR33A3P;4260557421406;0,51
com_CrossSellReRank_Vegavero (Marketplace Seller)_VEGAVERO Tribulus terrestris Extrakt;643082758;3.5.2026;cpc;0,31;;3;0;0;0;0;0;0;14251088;4260309481313;0
com_CrossSellReRank_Vegavero (Marketplace Seller)_VEGAVERO Glucosamin Plus;658347224;3.5.2026;cpc;0,31;;5;0;0;0;0;0;0;upmKWW3MD;4260557423349;0
at_CrossSellReRank_Vegavero (Marketplace Seller)_VEGAVERO Vitamin K2;658295904;3.5.2026;cpc;0,31;;3;0;0;0;0;0;0;upmFYFHAU;4260557423424;0
com_CrossSellReRank_Vegavero (Marketplace Seller)_VEGAVERO BCAA Pulver Mango;658445062;3.5.2026;cpc;0,31;;3;0;0;0;0;0;0;upmWWWMYX;4260557423523;0
at_MarketplaceBooster_Vegavero (Marketplace Seller)_VEGAVERO Quercetin Komplex;658445034;3.5.2026;cpc;1,01;;3;1;33,333333;0;1,01;0;0;upmF2AFXC;4260557423509;1,01
it_CrossSellReRank_Vegavero (Marketplace Seller)_VEGAVERO Keto Power;658295963;3.5.2026;cpc;0,31;;3;0;0;0;0;0;0;upmP77L3M;4260557423288;0
com_CrossSellReRank_Vegavero (Marketplace Seller)_VEGAVERO Wild Yams + Zink;643234437;3.5.2026;cpc;0,31;;7;0;0;0;0;0;0;14251183;4260309481672;0
com_CrossSellReRank_Vegavero (Marketplace Seller)_VEGAVERO Griffonia;658283048;3.5.2026;cpc;1,41;;3;0;0;0;0;0;0;upmG7RZLC;4260557423318;0
com_MarketplaceBooster_Vegavero (Marketplace Seller)_VEGAVERO Chlorella BIO + Spirulina BIO;619667808;3.5.2026;cpc;1,01;;3;0;0;0;0;0;0;14250597;4260309484185;0
SOLD_OUT_com_CrossSellReRank_Vegavero (Marketplace Seller)_VEGAVERO Guggul;652847887;3.5.2026;cpc;0,31;;5;0;0;0;0;0;0;upmT99EZK;4260557421123;0
com_CrossSellReRank_Vegavero (Marketplace Seller)_VEGAVERO Psyllium BIO;658295762;3.5.2026;cpc;0,31;;5;0;0;0;0;0;0;upmERYMM3;4260557423295;0
it_MarketplaceBooster_Vegavero (Marketplace Seller)_VEGAVERO Papaya BIO;641643600;3.5.2026;cpc;0,51;;3;0;0;0;0;0;0;upm9HWLUD;4260557421055;0
at_CrossSellReRank_Vegavero (Marketplace Seller)_VEGAVERO Nattokinase;658282838;3.5.2026;cpc;0,31;;4;0;0;0;0;0;0;upm2ZL4CL;4260557423264;0
at_MarketplaceBooster_Vegavero (Marketplace Seller)_VEGAVERO Maitake BIO;658295833;3.5.2026;cpc;0,51;;3;0;0;0;0;0;0;upmW4TZYD;4260557420874;0
com_CrossSellReRank_Vegavero (Marketplace Seller)_VEGAVERO Leinsamen?l BIO;643093628;3.5.2026;cpc;0,31;;3;0;0;0;0;0;0;upmKU4FAU;4260557422038;0
it_CrossSellReRank_Vegavero (Marketplace Seller)_VEGAVERO Boswellia;649114866;3.5.2026;cpc;0,31;;4;0;0;0;0;0;0;upmEH2K74;4260557422588;0
com_CrossSellReRank_Vegavero (Marketplace Seller)_VEGAVERO Vitamin K2;658347334;3.5.2026;cpc;0,31;;6;0;0;0;0;0;0;upmFYFHAU;4260557423424;0
at_MarketplaceBooster_Vegavero (Marketplace Seller)_VEGAVERO Koffein;626443345;3.5.2026;cpc;0,51;;3;0;0;0;0;0;0;upm4XZRWY;4260557423127;0
it_CrossSellReRank_Vegavero (Marketplace Seller)_VEGAVERO Vitamina B12 Spray Junior;649103717;3.5.2026;cpc;0,31;;4;0;0;0;0;0;0;upm3RXHUC;4260557422229;0
at_CrossSellReRank_Vegavero (Marketplace Seller)_VEGAVERO Leinsamen?l BIO;658280093;3.5.2026;cpc;0,31;;3;0;0;0;0;0;0;upmKU4FAU;4260557422038;0
com_MarketplaceBooster_Vegavero (Marketplace Seller)_VEGAVERO Triphala BIO;619677150;3.5.2026;cpc;0,51;;3;1;33,333333;0;0,51;0;0;upmGL239Y;4260557420812;0,51
at_MarketplaceBooster_Vegavero (Marketplace Seller)_VEGAVERO Brennnessel BIO;625775256;3.5.2026;cpc;0,51;;3;0;0;0;0;0;0;upm9RX43T;4260557421031;0
at_MarketplaceBooster_Vegavero (Marketplace Seller)_VEGAVERO Bockshornklee BIO;626442445;3.5.2026;cpc;0,51;;3;0;0;0;0;0;0;upm7AL3PG;4260557422977;0
com_CrossSellReRank_Vegavero (Marketplace Seller)_VEGAVERO Prostaid Complex;658727269;3.5.2026;cpc;1,31;;6;1;33,333333;0;1,31;0;0;upmCEE43U;4260557420515;1,31
com_CrossSellReRank_Vegavero (Marketplace Seller)_VEGAVERO Hyaluronsaeure;643078405;3.5.2026;cpc;0,31;;3;0;0;0;0;0;0;upmPMLEP9;4260557423103;0
it_CrossSellReRank_Vegavero (Marketplace Seller)_VEGAVERO Bacopa BIO;649096403;3.5.2026;cpc;0,31;;3;0;0;0;0;0;0;upmHFPDDK;4260557421956;0
com_MarketplaceBooster_Vegavero (Marketplace Seller)_VEGAVERO Apple Cider Vinegar Gummies;620564989;3.5.2026;cpc;0,51;;3;0;0;0;0;0;0;upmF2EYPK;4260557423172;0
it_MarketplaceBooster_Vegavero (Marketplace Seller)_VEGAVERO MSM;620565773;3.5.2026;cpc;1,01;;3;0;0;0;0;0;0;upmWCKTTE;4260309481214;0
it_MarketplaceBooster_Vegavero (Marketplace Seller)_VEGAVERO Zenzero BIO;658353196;3.5.2026;cpc;0,51;;3;1;33,333333;0;0,51;0;0;upmPX4TPU;4260557420386;0,51
it_MarketplaceBooster_Vegavero (Marketplace Seller)_VEGAVERO Cannella Ceylon BIO;641627330;3.5.2026;cpc;0,51;;3;0;0;0;0;0;0;upmW9KKTG;4260557422618;0
SOLD_OUT_com_CrossSellReRank_Vegavero (Marketplace Seller)_VEGAVERO Taurin Plus;643136001;3.5.2026;cpc;0,31;;5;0;0;0;0;0;0;upmXXW9XA;4260557423059;0
at_CrossSellReRank_Vegavero (Marketplace Seller)_VEGAVERO Party Hero;658283021;3.5.2026;cpc;0,31;;3;0;0;0;0;0;0;upmFACEA7;4260557423356;0
com_MarketplaceBooster_Vegavero (Marketplace Seller)_VEGAVERO Reishi Extrakt;619660758;3.5.2026;cpc;0,51;;3;0;0;0;0;0;0;14251013;4260309481665;0
at_CrossSellReRank_Vegavero (Marketplace Seller)_VEGAVERO Cholin Bitartrat;658283014;3.5.2026;cpc;0,31;;3;0;0;0;0;0;0;upmU9FP9M;4260557423325;0
com_CrossSellReRank_Vegavero (Marketplace Seller)_VEGAVERO Magnesium + Kalium;643084952;3.5.2026;cpc;0,31;;5;0;0;0;0;0;0;upm32MART;4260557420287;0
com_CrossSellReRank_Vegavero (Marketplace Seller)_VEGAVERO Chia ?l BIO;643127528;3.5.2026;cpc;0,31;;4;0;0;0;0;0;0;upmK7YWLD;4260557422649;0
at_CrossSellReRank_Vegavero (Marketplace Seller)_VEGAVERO Pro Bio Kulturenkomplex;643057502;3.5.2026;cpc;0,31;;2;0;0;0;0;0;0;14250976;4260557420034;0
at_MarketplaceBooster_Vegavero (Marketplace Seller)_VEGAVERO Moringa BIO;620604770;3.5.2026;cpc;1,41;;3;0;0;0;0;0;0;14250893;4260309481115;0
com_CrossSellReRank_Vegavero (Marketplace Seller)_VEGAVERO Omega-3 ?l;643091125;3.5.2026;cpc;1,31;;5;0;0;0;0;0;0;upm9KDWAZ;4260557421383;0
com_CrossSellReRank_Vegavero (Marketplace Seller)_VEGAVERO Vitamin D3 und K2 ?l;652854756;3.5.2026;cpc;1,11;;2;0;0;0;0;0;0;upm7FHKKZ;4260557421437;0
com_CrossSellReRank_Vegavero (Marketplace Seller)_VEGAVERO Hyaluronsaeure;643078378;3.5.2026;cpc;0,31;;3;0;0;0;0;0;0;upmKMAH3F;4260557420539;0
com_MarketplaceBooster_Vegavero (Marketplace Seller)_VEGAVERO Brahmi BIO;619717869;3.5.2026;cpc;0,51;;2;1;50;0;0,51;0;0;upmHFPDDK;4260557421956;0,51
at_MarketplaceBooster_Vegavero (Marketplace Seller)_VEGAVERO Brahmi BIO;625785188;3.5.2026;cpc;0,51;;2;2;100;0;1,02;0;0;upmHFPDDK;4260557421956;0,51
com_MarketplaceBooster_Vegavero (Marketplace Seller)_VEGAVERO BCAA Pulver Mango;658445052;3.5.2026;cpc;2,01;;3;0;0;0;0;0;0;upmWWWMYX;4260557423523;0
com_CrossSellReRank_Vegavero (Marketplace Seller)_VEGAVERO L-Glutamin Pulver;643141362;3.5.2026;cpc;0,31;;4;0;0;0;0;0;0;upmUPTFMH;4260557423233;0
at_CrossSellReRank_Vegavero (Marketplace Seller)_VEGAVERO Ingwer BIO;658280001;3.5.2026;cpc;0,31;;2;0;0;0;0;0;0;upmPX4TPU;4260557420386;0
at_CrossSellReRank_Vegavero (Marketplace Seller)_VEGAVERO Brahmi BIO;658280083;3.5.2026;cpc;0,31;;3;0;0;0;0;0;0;upmHFPDDK;4260557421956;0
com_MarketplaceBooster_Vegavero (Marketplace Seller)_VEGAVERO Maitake BIO;629496632;3.5.2026;cpc;0,51;;2;1;50;0;0,51;0;0;upmW4TZYD;4260557420874;0,51
it_CrossSellReRank_Vegavero (Marketplace Seller)_VEGAVERO Beta-Alanina in Polvere;658296317;3.5.2026;cpc;0,61;;3;0;0;0;0;0;0;upmFKHFRA;4260557423431;0
it_CrossSellReRank_Vegavero (Marketplace Seller)_VEGAVERO Olio di semi di Lino BIO;649102015;3.5.2026;cpc;0,31;;5;0;0;0;0;0;0;upmKU4FAU;4260557422038;0
SOLD_OUT_com_CrossSellReRank_Vegavero (Marketplace Seller)_VEGAVERO Vitamin B12 Tropfen;643132496;3.5.2026;cpc;0,31;;2;0;0;0;0;0;0;upmYRCT9P;4260557422908;0
it_CrossSellReRank_Vegavero (Marketplace Seller)_VEGAVERO EAA in Polvere;658381331;3.5.2026;cpc;0,61;;2;0;0;0;0;0;0;upmP94YR7;4260557423530;0
at_MarketplaceBooster_Vegavero (Marketplace Seller)_VEGAVERO Tribulus terrestris Extrakt;658279972;3.5.2026;cpc;0,51;;2;0;0;0;0;0;0;14251088;4260309481313;0
at_MarketplaceBooster_Vegavero (Marketplace Seller)_VEGAVERO Cordyceps sinensis BIO;620609037;3.5.2026;cpc;0,51;;2;0;0;0;0;0;0;upmTG77MW;4260557422991;0
SOLD_OUT_com_CrossSellReRank_Vegavero (Marketplace Seller)_VEGAVERO Pro Bio Kids BIO;643084950;3.5.2026;cpc;0,31;;2;0;0;0;0;0;0;14250953;4260557420249;0
SOLD_OUT_com_CrossSellReRank_Vegavero (Marketplace Seller)_VEGAVERO MSM 670mg;643078424;3.5.2026;cpc;0,61;;2;0;0;0;0;0;0;14250924;4260309484130;0
at_CrossSellReRank_Vegavero (Marketplace Seller)_VEGAVERO Bromelain 2500 GDU/g;658280042;3.5.2026;cpc;0,31;;3;0;0;0;0;0;0;upm43HM34;4260557421130;0
it_CrossSellReRank_Vegavero (Marketplace Seller)_VEGAVERO Enotera;658296335;3.5.2026;cpc;0,61;;3;0;0;0;0;0;0;upm7DM474;4260557423448;0
it_MarketplaceBooster_Vegavero (Marketplace Seller)_VEGAVERO Acido Ialuronico;626451010;3.5.2026;cpc;0,51;;2;0;0;0;0;0;0;upmPMLEP9;4260557423103;0
SOLD_OUT_it_CrossSellReRank_Vegavero (Marketplace Seller)_VEGAVERO MSM;658296382;3.5.2026;cpc;0,61;;3;0;0;0;0;0;0;14250924;4260309484130;0
at_CrossSellReRank_Vegavero (Marketplace Seller)_VEGAVERO Glucomannan BIO;658347640;3.5.2026;cpc;0,31;;2;0;0;0;0;0;0;upmLXEUT7;4260557423240;0
at_MarketplaceBooster_Vegavero (Marketplace Seller)_VEGAVERO Cholin Trio;658280067;3.5.2026;cpc;1,01;;2;0;0;0;0;0;0;upm97PFY9;4260557421826;0
it_MarketplaceBooster_Vegavero (Marketplace Seller)_VEGAVERO Chrom Plus;641642728;3.5.2026;cpc;0,51;;2;0;0;0;0;0;0;upmL7ZDD2;4260557422946;0
com_CrossSellReRank_Vegavero (Marketplace Seller)_VEGAVERO Reishi Extrakt;643082721;3.5.2026;cpc;0,31;;2;0;0;0;0;0;0;14251013;4260309481665;0
at_MarketplaceBooster_Vegavero (Marketplace Seller)_VEGAVERO Chaga BIO;625789278;3.5.2026;cpc;0,51;;2;1;50;0;0,51;0;0;upmPYECDL;4260557422298;0,51
com_CrossSellReRank_Vegavero (Marketplace Seller)_VEGAVERO Vitamin B3 (Nicotinamid);643089676;3.5.2026;cpc;0,51;;7;0;0;0;0;0;0;upmUEXHE2;4260557420850;0
com_CrossSellReRank_Vegavero (Marketplace Seller)_VEGAVERO Apple Cider Vinegar Gummies;643140412;3.5.2026;cpc;0,31;;2;0;0;0;0;0;0;upmF2EYPK;4260557423172;0
it_CrossSellReRank_Vegavero (Marketplace Seller)_VEGAVERO Papaya BIO;649077206;3.5.2026;cpc;0,31;;2;0;0;0;0;0;0;upm9HWLUD;4260557421055;0
it_CrossSellReRank_Vegavero (Marketplace Seller)_VEGAVERO Echinacea Plus;649151902;3.5.2026;cpc;0,31;;7;0;0;0;0;0;0;upmPHKX9F;4260557423141;0
com_CrossSellReRank_Vegavero (Marketplace Seller)_VEGAVERO Triphala BIO;643089502;3.5.2026;cpc;0,31;;3;0;0;0;0;0;0;upmGL239Y;4260557420812;0
com_CrossSellReRank_Vegavero (Marketplace Seller)_VEGAVERO Cordyceps sinensis BIO;658295815;3.5.2026;cpc;0,31;;5;0;0;0;0;0;0;upmTG77MW;4260557422991;0
at_CrossSellReRank_Vegavero (Marketplace Seller)_VEGAVERO Vitamin B12 Spray Cherry;643057333;3.5.2026;cpc;0,31;;3;0;0;0;0;0;0;14251102;4260557420027;0
at_CrossSellReRank_Vegavero (Marketplace Seller)_VEGAVERO Myo-Inositol Complex;658280066;3.5.2026;cpc;1,21;;3;1;50;0;1,21;0;0;upm7PGM77;4260557421765;1,21
com_MarketplaceBooster_Vegavero (Marketplace Seller)_VEGAVERO Cordyceps sinensis BIO;620541534;3.5.2026;cpc;0,51;;2;0;0;0;0;0;0;upmTG77MW;4260557422991;0
it_MarketplaceBooster_Vegavero (Marketplace Seller)_VEGAVERO Acido Ialuronico;626451040;3.5.2026;cpc;0,51;;2;0;0;0;0;0;0;upmKMAH3F;4260557420539;0
at_CrossSellReRank_Vegavero (Marketplace Seller)_VEGAVERO Keto Power;658282947;3.5.2026;cpc;0,31;;1;0;0;0;0;0;0;upmP77L3M;4260557423288;0
com_MarketplaceBooster_Vegavero (Marketplace Seller)_VEGAVERO Chaga BIO;629497666;3.5.2026;cpc;0,51;;1;0;0;0;0;0;0;upmPYECDL;4260557422298;0
com_CrossSellReRank_Vegavero (Marketplace Seller)_VEGAVERO Brennnessel BIO;643089721;3.5.2026;cpc;0,31;;1;0;0;0;0;0;0;upm9RX43T;4260557421031;0
it_CrossSellReRank_Vegavero (Marketplace Seller)_VEGAVERO Artemisia Vulgaris;649102429;3.5.2026;cpc;0,31;;1;0;0;0;0;0;0;upmWMGCRY;4260557422090;0
com_CrossSellReRank_Vegavero (Marketplace Seller)_VEGAVERO Vegan Essentials Complex;643092356;3.5.2026;cpc;0,31;;1;0;0;0;0;0;0;upmHHT433;4260557421390;0
com_CrossSellReRank_Vegavero (Marketplace Seller)_VEGAVERO Chaga BIO;643093999;3.5.2026;cpc;0,31;;2;0;0;0;0;0;0;upmPYECDL;4260557422298;0
at_CrossSellReRank_Vegavero (Marketplace Seller)_VEGAVERO Taurin Pulver;658283035;3.5.2026;cpc;0,31;;1;0;0;0;0;0;0;upmHULHZD;4260557423370;0
at_MarketplaceBooster_Vegavero (Marketplace Seller)_VEGAVERO Reishi Extrakt;625763780;3.5.2026;cpc;0,51;;1;0;0;0;0;0;0;14251013;4260309481665;0
com_CrossSellReRank_Vegavero (Marketplace Seller)_VEGAVERO Ingwer BIO;643085613;3.5.2026;cpc;0,31;;1;0;0;0;0;0;0;upmPX4TPU;4260557420386;0
it_CrossSellReRank_Vegavero (Marketplace Seller)_VEGAVERO Nattokinase;649160527;3.5.2026;cpc;0,31;;2;0;0;0;0;0;0;upm2ZL4CL;4260557423264;0
it_MarketplaceBooster_Vegavero (Marketplace Seller)_VEGAVERO Triphala BIO;620567265;3.5.2026;cpc;0,51;;1;0;0;0;0;0;0;upmGL239Y;4260557420812;0
com_CrossSellReRank_Vegavero (Marketplace Seller)_VEGAVERO Nattokinase;643231278;3.5.2026;cpc;0,31;;1;0;0;0;0;0;0;upm2ZL4CL;4260557423264;0
com_CrossSellReRank_Vegavero (Marketplace Seller)_VEGAVERO Maitake BIO;643089677;3.5.2026;cpc;0,31;;1;0;0;0;0;0;0;upmW4TZYD;4260557420874;0
it_CrossSellReRank_Vegavero (Marketplace Seller)_VEGAVERO Chaga BIO;649104196;3.5.2026;cpc;0,31;;2;0;0;0;0;0;0;upmPYECDL;4260557422298;0
com_CrossSellReRank_Vegavero (Marketplace Seller)_VEGAVERO D-Mannose Complex;643077907;3.5.2026;cpc;0,31;;1;0;0;0;0;0;0;14250640;4260309482747;0
at_CrossSellReRank_Vegavero (Marketplace Seller)_VEGAVERO Quercetin Komplex;658445035;3.5.2026;cpc;0,61;;1;0;0;0;0;0;0;upmF2AFXC;4260557423509;0
com_MarketplaceBooster_Vegavero (Marketplace Seller)_VEGAVERO Cordyceps Extrakt;658347556;3.5.2026;cpc;1,01;;1;0;0;0;0;0;0;14250611;4260309483218;0
com_CrossSellReRank_Vegavero (Marketplace Seller)_VEGAVERO Zimt-Ceylon Extrakt;643084475;3.5.2026;cpc;0,31;;2;1;100;0;0,31;0;0;14251208;4260557420164;0,31
at_CrossSellReRank_Vegavero (Marketplace Seller)_VEGAVERO Psyllium BIO;658282986;3.5.2026;cpc;0,31;;1;0;0;0;0;0;0;upmERYMM3;4260557423295;0
com_CrossSellReRank_Vegavero (Marketplace Seller)_VEGAVERO Curcuma BIO;643130748;3.5.2026;cpc;0,31;;2;0;0;0;0;0;0;upm27X4XW;4260557422878;0
com_MarketplaceBooster_Vegavero (Marketplace Seller)_VEGAVERO EAA;619674321;3.5.2026;cpc;0,51;;1;0;0;0;0;0;0;upmGMXXY9;4260557420744;0
at_CrossSellReRank_Vegavero (Marketplace Seller)_VEGAVERO Nachtkerzen ?l;658283039;3.5.2026;cpc;0,61;;1;0;0;0;0;0;0;upm7DM474;4260557423448;0
com_CrossSellReRank_Vegavero (Marketplace Seller)_VEGAVERO Pro Bio Kulturenkomplex;643080114;3.5.2026;cpc;0,31;;2;0;0;0;0;0;0;14250976;4260557420034;0
com_CrossSellReRank_Vegavero (Marketplace Seller)_VEGAVERO Salbei BIO;643089690;3.5.2026;cpc;0,31;;2;0;0;0;0;0;0;upmMMLDZE;4260557420966;0
it_CrossSellReRank_Vegavero (Marketplace Seller)_VEGAVERO MSM;658296418;3.5.2026;cpc;0,61;;1;0;0;0;0;0;0;upmWCKTTE;4260309481214;0
com_CrossSellReRank_Vegavero (Marketplace Seller)_VEGAVERO Colon Care Complex;643084949;3.5.2026;cpc;0,31;;1;0;0;0;0;0;0;14250605;4260557420201;0
it_MarketplaceBooster_Vegavero (Marketplace Seller)_VEGAVERO Maitake BIO;620567773;3.5.2026;cpc;0,51;;1;0;0;0;0;0;0;upmW4TZYD;4260557420874;0
it_MarketplaceBooster_Vegavero (Marketplace Seller)_VEGAVERO Glicina in Polvere;658334361;3.5.2026;cpc;1,01;;1;1;100;0;1,01;0;0;upmR9H4DE;4260557422595;1,01
SOLD_OUT_at_CrossSellReRank_Vegavero (Marketplace Seller)_VEGAVERO Guggul;658280041;3.5.2026;cpc;0,31;;1;0;0;0;0;0;0;upmT99EZK;4260557421123;0
com_CrossSellReRank_Vegavero (Marketplace Seller)_VEGAVERO Astaxanthin ?l;643093279;3.5.2026;cpc;0,31;;2;0;0;0;0;0;0;upmYPTY2W;4260557421925;0
at_CrossSellReRank_Vegavero (Marketplace Seller)_VEGAVERO Youth Biotics;658445047;3.5.2026;cpc;0,31;;1;0;0;0;0;0;0;upmW7Y7DL;4260557423462;0
com_CrossSellReRank_Vegavero (Marketplace Seller)_VEGAVERO Chrom Plus;643134349;3.5.2026;cpc;0,31;;1;0;0;0;0;0;0;upmL7ZDD2;4260557422946;0
com_MarketplaceBooster_Vegavero (Marketplace Seller)_VEGAVERO Shiitake Extrakt;619721567;3.5.2026;cpc;0,51;;1;0;0;0;0;0;0;upmZ7P4AX;4260557421970;0
com_CrossSellReRank_Vegavero (Marketplace Seller)_VEGAVERO EAA Pulver Pfirsich;658445056;3.5.2026;cpc;0,31;;3;0;0;0;0;0;0;upmP94YR7;4260557423530;0
com_CrossSellReRank_Vegavero (Marketplace Seller)_VEGAVERO Cordyceps Extrakt;658347557;3.5.2026;cpc;0,31;;3;0;0;0;0;0;0;14250611;4260309483218;0
at_CrossSellReRank_Vegavero (Marketplace Seller)_VEGAVERO Griffonia;658283010;3.5.2026;cpc;1,51;;1;0;0;0;0;0;0;upmG7RZLC;4260557423318;0
at_MarketplaceBooster_Vegavero (Marketplace Seller)_VEGAVERO Apple Cider Vinegar Gummies;626443801;3.5.2026;cpc;0,51;;1;0;0;0;0;0;0;upmF2EYPK;4260557423172;0
it_CrossSellReRank_Vegavero (Marketplace Seller)_VEGAVERO Party Hero;658331705;3.5.2026;cpc;0,31;;3;0;0;0;0;0;0;upmFACEA7;4260557423356;0
com_CrossSellReRank_Vegavero (Marketplace Seller)_VEGAVERO Beta-Alanin Pulver;658295770;3.5.2026;cpc;0,31;;3;0;0;0;0;0;0;upmFKHFRA;4260557423431;0
it_CrossSellReRank_Vegavero (Marketplace Seller)_VEGAVERO Igname Selvatico +  Zinco;658353188;3.5.2026;cpc;0,31;;2;0;0;0;0;0;0;14251183;4260309481672;0
it_CrossSellReRank_Vegavero (Marketplace Seller)_VEGAVERO Acido Ialuronico;649164412;3.5.2026;cpc;0,31;;2;0;0;0;0;0;0;upmKMAH3F;4260557420539;0
at_CrossSellReRank_Vegavero (Marketplace Seller)_VEGAVERO Tribulus terrestris Extrakt;658279971;3.5.2026;cpc;0,31;;2;0;0;0;0;0;0;14251088;4260309481313;0
at_CrossSellReRank_Vegavero (Marketplace Seller)_VEGAVERO Cordyceps sinensis BIO;658282808;3.5.2026;cpc;0,31;;1;0;0;0;0;0;0;upmTG77MW;4260557422991;0
at_CrossSellReRank_Vegavero (Marketplace Seller)_VEGAVERO EAA;658280007;3.5.2026;cpc;0,31;;0;0;0;0;0;0;0;upmGMXXY9;4260557420744;0
com_MarketplaceBooster_Vegavero (Marketplace Seller)_VEGAVERO Vitamin K2;658347316;3.5.2026;cpc;1,01;;0;0;0;0;0;0;0;upmFYFHAU;4260557423424;0
com_CrossSellReRank_Vegavero (Marketplace Seller)_VEGAVERO Shiitake Extrakt;643093288;3.5.2026;cpc;0,31;;1;0;0;0;0;0;0;upmZ7P4AX;4260557421970;0
com_CrossSellReRank_Vegavero (Marketplace Seller)_VEGAVERO Glycin Pulver;658295818;3.5.2026;cpc;0,31;;3;0;0;0;0;0;0;upmR9H4DE;4260557422595;0
at_MarketplaceBooster_Vegavero (Marketplace Seller)_VEGAVERO Cholin Bitartrat;658283012;3.5.2026;cpc;0,51;;0;0;0;0;0;0;0;upmU9FP9M;4260557423325;0
it_MarketplaceBooster_Vegavero (Marketplace Seller)_VEGAVERO Lievito di Birra;658296220;3.5.2026;cpc;0,51;;0;0;0;0;0;0;0;upmKUKGHH;4260557423332;0
it_CrossSellReRank_Vegavero (Marketplace Seller)_VEGAVERO Iodio naturale BIO;658445106;3.5.2026;cpc;0,31;;1;0;0;0;0;0;0;14250769;4260557420256;0
it_MarketplaceBooster_Vegavero (Marketplace Seller)_VEGAVERO Griffonia;658296090;3.5.2026;cpc;0,51;;0;0;0;0;0;0;0;upmG7RZLC;4260557423318;0
at_MarketplaceBooster_Vegavero (Marketplace Seller)_VEGAVERO Psyllium BIO;658282984;3.5.2026;cpc;0,51;;0;0;0;0;0;0;0;upmERYMM3;4260557423295;0
com_MarketplaceBooster_Vegavero (Marketplace Seller)_VEGAVERO Nachtkerzen ?l;658291478;3.5.2026;cpc;1,01;;0;0;0;0;0;0;0;upm7DM474;4260557423448;0
at_MarketplaceBooster_Vegavero (Marketplace Seller)_VEGAVERO Party Hero;658283016;3.5.2026;cpc;0,51;;0;0;0;0;0;0;0;upmFACEA7;4260557423356;0
it_MarketplaceBooster_Vegavero (Marketplace Seller)_VEGAVERO Taurina;658296229;3.5.2026;cpc;0,51;;0;0;0;0;0;0;0;upmHULHZD;4260557423370;0
com_MarketplaceBooster_Vegavero (Marketplace Seller)_VEGAVERO Brennnessel BIO;619682703;3.5.2026;cpc;0,51;;0;0;0;0;0;0;0;upm9RX43T;4260557421031;0
it_MarketplaceBooster_Vegavero (Marketplace Seller)_VEGAVERO Beta-Alanina in Polvere;658296313;3.5.2026;cpc;1,01;;0;0;0;0;0;0;0;upmFKHFRA;4260557423431;0
com_CrossSellReRank_Vegavero (Marketplace Seller)_VEGAVERO Strong Bones;658283045;3.5.2026;cpc;0,31;;1;0;0;0;0;0;0;upmAP9MLM;4260557423301;0
com_MarketplaceBooster_Vegavero (Marketplace Seller)_VEGAVERO Glucosamin Plus;658347207;3.5.2026;cpc;1,01;;0;0;0;0;0;0;0;upmKWW3MD;4260557423349;0
at_MarketplaceBooster_Vegavero (Marketplace Seller)_VEGAVERO Keto Power;658282839;3.5.2026;cpc;0,51;;0;0;0;0;0;0;0;upmP77L3M;4260557423288;0
it_CrossSellReRank_Vegavero (Marketplace Seller)_VEGAVERO Lievito di Birra;658296221;3.5.2026;cpc;0,31;;1;0;0;0;0;0;0;upmKUKGHH;4260557423332;0
it_MarketplaceBooster_Vegavero (Marketplace Seller)_VEGAVERO Strong Bones;658296086;3.5.2026;cpc;0,51;;0;0;0;0;0;0;0;upmAP9MLM;4260557423301;0
it_MarketplaceBooster_Vegavero (Marketplace Seller)_VEGAVERO Glicina in Polvere;658296346;3.5.2026;cpc;1,01;;0;0;0;0;0;0;0;upmTGWG29;4260557423479;0
at_MarketplaceBooster_Vegavero (Marketplace Seller)_VEGAVERO Glycin Pulver;658280143;3.5.2026;cpc;1,01;;0;0;0;0;0;0;0;upmTGWG29;4260557423479;0
at_CrossSellReRank_Vegavero (Marketplace Seller)_VEGAVERO Ackerschachtelhalm BIO;658347604;3.5.2026;cpc;0,31;;1;0;0;0;0;0;0;upmDKAWH3;4260557421307;0
com_CrossSellReRank_Vegavero (Marketplace Seller)_VEGAVERO Liver Active Complex;643084947;3.5.2026;cpc;0,31;;0;0;0;0;0;0;0;14250812;4260557420188;0
at_MarketplaceBooster_Vegavero (Marketplace Seller)_VEGAVERO Strong Bones;658283003;3.5.2026;cpc;0,51;;0;0;0;0;0;0;0;upmAP9MLM;4260557423301;0
at_MarketplaceBooster_Vegavero (Marketplace Seller)_VEGAVERO Griffonia;658283007;3.5.2026;cpc;1,61;;0;0;0;0;0;0;0;upmG7RZLC;4260557423318;0
it_MarketplaceBooster_Vegavero (Marketplace Seller)_VEGAVERO Vitamina K2;658296232;3.5.2026;cpc;0,51;;0;0;0;0;0;0;0;upmFYFHAU;4260557423424;0
it_MarketplaceBooster_Vegavero (Marketplace Seller)_VEGAVERO Enotera;658296331;3.5.2026;cpc;1,01;;0;0;0;0;0;0;0;upm7DM474;4260557423448;0
it_MarketplaceBooster_Vegavero (Marketplace Seller)_VEGAVERO Party Hero;658331695;3.5.2026;cpc;0,51;;0;0;0;0;0;0;0;upmFACEA7;4260557423356;0
at_MarketplaceBooster_Vegavero (Marketplace Seller)_VEGAVERO Taurin Pulver;658283030;3.5.2026;cpc;0,51;;0;0;0;0;0;0;0;upmHULHZD;4260557423370;0
it_MarketplaceBooster_Vegavero (Marketplace Seller)_VEGAVERO Colina Bitartrato;658296180;3.5.2026;cpc;0,51;;0;0;0;0;0;0;0;upmU9FP9M;4260557423325;0
com_MarketplaceBooster_Vegavero (Marketplace Seller)_VEGAVERO Strong Bones;658283044;3.5.2026;cpc;0,51;;0;0;0;0;0;0;0;upmAP9MLM;4260557423301;0
at_MarketplaceBooster_Vegavero (Marketplace Seller)_VEGAVERO Beta-Alanin Pulver;658283036;3.5.2026;cpc;1,01;;0;0;0;0;0;0;0;upmFKHFRA;4260557423431;0
com_CrossSellReRank_Vegavero (Marketplace Seller)_VEGAVERO OPC Trio;643136197;3.5.2026;cpc;0,31;;0;0;0;0;0;0;0;upmWFGGMG;4260557423097;0
at_MarketplaceBooster_Vegavero (Marketplace Seller)_VEGAVERO Brewers Yeast;658347642;3.5.2026;cpc;0,51;;0;0;0;0;0;0;0;upmKUKGHH;4260557423332;0
SOLD_OUT_com_MarketplaceBooster_Vegavero (Marketplace Seller)_VEGAVERO Guggul;652847799;3.5.2026;cpc;0,51;;0;0;0;0;0;0;0;upmT99EZK;4260557421123;0
it_CrossSellReRank_Vegavero (Marketplace Seller)_VEGAVERO Vitamina D3 + K2;649091298;3.5.2026;cpc;1,11;;0;0;0;0;0;0;0;upm7FHKKZ;4260557421437;0
it_MarketplaceBooster_Vegavero (Marketplace Seller)_VEGAVERO Creatina in Polvere;658331593;3.5.2026;cpc;0,51;;0;0;0;0;0;0;0;upmFRZEFX;4260557423226;0
it_MarketplaceBooster_Vegavero (Marketplace Seller)_VEGAVERO Lecitina BIO;626459035;3.5.2026;cpc;0,51;;0;0;0;0;0;0;0;upm2HFKPC;4260557422021;0
at_MarketplaceBooster_Vegavero (Marketplace Seller)_VEGAVERO Glucosamin Plus;658295895;3.5.2026;cpc;0,51;;0;0;0;0;0;0;0;upmKWW3MD;4260557423349;0
at_CrossSellReRank_Vegavero (Marketplace Seller)_VEGAVERO BCAA Pulver Mango;658445038;3.5.2026;cpc;0,61;;1;0;0;0;0;0;0;upmWWWMYX;4260557423523;0
com_CrossSellReRank_Vegavero (Marketplace Seller)_VEGAVERO D-Mannose Pulver;643235044;3.5.2026;cpc;0,31;;0;0;0;0;0;0;0;14250686;4260309481603;0
at_MarketplaceBooster_Vegavero (Marketplace Seller)_VEGAVERO Vitamin K2;658295902;3.5.2026;cpc;0,51;;0;0;0;0;0;0;0;upmFYFHAU;4260557423424;0
it_CrossSellReRank_Vegavero (Marketplace Seller)_VEGAVERO Taurina;658296231;3.5.2026;cpc;0,31;;2;0;0;0;0;0;0;upmHULHZD;4260557423370;0
it_MarketplaceBooster_Vegavero (Marketplace Seller)_VEGAVERO Keto Power;658295962;3.5.2026;cpc;0,51;;0;0;0;0;0;0;0;upmP77L3M;4260557423288;0
at_MarketplaceBooster_Vegavero (Marketplace Seller)_VEGAVERO Nachtkerzen ?l;658283038;3.5.2026;cpc;1,01;;0;0;0;0;0;0;0;upm7DM474;4260557423448;0
it_CrossSellReRank_Vegavero (Marketplace Seller)_VEGAVERO Mushroom Mix Complex;649102044;4.5.2026;cpc;0,31;;353;0;0;0;0;0;0;upm4XDXPR;4260557422045;0
it_MarketplaceBooster_Vegavero (Marketplace Seller)_VEGAVERO Omega 3;626451248;4.5.2026;cpc;0,81;;302;7;2,317881;0;5,67;0;0;upm9KDWAZ;4260557421383;0,81
it_CrossSellReRank_Vegavero (Marketplace Seller)_VEGAVERO Ashwagandha BIO;649076814;4.5.2026;cpc;0,31;;281;0;0;0;0;0;0;upmUPLLZH;4260557420676;0
it_CrossSellReRank_Vegavero (Marketplace Seller)_VEGAVERO Omega 3;658752940;4.5.2026;cpc;0,81;;244;1;0,438596;0;0,81;0;0;upm9KDWAZ;4260557421383;0,81
it_MarketplaceBooster_Vegavero (Marketplace Seller)_VEGAVERO Olio di Semi di Chia;641627926;4.5.2026;cpc;0,51;;221;0;0;0;0;0;0;upmK7YWLD;4260557422649;0
SOLD_OUT_it_MarketplaceBooster_Vegavero (Marketplace Seller)_VEGAVERO L-Tirosina Plus;649142984;4.5.2026;cpc;0,51;;168;1;0,595238;0;0,51;0;0;upm2FC2LC;4260557422885;0,51
at_CrossSellReRank_Vegavero (Marketplace Seller)_VEGAVERO Beta Carotin;643057199;4.5.2026;cpc;0,31;;177;2;1,212121;0;0,62;0;0;14250551;4260309484208;0,31
it_CrossSellReRank_Vegavero (Marketplace Seller)_VEGAVERO Astaxantina BIO;649155147;4.5.2026;cpc;0,61;;169;0;0;0;0;0;0;upm7GZX42;4260557423165;0
it_MarketplaceBooster_Vegavero (Marketplace Seller)_VEGAVERO Magnesio Complex;620566101;4.5.2026;cpc;0,51;;159;6;3,773585;0;3,06;0;0;upmUZUHTT;4260557421888;0,51
SOLD_OUT_at_MarketplaceBooster_Vegavero (Marketplace Seller)_VEGAVERO Vegan Collagen+Hyaluronic Acid;658347622;4.5.2026;cpc;1,41;;150;1;0,680272;0;1,41;0;0;upmK3CG99;4260557422656;1,41
at_CrossSellReRank_Vegavero (Marketplace Seller)_VEGAVERO Female Balance Complex;658280004;4.5.2026;cpc;0,91;;158;3;2,097902;0;2,73;0;0;upmUX2FW3;4260557420638;0,91
at_MarketplaceBooster_Vegavero (Marketplace Seller)_VEGAVERO Vitamin D3 und K2 ?l;658280064;4.5.2026;cpc;1,31;;140;2;1,428571;0;2,62;0;0;upm7FHKKZ;4260557421437;1,31
at_MarketplaceBooster_Vegavero (Marketplace Seller)_VEGAVERO Omega-3 ?l;625779008;4.5.2026;cpc;1,71;;130;3;2,325581;0;5,13;0;0;upm9KDWAZ;4260557421383;1,71
SOLD_OUT_it_MarketplaceBooster_Vegavero (Marketplace Seller)_VEGAVERO Collagene Vegano + Acido Ialuronico;658334348;4.5.2026;cpc;1,21;;116;1;0,862069;0;1,21;0;0;upmK3CG99;4260557422656;1,21
at_MarketplaceBooster_Vegavero (Marketplace Seller)_VEGAVERO Elektrolyte Plus;620596596;4.5.2026;cpc;0,51;;113;0;0;0;0;0;0;upmD23XCL;4260557422823;0
it_CrossSellReRank_Vegavero (Marketplace Seller)_VEGAVERO Venaflux Complex;649103716;4.5.2026;cpc;0,31;;116;0;0;0;0;0;0;upmKY422A;4260557422212;0
com_MarketplaceBooster_Vegavero (Marketplace Seller)_VEGAVERO Drenaflux Complex;629500801;4.5.2026;cpc;1,01;;106;2;1,886792;0;2,02;0;0;upm2XGYDU;4260557422489;1,01
it_CrossSellReRank_Vegavero (Marketplace Seller)_VEGAVERO Prosta-X;658381379;4.5.2026;cpc;0,61;;110;1;0,961538;0;0,61;0;0;upmKYYZM4;4260557423486;0,61
it_CrossSellReRank_Vegavero (Marketplace Seller)_VEGAVERO Light Legs Complex;658381503;4.5.2026;cpc;0,31;;106;0;0;0;0;0;0;upmD7EWMP;4260557420454;0
it_MarketplaceBooster_Vegavero (Marketplace Seller)_VEGAVERO Quercetina Complex;658381383;4.5.2026;cpc;0,51;;101;2;1,980198;0;1,02;0;0;upmF2AFXC;4260557423509;0,51
it_MarketplaceBooster_Vegavero (Marketplace Seller)_VEGAVERO Prosta-X;658381378;4.5.2026;cpc;1,01;;97;2;2,061856;0;2,02;0;0;upmKYYZM4;4260557423486;1,01
it_CrossSellReRank_Vegavero (Marketplace Seller)_VEGAVERO Vitamina B12 Spray;658334267;4.5.2026;cpc;0,31;;98;1;1,052632;0;0,31;0;0;14251102;4260557420027;0,31
it_MarketplaceBooster_Vegavero (Marketplace Seller)_VEGAVERO Ferro;658331730;4.5.2026;cpc;0,51;;94;1;1,06383;0;0,51;0;0;14250692;4260309483065;0,51
at_CrossSellReRank_Vegavero (Marketplace Seller)_VEGAVERO Elektrolyte Plus;658280160;4.5.2026;cpc;0,31;;95;0;0;0;0;0;0;upmD23XCL;4260557422823;0
com_MarketplaceBooster_Vegavero (Marketplace Seller)_VEGAVERO Omega-3 ?l;620545279;4.5.2026;cpc;1,71;;90;2;2,222222;0;3,42;0;0;upm9KDWAZ;4260557421383;1,71
it_MarketplaceBooster_Vegavero (Marketplace Seller)_VEGAVERO Bromelina;620571075;4.5.2026;cpc;0,51;;84;2;2,380952;0;1,02;0;0;upm43HM34;4260557421130;0,51
it_CrossSellReRank_Vegavero (Marketplace Seller)_VEGAVERO Magnesio Complex;649091773;4.5.2026;cpc;0,31;;86;1;1,219512;0;0,31;0;0;upmUZUHTT;4260557421888;0,31
at_CrossSellReRank_Vegavero (Marketplace Seller)_VEGAVERO Schwarzk?mmel?l BIO;658280057;4.5.2026;cpc;0,61;;93;1;1,219512;0;0,61;0;0;upmEUZ9F7;4260557421376;0,61
com_MarketplaceBooster_Vegavero (Marketplace Seller)_VEGAVERO Rhodiola rosea Extrakt;619660946;4.5.2026;cpc;1,01;;80;0;0;0;0;0;0;14251036;4260557420102;0
it_MarketplaceBooster_Vegavero (Marketplace Seller)_VEGAVERO Vitamina D3 + K2;649145075;4.5.2026;cpc;0,91;;80;4;5;0;3,64;0;0;upmKAXT9Y;4260557422915;0,91
at_CrossSellReRank_Vegavero (Marketplace Seller)_VEGAVERO Vitamin D3+K2 Tropfen;658280177;4.5.2026;cpc;1,41;;86;0;0;0;0;0;0;upmKAXT9Y;4260557422915;0
SOLD_OUT_at_MarketplaceBooster_Vegavero (Marketplace Seller)_VEGAVERO Beta Carotin Plus ?l;620605197;4.5.2026;cpc;0,51;;80;3;3,75;0;1,53;0;0;upmGPMUEM;4260557422427;0,51
it_MarketplaceBooster_Vegavero (Marketplace Seller)_VEGAVERO Female Balance Complex;658381497;4.5.2026;cpc;0,51;;76;2;2,631579;0;1,02;0;0;upmUX2FW3;4260557420638;0,51
at_MarketplaceBooster_Vegavero (Marketplace Seller)_VEGAVERO Eisen Bisglycinat;620612855;4.5.2026;cpc;0,51;;74;1;1,351351;0;0,51;0;0;14250692;4260309483065;0,51
SOLD_OUT_com_MarketplaceBooster_Vegavero (Marketplace Seller)_VEGAVERO Beta Carotin Plus ?l;620501456;4.5.2026;cpc;0,51;;75;3;4,054054;0;1,53;0;0;upmGPMUEM;4260557422427;0,51
com_MarketplaceBooster_Vegavero (Marketplace Seller)_VEGAVERO Papaya BIO;620527447;4.5.2026;cpc;0,51;;72;1;1,388889;0;0,51;0;0;upm9HWLUD;4260557421055;0,51
it_CrossSellReRank_Vegavero (Marketplace Seller)_VEGAVERO Cordyceps;658334303;4.5.2026;cpc;0,31;;73;1;1,408451;0;0,31;0;0;14250611;4260309483218;0,31
it_CrossSellReRank_Vegavero (Marketplace Seller)_VEGAVERO Female Balance Complex;658381499;4.5.2026;cpc;0,31;;77;0;0;0;0;0;0;upmUX2FW3;4260557420638;0
at_MarketplaceBooster_Vegavero (Marketplace Seller)_VEGAVERO Prostaid Complex;658727261;4.5.2026;cpc;1,31;;72;3;4,285714;0;3,93;0;0;upmCEE43U;4260557420515;1,31
at_MarketplaceBooster_Vegavero (Marketplace Seller)_VEGAVERO Multivitamin Spray Junior;625777201;4.5.2026;cpc;0,51;;70;1;1,428571;0;0,51;0;0;upm9ZTF3H;4260557421178;0,51
it_MarketplaceBooster_Vegavero (Marketplace Seller)_VEGAVERO Venaflux Complex;649103715;4.5.2026;cpc;0,51;;69;2;2,898551;0;1,02;0;0;upmKY422A;4260557422212;0,51
it_MarketplaceBooster_Vegavero (Marketplace Seller)_VEGAVERO Light Legs Complex;658381501;4.5.2026;cpc;0,51;;69;2;2,898551;0;1,02;0;0;upmD7EWMP;4260557420454;0,51
it_CrossSellReRank_Vegavero (Marketplace Seller)_VEGAVERO Astaxantina;649092862;4.5.2026;cpc;0,41;;75;0;0;0;0;0;0;upmYPTY2W;4260557421925;0
SOLD_OUT_it_CrossSellReRank_Vegavero (Marketplace Seller)_VEGAVERO Collagene Vegano + Acido Ialuronico;658334350;4.5.2026;cpc;0,81;;73;0;0;0;0;0;0;upmK3CG99;4260557422656;0
SOLD_OUT_it_CrossSellReRank_Vegavero (Marketplace Seller)_VEGAVERO L-Tirosina Plus;649143283;4.5.2026;cpc;0,31;;67;0;0;0;0;0;0;upm2FC2LC;4260557422885;0
it_MarketplaceBooster_Vegavero (Marketplace Seller)_VEGAVERO Serenity Complex;641646664;4.5.2026;cpc;0,51;;63;0;0;0;0;0;0;upmZFGPHR;4260557422830;0
at_MarketplaceBooster_Vegavero (Marketplace Seller)_VEGAVERO Vitamin D3+K2 Tropfen;626442372;4.5.2026;cpc;1,51;;63;0;0;0;0;0;0;upmKAXT9Y;4260557422915;0
com_CrossSellReRank_Vegavero (Marketplace Seller)_VEGAVERO Rhodiola rosea Extrakt;643082833;4.5.2026;cpc;0,31;;69;1;1,587302;0;0,31;0;0;14251036;4260557420102;0,31
com_MarketplaceBooster_Vegavero (Marketplace Seller)_VEGAVERO Vitamin B12 Spray Cherry;629516457;4.5.2026;cpc;0,51;;62;0;0;0;0;0;0;14251102;4260557420027;0
com_MarketplaceBooster_Vegavero (Marketplace Seller)_VEGAVERO Female Balance Complex;629496626;4.5.2026;cpc;1,21;1;60;3;5;33,333333;3,63;27,9;768,595041;upmUX2FW3;4260557420638;1,21
SOLD_OUT_it_MarketplaceBooster_Vegavero (Marketplace Seller)_VEGAVERO Probiotici e Prebiotici Bambini;658445101;4.5.2026;cpc;1,01;;60;0;0;0;0;0;0;14250953;4260557420249;0
it_CrossSellReRank_Vegavero (Marketplace Seller)_VEGAVERO Sun Care Complex;649077192;4.5.2026;cpc;0,31;;64;0;0;0;0;0;0;upm7C9XR2;4260557420836;0
it_MarketplaceBooster_Vegavero (Marketplace Seller)_VEGAVERO Griffonia Plus;641628925;4.5.2026;cpc;0,51;;59;2;3,389831;0;1,02;0;0;upmHCULGA;4260557422755;0,51
com_CrossSellReRank_Vegavero (Marketplace Seller)_VEGAVERO Lecithin BIO;643093526;4.5.2026;cpc;0,61;1;68;1;1,694915;100;0,61;25,9;4245,901639;upm2HFKPC;4260557422021;0,61
at_MarketplaceBooster_Vegavero (Marketplace Seller)_VEGAVERO D-Mannose Complex;620609091;4.5.2026;cpc;0,51;;58;1;1,724138;0;0,51;0;0;14250640;4260309482747;0,51
it_MarketplaceBooster_Vegavero (Marketplace Seller)_VEGAVERO Riso Rosso Plus;641644118;4.5.2026;cpc;0,51;;58;0;0;0;0;0;0;upmDFWTTT;4260557423110;0
at_MarketplaceBooster_Vegavero (Marketplace Seller)_VEGAVERO Schwarzk?mmel?l BIO;625778996;4.5.2026;cpc;0,81;;58;2;3,448276;0;1,62;0;0;upmEUZ9F7;4260557421376;0,81
at_MarketplaceBooster_Vegavero (Marketplace Seller)_VEGAVERO Beta Carotin;620605193;4.5.2026;cpc;1,01;;58;3;5,172414;0;3,03;0;0;14250551;4260309484208;1,01
it_MarketplaceBooster_Vegavero (Marketplace Seller)_VEGAVERO Sun Care Complex;649077191;4.5.2026;cpc;0,51;;57;1;1,754386;0;0,51;0;0;upm7C9XR2;4260557420836;0,51
it_CrossSellReRank_Vegavero (Marketplace Seller)_VEGAVERO Reishi;658296413;4.5.2026;cpc;0,31;;57;0;0;0;0;0;0;14251013;4260309481665;0
it_MarketplaceBooster_Vegavero (Marketplace Seller)_VEGAVERO Vitamina B12 Spray;658334266;4.5.2026;cpc;0,51;;55;1;1,818182;0;0,51;0;0;14251102;4260557420027;0,51
it_CrossSellReRank_Vegavero (Marketplace Seller)_VEGAVERO Glicina in Polvere;658296353;4.5.2026;cpc;0,31;;61;0;0;0;0;0;0;upmTGWG29;4260557423479;0
SOLD_OUT_at_CrossSellReRank_Vegavero (Marketplace Seller)_VEGAVERO Beta Carotin Plus ?l;658280127;4.5.2026;cpc;0,31;;57;0;0;0;0;0;0;upmGPMUEM;4260557422427;0
it_CrossSellReRank_Vegavero (Marketplace Seller)_VEGAVERO Quercetina Complex;658381384;4.5.2026;cpc;0,31;;59;1;1,886792;0;0,31;0;0;upmF2AFXC;4260557423509;0,31
SOLD_OUT_com_MarketplaceBooster_Vegavero (Marketplace Seller)_VEGAVERO Vegan Collagen+Hyaluronic Acid;620530762;4.5.2026;cpc;1,51;;53;1;1,886792;0;1,51;0;0;upmK3CG99;4260557422656;1,51
SOLD_OUT_it_MarketplaceBooster_Vegavero (Marketplace Seller)_VEGAVERO Betacarotene Plus;641622772;4.5.2026;cpc;0,51;;53;0;0;0;0;0;0;upmGPMUEM;4260557422427;0
at_CrossSellReRank_Vegavero (Marketplace Seller)_VEGAVERO Sun Care Complex;658280012;4.5.2026;cpc;0,31;;58;1;1,886792;0;0,31;0;0;upm7C9XR2;4260557420836;0,31
it_MarketplaceBooster_Vegavero (Marketplace Seller)_VEGAVERO Ashwagandha BIO;620566536;4.5.2026;cpc;0,51;;52;1;1,923077;0;0,51;0;0;upmUPLLZH;4260557420676;0,51
SOLD_OUT_it_CrossSellReRank_Vegavero (Marketplace Seller)_VEGAVERO Betacarotene Plus;649106236;4.5.2026;cpc;0,31;;58;0;0;0;0;0;0;upmGPMUEM;4260557422427;0
it_MarketplaceBooster_Vegavero (Marketplace Seller)_VEGAVERO Cumino Nero BIO;658352477;4.5.2026;cpc;0,51;;52;0;0;0;0;0;0;upmEUZ9F7;4260557421376;0
at_MarketplaceBooster_Vegavero (Marketplace Seller)_VEGAVERO Leinsamen?l BIO;658280092;4.5.2026;cpc;0,51;;51;2;3,921569;0;1,02;0;0;upmKU4FAU;4260557422038;0,51
com_MarketplaceBooster_Vegavero (Marketplace Seller)_VEGAVERO Vitamin D3+K2 Tropfen;620538813;4.5.2026;cpc;1,51;;51;0;0;0;0;0;0;upmKAXT9Y;4260557422915;0
com_MarketplaceBooster_Vegavero (Marketplace Seller)_VEGAVERO Beta Carotin;620501440;4.5.2026;cpc;1,01;;51;3;5,882353;0;3,03;0;0;14250551;4260309484208;1,01
com_CrossSellReRank_Vegavero (Marketplace Seller)_VEGAVERO Drenaflux Complex;643094174;4.5.2026;cpc;0,31;;53;0;0;0;0;0;0;upm2XGYDU;4260557422489;0
it_CrossSellReRank_Vegavero (Marketplace Seller)_VEGAVERO Cardo Mariano;658352468;4.5.2026;cpc;0,31;;60;2;4;0;0,62;0;0;upmGMGWYP;4260309481979;0,31
at_CrossSellReRank_Vegavero (Marketplace Seller)_VEGAVERO Female Harmony Complex;658279992;4.5.2026;cpc;0,31;;53;0;0;0;0;0;0;upmUFEEWW;4260557420300;0
at_MarketplaceBooster_Vegavero (Marketplace Seller)_VEGAVERO Oregano ?l BIO;658280076;4.5.2026;cpc;0,51;;49;0;0;0;0;0;0;upmYCXAL7;4260557421932;0
com_MarketplaceBooster_Vegavero (Marketplace Seller)_VEGAVERO Myo-Inositol Complex;658295457;4.5.2026;cpc;1,71;;48;2;4,166667;0;3,42;0;0;upm7PGM77;4260557421765;1,71
it_MarketplaceBooster_Vegavero (Marketplace Seller)_VEGAVERO Vitamina D3 + K2;641650859;4.5.2026;cpc;1,21;;47;5;10,638298;0;6,05;0;0;upm7FHKKZ;4260557421437;1,21
com_MarketplaceBooster_Vegavero (Marketplace Seller)_VEGAVERO Vegan Essentials Complex;627592060;4.5.2026;cpc;0,51;;47;2;4,255319;0;1,02;0;0;upmHHT433;4260557421390;0,51
at_CrossSellReRank_Vegavero (Marketplace Seller)_VEGAVERO Eisen Bisglycinat;643050566;4.5.2026;cpc;0,31;;58;1;2,12766;0;0,31;0;0;14250692;4260309483065;0,31
it_CrossSellReRank_Vegavero (Marketplace Seller)_VEGAVERO Vitamina D3 + K2;649145192;4.5.2026;cpc;1,11;;52;0;0;0;0;0;0;upmKAXT9Y;4260557422915;0
it_MarketplaceBooster_Vegavero (Marketplace Seller)_VEGAVERO Moringa BIO;658388273;4.5.2026;cpc;0,71;;45;0;0;0;0;0;0;14250893;4260309481115;0
com_MarketplaceBooster_Vegavero (Marketplace Seller)_VEGAVERO Schwarzk?mmel?l BIO;658295946;4.5.2026;cpc;0,91;;45;2;4,444444;0;1,82;0;0;upmEUZ9F7;4260557421376;0,91
at_MarketplaceBooster_Vegavero (Marketplace Seller)_VEGAVERO Venaflux Complex;658280105;4.5.2026;cpc;1,61;;44;0;0;0;0;0;0;upmKY422A;4260557422212;0
it_CrossSellReRank_Vegavero (Marketplace Seller)_VEGAVERO Cysti-Aid Complex;649102998;4.5.2026;cpc;0,31;;46;0;0;0;0;0;0;upmTZFCGA;4260557422199;0
com_MarketplaceBooster_Vegavero (Marketplace Seller)_VEGAVERO Teufelskralle Plus;619697372;4.5.2026;cpc;0,51;;43;2;4,651163;0;1,02;0;0;upmD3U322;4260557421192;0,51
com_MarketplaceBooster_Vegavero (Marketplace Seller)_VEGAVERO Vitamin B12 Spray Junior;619721771;4.5.2026;cpc;0,51;;43;0;0;0;0;0;0;upm3RXHUC;4260557422229;0
at_MarketplaceBooster_Vegavero (Marketplace Seller)_VEGAVERO Papaya BIO;658295837;4.5.2026;cpc;0,51;;43;0;0;0;0;0;0;upm9HWLUD;4260557421055;0
it_MarketplaceBooster_Vegavero (Marketplace Seller)_VEGAVERO Igname Selvatico +  Zinco;658353187;4.5.2026;cpc;0,51;;43;0;0;0;0;0;0;14251183;4260309481672;0
it_CrossSellReRank_Vegavero (Marketplace Seller)_VEGAVERO Rhodiola Rosea;658445094;4.5.2026;cpc;0,31;;44;0;0;0;0;0;0;14251036;4260557420102;0
com_MarketplaceBooster_Vegavero (Marketplace Seller)_VEGAVERO Natural Jod BIO;619661620;4.5.2026;cpc;0,51;;43;0;0;0;0;0;0;14250769;4260557420256;0
it_CrossSellReRank_Vegavero (Marketplace Seller)_VEGAVERO Betacarotene;653866107;4.5.2026;cpc;0,31;;46;1;2,380952;0;0,31;0;0;14250551;4260309484208;0,31
SOLD_OUT_com_MarketplaceBooster_Vegavero (Marketplace Seller)_VEGAVERO Vitamin B12 Tropfen;619721768;4.5.2026;cpc;0,51;;41;1;2,439024;0;0,51;0;0;upmYRCT9P;4260557422908;0,51
com_CrossSellReRank_Vegavero (Marketplace Seller)_VEGAVERO Rosskastanie Plus BIO;643090783;4.5.2026;cpc;0,41;;42;1;2,439024;0;0,41;0;0;upmUR4ZK4;4260557421239;0,41
it_MarketplaceBooster_Vegavero (Marketplace Seller)_VEGAVERO Glucomammano BIO;641643679;4.5.2026;cpc;0,51;;41;0;0;0;0;0;0;upmLXEUT7;4260557423240;0
com_CrossSellReRank_Vegavero (Marketplace Seller)_VEGAVERO Teufelskralle Plus;643090107;4.5.2026;cpc;0,31;;43;1;2,439024;0;0,31;0;0;upmD3U322;4260557421192;0,31
at_MarketplaceBooster_Vegavero (Marketplace Seller)_VEGAVERO Liver Active Complex;625768092;4.5.2026;cpc;0,51;;41;0;0;0;0;0;0;14250812;4260557420188;0
it_CrossSellReRank_Vegavero (Marketplace Seller)_VEGAVERO Spirulina BIO +  Clorella BIO;658331804;4.5.2026;cpc;0,31;;42;0;0;0;0;0;0;14250597;4260309484185;0
com_CrossSellReRank_Vegavero (Marketplace Seller)_VEGAVERO Eisen Bisglycinat;643077960;4.5.2026;cpc;0,31;;42;0;0;0;0;0;0;14250692;4260309483065;0
at_MarketplaceBooster_Vegavero (Marketplace Seller)_VEGAVERO Magnesium Bisglycinat;620592111;4.5.2026;cpc;1,71;;40;2;5;0;3,42;0;0;upmX4LT4H;4260557423257;1,71
com_CrossSellReRank_Vegavero (Marketplace Seller)_VEGAVERO Nachtkerzen ?l;658291480;4.5.2026;cpc;0,61;;46;0;0;0;0;0;0;upm7DM474;4260557423448;0
at_MarketplaceBooster_Vegavero (Marketplace Seller)_VEGAVERO Glucosamin Complex;620608017;4.5.2026;cpc;0,51;;39;0;0;0;0;0;0;upmTYL3Y7;4260557420737;0
com_MarketplaceBooster_Vegavero (Marketplace Seller)_VEGAVERO BIO Astaxanthin ?l;618496738;4.5.2026;cpc;1,41;;39;4;10,25641;0;5,64;0;0;upm7GZX42;4260557423165;1,41
SOLD_OUT_com_MarketplaceBooster_Vegavero (Marketplace Seller)_VEGAVERO Taurin Plus;620551671;4.5.2026;cpc;0,51;;39;0;0;0;0;0;0;upmXXW9XA;4260557423059;0
at_MarketplaceBooster_Vegavero (Marketplace Seller)_VEGAVERO Myo-Inositol Complex;625786532;4.5.2026;cpc;1,01;;39;5;12,820513;0;5,05;0;0;upm7PGM77;4260557421765;1,01
it_CrossSellReRank_Vegavero (Marketplace Seller)_VEGAVERO Probiotici e Prebiotici BIO;658296371;4.5.2026;cpc;0,31;;46;0;0;0;0;0;0;14250976;4260557420034;0
at_CrossSellReRank_Vegavero (Marketplace Seller)_VEGAVERO Beifu? Extrakt;658280102;4.5.2026;cpc;0,41;;38;0;0;0;0;0;0;upmWMGCRY;4260557422090;0
at_CrossSellReRank_Vegavero (Marketplace Seller)_VEGAVERO Lecithin BIO;658280090;4.5.2026;cpc;0,71;;49;0;0;0;0;0;0;upm2HFKPC;4260557422021;0
at_MarketplaceBooster_Vegavero (Marketplace Seller)_VEGAVERO Colon Care Complex;625767929;4.5.2026;cpc;0,51;;38;0;0;0;0;0;0;14250605;4260557420201;0
at_CrossSellReRank_Vegavero (Marketplace Seller)_VEGAVERO Vitamin B3 (Nicotinamid);658280014;4.5.2026;cpc;0,51;;47;0;0;0;0;0;0;upmUEXHE2;4260557420850;0
it_MarketplaceBooster_Vegavero (Marketplace Seller)_VEGAVERO Echinacea Plus;620565882;4.5.2026;cpc;1,01;;37;1;2,702703;0;1,01;0;0;upmPHKX9F;4260557423141;1,01
SOLD_OUT_at_MarketplaceBooster_Vegavero (Marketplace Seller)_VEGAVERO Pro Bio Kids BIO;620610302;4.5.2026;cpc;0,51;;36;0;0;0;0;0;0;14250953;4260557420249;0
SOLD_OUT_com_CrossSellReRank_Vegavero (Marketplace Seller)_VEGAVERO Beta Carotin Plus ?l;643094141;4.5.2026;cpc;0,31;;39;0;0;0;0;0;0;upmGPMUEM;4260557422427;0
SOLD_OUT_com_CrossSellReRank_Vegavero (Marketplace Seller)_VEGAVERO L-Tyrosin Plus;643130826;4.5.2026;cpc;1,01;;44;1;2,777778;0;1,01;0;0;upm2FC2LC;4260557422885;1,01
at_MarketplaceBooster_Vegavero (Marketplace Seller)_VEGAVERO Light Legs Complex;658347596;4.5.2026;cpc;0,51;;36;0;0;0;0;0;0;upmD7EWMP;4260557420454;0
it_CrossSellReRank_Vegavero (Marketplace Seller)_VEGAVERO Elettroliti Complex;649122256;4.5.2026;cpc;0,31;;38;0;0;0;0;0;0;upmD23XCL;4260557422823;0
com_MarketplaceBooster_Vegavero (Marketplace Seller)_VEGAVERO Light Legs Complex;658347560;4.5.2026;cpc;1,01;;35;0;0;0;0;0;0;upmD7EWMP;4260557420454;0
it_CrossSellReRank_Vegavero (Marketplace Seller)_VEGAVERO Magnesio Bisglicinato;649159286;4.5.2026;cpc;1,31;;38;0;0;0;0;0;0;upmX4LT4H;4260557423257;0
it_CrossSellReRank_Vegavero (Marketplace Seller)_VEGAVERO Zenzero BIO;658353197;4.5.2026;cpc;0,31;;36;0;0;0;0;0;0;upmPX4TPU;4260557420386;0
com_MarketplaceBooster_Vegavero (Marketplace Seller)_VEGAVERO D-Mannose Complex;619660802;4.5.2026;cpc;1,51;;35;0;0;0;0;0;0;14250640;4260309482747;0
at_MarketplaceBooster_Vegavero (Marketplace Seller)_VEGAVERO D-Mannose Pulver;620609056;4.5.2026;cpc;0,51;;35;1;2,857143;0;0,51;0;0;14250686;4260309481603;0,51
com_CrossSellReRank_Vegavero (Marketplace Seller)_VEGAVERO Oregano ?l BIO;643093284;4.5.2026;cpc;0,51;;37;1;2,941176;0;0,51;0;0;upmYCXAL7;4260557421932;0,51
it_CrossSellReRank_Vegavero (Marketplace Seller)_VEGAVERO Maca Nera Plus;649149549;4.5.2026;cpc;0,81;;40;0;0;0;0;0;0;upmG4PKUG;4260557423042;0
com_MarketplaceBooster_Vegavero (Marketplace Seller)_VEGAVERO Keto Power;658283042;4.5.2026;cpc;0,51;;34;0;0;0;0;0;0;upmP77L3M;4260557423288;0
it_CrossSellReRank_Vegavero (Marketplace Seller)_VEGAVERO Moringa BIO;658388299;4.5.2026;cpc;0,31;;34;0;0;0;0;0;0;14250893;4260309481115;0
com_MarketplaceBooster_Vegavero (Marketplace Seller)_VEGAVERO Sun Care Complex;620501459;4.5.2026;cpc;0,51;;33;2;6,060606;0;1,02;0;0;upm7C9XR2;4260557420836;0,51
SOLD_OUT_at_CrossSellReRank_Vegavero (Marketplace Seller)_VEGAVERO L-Tyrosin Plus;658280164;4.5.2026;cpc;0,31;;39;0;0;0;0;0;0;upm2FC2LC;4260557422885;0
com_MarketplaceBooster_Vegavero (Marketplace Seller)_VEGAVERO Leinsamen?l BIO;629497213;4.5.2026;cpc;0,51;;33;0;0;0;0;0;0;upmKU4FAU;4260557422038;0
it_MarketplaceBooster_Vegavero (Marketplace Seller)_VEGAVERO Probiotici e Prebiotici BIO;658296369;4.5.2026;cpc;0,51;;33;0;0;0;0;0;0;14250976;4260557420034;0
it_MarketplaceBooster_Vegavero (Marketplace Seller)_VEGAVERO Glucosamin Complex;620567054;4.5.2026;cpc;0,51;;33;2;6,060606;0;1,02;0;0;upmTYL3Y7;4260557420737;0,51
it_CrossSellReRank_Vegavero (Marketplace Seller)_VEGAVERO Magnesio + Potassio;649076465;4.5.2026;cpc;0,31;;35;1;3,125;0;0,31;0;0;upm32MART;4260557420287;0,31
com_MarketplaceBooster_Vegavero (Marketplace Seller)_VEGAVERO Female Harmony Complex;629496627;4.5.2026;cpc;0,51;;32;1;3,125;0;0,51;0;0;upmUFEEWW;4260557420300;0,51
com_MarketplaceBooster_Vegavero (Marketplace Seller)_VEGAVERO Multivitamin Spray Junior;649171519;4.5.2026;cpc;0,51;1;32;2;6,25;50;1,02;20,9;2049,019608;upm9ZTF3H;4260557421178;0,51
com_CrossSellReRank_Vegavero (Marketplace Seller)_VEGAVERO Beta Carotin;643079421;4.5.2026;cpc;0,31;;33;0;0;0;0;0;0;14250551;4260309484208;0
com_MarketplaceBooster_Vegavero (Marketplace Seller)_VEGAVERO Hagebutte BIO;619682810;4.5.2026;cpc;0,51;;32;0;0;0;0;0;0;upmWRWWCG;4260557421048;0
it_MarketplaceBooster_Vegavero (Marketplace Seller)_VEGAVERO Resveratrolo Plus;620567258;4.5.2026;cpc;0,51;;31;0;0;0;0;0;0;upmGDDD7G;4260557420805;0
SOLD_OUT_at_MarketplaceBooster_Vegavero (Marketplace Seller)_VEGAVERO Taurin Plus;626442685;4.5.2026;cpc;0,51;;31;0;0;0;0;0;0;upmXXW9XA;4260557423059;0
it_CrossSellReRank_Vegavero (Marketplace Seller)_VEGAVERO Liver Active Complex;658445100;4.5.2026;cpc;0,31;;34;0;0;0;0;0;0;14250812;4260557420188;0
com_MarketplaceBooster_Vegavero (Marketplace Seller)_VEGAVERO Liver Active Complex;619661159;4.5.2026;cpc;0,51;;30;0;0;0;0;0;0;14250812;4260557420188;0
com_CrossSellReRank_Vegavero (Marketplace Seller)_VEGAVERO Beifu? Extrakt;643093976;4.5.2026;cpc;0,31;;30;0;0;0;0;0;0;upmWMGCRY;4260557422090;0
com_CrossSellReRank_Vegavero (Marketplace Seller)_VEGAVERO Sun Care Complex;643089603;4.5.2026;cpc;0,31;;31;0;0;0;0;0;0;upm7C9XR2;4260557420836;0
at_MarketplaceBooster_Vegavero (Marketplace Seller)_VEGAVERO Griffonia Plus;658280152;4.5.2026;cpc;0,51;;30;0;0;0;0;0;0;upmHCULGA;4260557422755;0
SOLD_OUT_it_MarketplaceBooster_Vegavero (Marketplace Seller)_VEGAVERO Guggul;641655761;4.5.2026;cpc;0,51;;30;0;0;0;0;0;0;upmT99EZK;4260557421123;0
com_MarketplaceBooster_Vegavero (Marketplace Seller)_VEGAVERO OPC Trio;620554337;4.5.2026;cpc;0,51;;31;0;0;0;0;0;0;upmWFGGMG;4260557423097;0
it_CrossSellReRank_Vegavero (Marketplace Seller)_VEGAVERO Ippocastano BIO Plus;649084572;4.5.2026;cpc;0,31;;34;0;0;0;0;0;0;upmUR4ZK4;4260557421239;0
at_CrossSellReRank_Vegavero (Marketplace Seller)_VEGAVERO Rhodiola rosea Extrakt;658279979;4.5.2026;cpc;0,31;;31;0;0;0;0;0;0;14251036;4260557420102;0
com_MarketplaceBooster_Vegavero (Marketplace Seller)_VEGAVERO Astragalus BIO;625748178;4.5.2026;cpc;1,01;;29;0;0;0;0;0;0;upmCGKMCH;4260557421222;0
com_MarketplaceBooster_Vegavero (Marketplace Seller)_VEGAVERO MSM Pulver;620565741;4.5.2026;cpc;1,21;;29;3;10,344828;0;3,63;0;0;upmWCKTTE;4260309481214;1,21
com_CrossSellReRank_Vegavero (Marketplace Seller)_VEGAVERO Female Balance Complex;643085982;4.5.2026;cpc;0,71;;33;0;0;0;0;0;0;upmUX2FW3;4260557420638;0
it_MarketplaceBooster_Vegavero (Marketplace Seller)_VEGAVERO Vitamina D3 + K2;641650857;4.5.2026;cpc;0,51;;29;2;6,896552;0;1,02;0;0;upmKAXT9Y;4260557422915;0,51
it_MarketplaceBooster_Vegavero (Marketplace Seller)_VEGAVERO Liver Active Complex;658445099;4.5.2026;cpc;1,01;;28;0;0;0;0;0;0;14250812;4260557420188;0
it_MarketplaceBooster_Vegavero (Marketplace Seller)_VEGAVERO Maca Nera Plus;641623120;4.5.2026;cpc;1,01;;28;1;3,571429;0;1,01;0;0;upmG4PKUG;4260557423042;1,01
SOLD_OUT_com_MarketplaceBooster_Vegavero (Marketplace Seller)_VEGAVERO L-Tyrosin Plus;620537391;4.5.2026;cpc;1,61;;28;0;0;0;0;0;0;upm2FC2LC;4260557422885;0
SOLD_OUT_it_CrossSellReRank_Vegavero (Marketplace Seller)_VEGAVERO Tribulus Terrestris;658296416;4.5.2026;cpc;0,31;;31;2;7,407407;0;0,62;0;0;14251088;4260309481313;0,31
com_MarketplaceBooster_Vegavero (Marketplace Seller)_VEGAVERO Knoblauch Plus;620530228;4.5.2026;cpc;0,51;;27;0;0;0;0;0;0;upm2WRLPU;4260557422632;0
com_MarketplaceBooster_Vegavero (Marketplace Seller)_VEGAVERO Bockshornklee BIO;620539867;4.5.2026;cpc;0,51;;28;1;3,703704;0;0,51;0;0;upm7AL3PG;4260557422977;0,51
it_CrossSellReRank_Vegavero (Marketplace Seller)_VEGAVERO Glucosamin Complex;649076940;4.5.2026;cpc;0,31;;27;0;0;0;0;0;0;upmTYL3Y7;4260557420737;0
com_MarketplaceBooster_Vegavero (Marketplace Seller)_VEGAVERO Vitamin D3 und K2 ?l;652853552;4.5.2026;cpc;1,31;;27;2;7,407407;0;2,62;0;0;upm7FHKKZ;4260557421437;1,31
com_MarketplaceBooster_Vegavero (Marketplace Seller)_VEGAVERO Astaxanthin ?l;619716956;4.5.2026;cpc;0,51;;27;0;0;0;0;0;0;upmYPTY2W;4260557421925;0
at_MarketplaceBooster_Vegavero (Marketplace Seller)_VEGAVERO Wild Yams + Zink;625763764;4.5.2026;cpc;0,51;;27;0;0;0;0;0;0;14251183;4260309481672;0
com_CrossSellReRank_Vegavero (Marketplace Seller)_VEGAVERO Cholin Trio;643092529;4.5.2026;cpc;0,31;;32;0;0;0;0;0;0;upm97PFY9;4260557421826;0
com_CrossSellReRank_Vegavero (Marketplace Seller)_VEGAVERO Venaflux Complex;643093981;4.5.2026;cpc;1,41;;28;0;0;0;0;0;0;upmKY422A;4260557422212;0
at_MarketplaceBooster_Vegavero (Marketplace Seller)_VEGAVERO Knoblauch Plus;626438714;4.5.2026;cpc;0,51;;27;1;3,703704;0;0,51;0;0;upm2WRLPU;4260557422632;0,51
at_MarketplaceBooster_Vegavero (Marketplace Seller)_VEGAVERO Vegan Essentials Complex;620605288;4.5.2026;cpc;0,51;;26;2;7,692308;0;1,02;0;0;upmHHT433;4260557421390;0,51
com_MarketplaceBooster_Vegavero (Marketplace Seller)_VEGAVERO Nachtkerzen und Borretsch?l BIO;619715142;4.5.2026;cpc;0,51;;26;1;3,846154;0;0,51;0;0;upm7KTFPH;4260557421420;0,51
it_CrossSellReRank_Vegavero (Marketplace Seller)_VEGAVERO Glicina in Polvere;658334363;4.5.2026;cpc;0,31;;31;1;3,846154;0;0,31;0;0;upmR9H4DE;4260557422595;0,31
com_CrossSellReRank_Vegavero (Marketplace Seller)_VEGAVERO Bromelain 2500 GDU/g;658347577;4.5.2026;cpc;0,31;;30;0;0;0;0;0;0;upm43HM34;4260557421130;0
it_MarketplaceBooster_Vegavero (Marketplace Seller)_VEGAVERO Artiglio del Diavolo Plus;620572756;4.5.2026;cpc;0,51;;25;2;8;0;1,02;0;0;upmD3U322;4260557421192;0,51
it_CrossSellReRank_Vegavero (Marketplace Seller)_VEGAVERO Griffonia;658296092;4.5.2026;cpc;0,31;;29;0;0;0;0;0;0;upmG7RZLC;4260557423318;0
com_MarketplaceBooster_Vegavero (Marketplace Seller)_VEGAVERO K?rbiskern?l BIO;619721382;4.5.2026;cpc;0,51;;25;0;0;0;0;0;0;upmY7MX4C;4260557422014;0
it_MarketplaceBooster_Vegavero (Marketplace Seller)_VEGAVERO Aglio Plus;641627386;4.5.2026;cpc;0,51;;25;0;0;0;0;0;0;upm2WRLPU;4260557422632;0
it_MarketplaceBooster_Vegavero (Marketplace Seller)_VEGAVERO Betacarotene;653864224;4.5.2026;cpc;0,51;;25;2;8;0;1,02;0;0;14250551;4260309484208;0,51
at_MarketplaceBooster_Vegavero (Marketplace Seller)_VEGAVERO Natural Jod BIO;625769489;4.5.2026;cpc;0,51;;25;1;4;0;0,51;0;0;14250769;4260557420256;0,51
at_CrossSellReRank_Vegavero (Marketplace Seller)_VEGAVERO Drenaflux Complex;658295889;4.5.2026;cpc;0,31;;26;0;0;0;0;0;0;upm2XGYDU;4260557422489;0
at_MarketplaceBooster_Vegavero (Marketplace Seller)_VEGAVERO Rhodiola rosea Extrakt;620605153;4.5.2026;cpc;0,51;;24;1;4,166667;0;0,51;0;0;14251036;4260557420102;0,51
com_MarketplaceBooster_Vegavero (Marketplace Seller)_VEGAVERO Brewers Yeast;658295767;4.5.2026;cpc;0,51;1;24;1;4,166667;100;0,51;13,9;2725,490196;upmKUKGHH;4260557423332;0,51
at_MarketplaceBooster_Vegavero (Marketplace Seller)_VEGAVERO Magnesium + Kalium;620594279;4.5.2026;cpc;0,51;;24;2;8,333333;0;1,02;0;0;upm32MART;4260557420287;0,51
com_MarketplaceBooster_Vegavero (Marketplace Seller)_VEGAVERO Colon Care Complex;627014864;4.5.2026;cpc;0,51;;24;1;4,166667;0;0,51;0;0;14250605;4260557420201;0,51
com_MarketplaceBooster_Vegavero (Marketplace Seller)_VEGAVERO Magnesium Bisglycinat;617842637;4.5.2026;cpc;2,11;;24;3;12,5;0;6,33;0;0;upmX4LT4H;4260557423257;2,11
it_CrossSellReRank_Vegavero (Marketplace Seller)_VEGAVERO D Mannosio in Polvere;658352462;4.5.2026;cpc;0,31;;23;1;4,347826;0;0,31;0;0;14250686;4260309481603;0,31
SOLD_OUT_it_MarketplaceBooster_Vegavero (Marketplace Seller)_VEGAVERO Tribulus Terrestris;658296415;4.5.2026;cpc;0,51;;23;1;4,347826;0;0,51;0;0;14251088;4260309481313;0,51
com_CrossSellReRank_Vegavero (Marketplace Seller)_VEGAVERO Brewers Yeast;658295768;4.5.2026;cpc;0,31;;23;0;0;0;0;0;0;upmKUKGHH;4260557423332;0
at_CrossSellReRank_Vegavero (Marketplace Seller)_VEGAVERO Boswellia Extrakt;658280140;4.5.2026;cpc;0,31;;23;0;0;0;0;0;0;upmEH2K74;4260557422588;0
at_MarketplaceBooster_Vegavero (Marketplace Seller)_VEGAVERO L-Tryptophan;625767437;4.5.2026;cpc;0,51;;24;2;8,695652;0;1,02;0;0;14250841;4260309481108;0,51
SOLD_OUT_com_MarketplaceBooster_Vegavero (Marketplace Seller)_VEGAVERO Pro Bio Kids BIO;618496726;4.5.2026;cpc;0,51;;23;0;0;0;0;0;0;14250953;4260557420249;0
at_MarketplaceBooster_Vegavero (Marketplace Seller)_VEGAVERO Glycin Pulver;658280142;4.5.2026;cpc;0,51;;23;0;0;0;0;0;0;upmR9H4DE;4260557422595;0
it_CrossSellReRank_Vegavero (Marketplace Seller)_VEGAVERO Riso Rosso Plus;649150541;4.5.2026;cpc;0,31;;24;0;0;0;0;0;0;upmDFWTTT;4260557423110;0
at_CrossSellReRank_Vegavero (Marketplace Seller)_VEGAVERO Venaflux Complex;658280106;4.5.2026;cpc;1,41;;24;0;0;0;0;0;0;upmKY422A;4260557422212;0
it_CrossSellReRank_Vegavero (Marketplace Seller)_VEGAVERO Biancospino BIO;649076903;4.5.2026;cpc;0,31;;24;0;0;0;0;0;0;upmXW7KXD;4260557420720;0
it_CrossSellReRank_Vegavero (Marketplace Seller)_VEGAVERO Cannella Ceylon BIO;649115454;4.5.2026;cpc;0,31;;25;0;0;0;0;0;0;upmW9KKTG;4260557422618;0
it_CrossSellReRank_Vegavero (Marketplace Seller)_VEGAVERO Ginseng Rosso Coreano;649076431;4.5.2026;cpc;0,31;;24;0;0;0;0;0;0;upm2CZXC9;4260557420140;0
at_CrossSellReRank_Vegavero (Marketplace Seller)_VEGAVERO L-Tryptophan;658279974;4.5.2026;cpc;0,31;;23;0;0;0;0;0;0;14250841;4260309481108;0
at_MarketplaceBooster_Vegavero (Marketplace Seller)_VEGAVERO Female Harmony Complex;658279991;4.5.2026;cpc;0,51;;22;2;9,090909;0;1,02;0;0;upmUFEEWW;4260557420300;0,51
it_CrossSellReRank_Vegavero (Marketplace Seller)_VEGAVERO Origano BIO;649094039;4.5.2026;cpc;0,31;;26;2;9,52381;0;0,62;0;0;upmYCXAL7;4260557421932;0,31
it_MarketplaceBooster_Vegavero (Marketplace Seller)_VEGAVERO Femme Biotics;658445082;4.5.2026;cpc;1,01;;21;1;4,761905;0;1,01;0;0;upm4AEDEP;4260557423455;1,01
at_MarketplaceBooster_Vegavero (Marketplace Seller)_VEGAVERO K?rbiskern?l BIO;620605158;4.5.2026;cpc;0,51;;21;1;4,761905;0;0,51;0;0;upmY7MX4C;4260557422014;0,51
com_CrossSellReRank_Vegavero (Marketplace Seller)_VEGAVERO Magnesium Bisglycinat;643231145;4.5.2026;cpc;1,41;;22;0;0;0;0;0;0;upmX4LT4H;4260557423257;0
com_MarketplaceBooster_Vegavero (Marketplace Seller)_VEGAVERO Elektrolyte Plus;617842699;4.5.2026;cpc;0,51;;20;0;0;0;0;0;0;upmD23XCL;4260557422823;0
com_MarketplaceBooster_Vegavero (Marketplace Seller)_VEGAVERO Venaflux Complex;629497502;4.5.2026;cpc;1,61;;20;2;10;0;3,22;0;0;upmKY422A;4260557422212;1,61
at_MarketplaceBooster_Vegavero (Marketplace Seller)_VEGAVERO Sun Care Complex;658280011;4.5.2026;cpc;0,51;;20;2;10;0;1,02;0;0;upm7C9XR2;4260557420836;0,51
it_CrossSellReRank_Vegavero (Marketplace Seller)_VEGAVERO Aglio Plus;649116897;4.5.2026;cpc;0,31;;24;0;0;0;0;0;0;upm2WRLPU;4260557422632;0
it_MarketplaceBooster_Vegavero (Marketplace Seller)_VEGAVERO Cardo Mariano Plus;641649766;4.5.2026;cpc;0,51;;20;2;10;0;1,02;0;0;upmR9H2HU;4260557422892;0,51
it_MarketplaceBooster_Vegavero (Marketplace Seller)_VEGAVERO Biancospino BIO;620566747;4.5.2026;cpc;0,51;;19;0;0;0;0;0;0;upmXW7KXD;4260557420720;0
it_MarketplaceBooster_Vegavero (Marketplace Seller)_VEGAVERO Iodio naturale BIO;658445105;4.5.2026;cpc;1,01;;19;1;5,263158;0;1,01;0;0;14250769;4260557420256;1,01
at_CrossSellReRank_Vegavero (Marketplace Seller)_VEGAVERO BIO Astaxanthin ?l;658282827;4.5.2026;cpc;0,91;;22;0;0;0;0;0;0;upm7GZX42;4260557423165;0
at_MarketplaceBooster_Vegavero (Marketplace Seller)_VEGAVERO BIO Astaxanthin ?l;620605149;4.5.2026;cpc;1,01;;19;0;0;0;0;0;0;upm7GZX42;4260557423165;0
at_CrossSellReRank_Vegavero (Marketplace Seller)_VEGAVERO Teufelskralle Plus;658280050;4.5.2026;cpc;0,31;;24;0;0;0;0;0;0;upmD3U322;4260557421192;0
it_MarketplaceBooster_Vegavero (Marketplace Seller)_VEGAVERO Mushroom Mix Complex;641622719;4.5.2026;cpc;0,51;;19;1;5,263158;0;0,51;0;0;upm4XDXPR;4260557422045;0,51
com_MarketplaceBooster_Vegavero (Marketplace Seller)_VEGAVERO Lecithin BIO;652876638;4.5.2026;cpc;1,41;;19;1;5,263158;0;1,41;0;0;upm2HFKPC;4260557422021;1,41
it_MarketplaceBooster_Vegavero (Marketplace Seller)_VEGAVERO Artemisia Vulgaris;649102355;4.5.2026;cpc;0,51;;19;1;5,263158;0;0,51;0;0;upmWMGCRY;4260557422090;0,51
at_CrossSellReRank_Vegavero (Marketplace Seller)_VEGAVERO MSM Pulver;658279946;4.5.2026;cpc;0,91;;20;0;0;0;0;0;0;upmWCKTTE;4260309481214;0
com_CrossSellReRank_Vegavero (Marketplace Seller)_VEGAVERO L-Tryptophan;643237471;4.5.2026;cpc;0,31;;21;0;0;0;0;0;0;14250841;4260309481108;0
it_CrossSellReRank_Vegavero (Marketplace Seller)_VEGAVERO Creatina in Polvere;658331599;4.5.2026;cpc;0,31;;21;0;0;0;0;0;0;upmFRZEFX;4260557423226;0
at_MarketplaceBooster_Vegavero (Marketplace Seller)_VEGAVERO Teufelskralle Plus;620605271;4.5.2026;cpc;0,51;;19;1;5,263158;0;0,51;0;0;upmD3U322;4260557421192;0,51
it_MarketplaceBooster_Vegavero (Marketplace Seller)_VEGAVERO Ginkgo + Ginseng;620565878;4.5.2026;cpc;0,51;;19;1;5,263158;0;0,51;0;0;upmF3XUHA;4260557422106;0,51
it_CrossSellReRank_Vegavero (Marketplace Seller)_VEGAVERO Enzima della Papaya;658445112;4.5.2026;cpc;0,31;;22;0;0;0;0;0;0;14250930;4260309482648;0
com_MarketplaceBooster_Vegavero (Marketplace Seller)_VEGAVERO Echinacea Plus;620564961;4.5.2026;cpc;0,51;;18;1;5,555556;0;0,51;0;0;upmPHKX9F;4260557423141;0,51
com_MarketplaceBooster_Vegavero (Marketplace Seller)_VEGAVERO Zimt Extrakt BIO;619661041;4.5.2026;cpc;0,51;;18;0;0;0;0;0;0;upmW9KKTG;4260557422618;0
com_CrossSellReRank_Vegavero (Marketplace Seller)_VEGAVERO K?rbiskern?l BIO;643093438;4.5.2026;cpc;0,31;;20;0;0;0;0;0;0;upmY7MX4C;4260557422014;0
at_CrossSellReRank_Vegavero (Marketplace Seller)_VEGAVERO D-Mannose Complex;643049572;4.5.2026;cpc;0,31;;21;0;0;0;0;0;0;14250640;4260309482747;0
com_MarketplaceBooster_Vegavero (Marketplace Seller)_VEGAVERO Roter Reis Plus;620557805;4.5.2026;cpc;0,51;;18;1;5,555556;0;0,51;0;0;upmDFWTTT;4260557423110;0,51
at_MarketplaceBooster_Vegavero (Marketplace Seller)_VEGAVERO Roter Reis Plus;626443344;4.5.2026;cpc;0,51;;18;1;5,555556;0;0,51;0;0;upmDFWTTT;4260557423110;0,51
at_MarketplaceBooster_Vegavero (Marketplace Seller)_VEGAVERO Vision Care Complex;658347599;4.5.2026;cpc;0,51;;18;0;0;0;0;0;0;upmWRPTR4;4260557420867;0
it_CrossSellReRank_Vegavero (Marketplace Seller)_VEGAVERO D Mannosio Complex;658381392;4.5.2026;cpc;0,3;;18;1;5,555556;0;0,3;0;0;14250640;4260309482747;0,3
it_MarketplaceBooster_Vegavero (Marketplace Seller)_VEGAVERO Cardo Mariano;620565790;4.5.2026;cpc;1,01;;18;0;0;0;0;0;0;upmGMGWYP;4260309481979;0
at_MarketplaceBooster_Vegavero (Marketplace Seller)_VEGAVERO Lecithin BIO;620605162;4.5.2026;cpc;0,81;;18;1;5,555556;0;0,81;0;0;upm2HFKPC;4260557422021;0,81
it_CrossSellReRank_Vegavero (Marketplace Seller)_VEGAVERO Serenity Complex;649145562;4.5.2026;cpc;0,31;;19;0;0;0;0;0;0;upmZFGPHR;4260557422830;0
com_MarketplaceBooster_Vegavero (Marketplace Seller)_VEGAVERO Glycin Pulver;620530024;4.5.2026;cpc;1,01;;18;0;0;0;0;0;0;upmR9H4DE;4260557422595;0
it_MarketplaceBooster_Vegavero (Marketplace Seller)_VEGAVERO Youth Biotics;658445086;4.5.2026;cpc;1,01;;18;0;0;0;0;0;0;upmW7Y7DL;4260557423462;0
at_MarketplaceBooster_Vegavero (Marketplace Seller)_VEGAVERO MSM Pulver;620609038;4.5.2026;cpc;1,31;;18;0;0;0;0;0;0;upmWCKTTE;4260309481214;0
com_MarketplaceBooster_Vegavero (Marketplace Seller)_VEGAVERO Cholin Trio;618496729;4.5.2026;cpc;1,01;;18;1;5,555556;0;1,01;0;0;upm97PFY9;4260557421826;1,01
at_CrossSellReRank_Vegavero (Marketplace Seller)_VEGAVERO Koffein;658282821;4.5.2026;cpc;0,31;;19;0;0;0;0;0;0;upm4XZRWY;4260557423127;0
at_MarketplaceBooster_Vegavero (Marketplace Seller)_VEGAVERO Vitamin B12 Spray Cherry;620611413;4.5.2026;cpc;0,51;;18;0;0;0;0;0;0;14251102;4260557420027;0
SOLD_OUT_at_CrossSellReRank_Vegavero (Marketplace Seller)_VEGAVERO Vegan Collagen+Hyaluronic Acid;658347624;4.5.2026;cpc;1,21;;19;0;0;0;0;0;0;upmK3CG99;4260557422656;0
com_MarketplaceBooster_Vegavero (Marketplace Seller)_VEGAVERO Prostaid Complex;658727268;4.5.2026;cpc;1,51;;17;0;0;0;0;0;0;upmCEE43U;4260557420515;0
at_MarketplaceBooster_Vegavero (Marketplace Seller)_VEGAVERO Pro Bio Kulturenkomplex;620609408;4.5.2026;cpc;0,51;;17;0;0;0;0;0;0;14250976;4260557420034;0
at_CrossSellReRank_Vegavero (Marketplace Seller)_VEGAVERO Glycin Pulver;658280144;4.5.2026;cpc;0,31;;17;0;0;0;0;0;0;upmR9H4DE;4260557422595;0
it_CrossSellReRank_Vegavero (Marketplace Seller)_VEGAVERO Salvia BIO;649077205;4.5.2026;cpc;0,31;;21;0;0;0;0;0;0;upmMMLDZE;4260557420966;0
at_MarketplaceBooster_Vegavero (Marketplace Seller)_VEGAVERO Boswellia Extrakt;626438065;4.5.2026;cpc;0,51;;17;3;17,647059;0;1,53;0;0;upmEH2K74;4260557422588;0,51
it_CrossSellReRank_Vegavero (Marketplace Seller)_VEGAVERO Vitamina B3 Nicotinamide;649112226;4.5.2026;cpc;0,31;;17;0;0;0;0;0;0;upmKKE3R2;4260557422526;0
it_CrossSellReRank_Vegavero (Marketplace Seller)_VEGAVERO Vitamina C Naturale BIO;649076562;4.5.2026;cpc;1,31;;20;0;0;0;0;0;0;upmFY9KW9;4260557420331;0
at_MarketplaceBooster_Vegavero (Marketplace Seller)_VEGAVERO Sugar Balance Complex;658280124;4.5.2026;cpc;0,51;;17;1;5,882353;0;0,51;0;0;upmAD4HK4;4260557422403;0,51
com_CrossSellReRank_Vegavero (Marketplace Seller)_VEGAVERO Myo-Inositol Complex;658295458;4.5.2026;cpc;1,11;;20;0;0;0;0;0;0;upm7PGM77;4260557421765;0
at_CrossSellReRank_Vegavero (Marketplace Seller)_VEGAVERO Rosskastanie Plus BIO;658295841;4.5.2026;cpc;0,51;;18;0;0;0;0;0;0;upmUR4ZK4;4260557421239;0
at_CrossSellReRank_Vegavero (Marketplace Seller)_VEGAVERO Vision Care Complex;658347600;4.5.2026;cpc;0,31;;20;0;0;0;0;0;0;upmWRPTR4;4260557420867;0
at_CrossSellReRank_Vegavero (Marketplace Seller)_VEGAVERO Magnesium + Kalium;658279990;4.5.2026;cpc;0,31;;20;0;0;0;0;0;0;upm32MART;4260557420287;0
SOLD_OUT_at_MarketplaceBooster_Vegavero (Marketplace Seller)_VEGAVERO L-Tyrosin Plus;626440758;4.5.2026;cpc;0,81;;16;0;0;0;0;0;0;upm2FC2LC;4260557422885;0
it_MarketplaceBooster_Vegavero (Marketplace Seller)_VEGAVERO Ginseng Rosso Coreano;620566091;4.5.2026;cpc;0,51;;16;2;12,5;0;1,02;0;0;upm2CZXC9;4260557420140;0,51
com_MarketplaceBooster_Vegavero (Marketplace Seller)_VEGAVERO Pro Bio Kulturenkomplex;618496725;4.5.2026;cpc;0,51;;16;0;0;0;0;0;0;14250976;4260557420034;0
at_MarketplaceBooster_Vegavero (Marketplace Seller)_VEGAVERO OPC Trio;626443283;4.5.2026;cpc;0,51;;16;0;0;0;0;0;0;upmWFGGMG;4260557423097;0
it_MarketplaceBooster_Vegavero (Marketplace Seller)_VEGAVERO Rhodiola Rosea;658445090;4.5.2026;cpc;1,01;;16;0;0;0;0;0;0;14251036;4260557420102;0
at_CrossSellReRank_Vegavero (Marketplace Seller)_VEGAVERO Roter Reis Plus;658282817;4.5.2026;cpc;0,31;;16;1;6,25;0;0,31;0;0;upmDFWTTT;4260557423110;0,31
at_CrossSellReRank_Vegavero (Marketplace Seller)_VEGAVERO Leinsamen?l BIO;658280093;4.5.2026;cpc;0,31;;17;0;0;0;0;0;0;upmKU4FAU;4260557422038;0
it_CrossSellReRank_Vegavero (Marketplace Seller)_VEGAVERO Cardo Mariano Plus;649143954;4.5.2026;cpc;0,31;;23;0;0;0;0;0;0;upmR9H2HU;4260557422892;0
SOLD_OUT_at_CrossSellReRank_Vegavero (Marketplace Seller)_VEGAVERO Vitamin B12 Tropfen;658280176;4.5.2026;cpc;0,31;;23;0;0;0;0;0;0;upmYRCT9P;4260557422908;0
it_CrossSellReRank_Vegavero (Marketplace Seller)_VEGAVERO EAA - Aminoacidi Essenziali;649077110;4.5.2026;cpc;1,11;;20;0;0;0;0;0;0;upmGMXXY9;4260557420744;0
com_CrossSellReRank_Vegavero (Marketplace Seller)_VEGAVERO Party Hero;653854384;4.5.2026;cpc;0,31;;20;0;0;0;0;0;0;upmFACEA7;4260557423356;0
it_MarketplaceBooster_Vegavero (Marketplace Seller)_VEGAVERO MSM;620565773;4.5.2026;cpc;1,01;;16;0;0;0;0;0;0;upmWCKTTE;4260309481214;0
it_MarketplaceBooster_Vegavero (Marketplace Seller)_VEGAVERO MSM;641622735;4.5.2026;cpc;1,01;;16;0;0;0;0;0;0;upmTLUPGT;4260309483881;0
it_MarketplaceBooster_Vegavero (Marketplace Seller)_VEGAVERO Ippocastano BIO Plus;620572890;4.5.2026;cpc;0,51;;15;0;0;0;0;0;0;upmUR4ZK4;4260557421239;0
SOLD_OUT_at_MarketplaceBooster_Vegavero (Marketplace Seller)_VEGAVERO Vitamin B12 Tropfen;620608016;4.5.2026;cpc;0,51;;15;1;6,666667;0;0,51;0;0;upmYRCT9P;4260557422908;0,51
com_MarketplaceBooster_Vegavero (Marketplace Seller)_VEGAVERO Eisen Bisglycinat;620565118;4.5.2026;cpc;0,51;;15;2;13,333333;0;1,02;0;0;14250692;4260309483065;0,51
it_MarketplaceBooster_Vegavero (Marketplace Seller)_VEGAVERO Spirulina BIO +  Clorella BIO;658331796;4.5.2026;cpc;0,51;;15;2;13,333333;0;1,02;0;0;14250597;4260309484185;0,51
it_MarketplaceBooster_Vegavero (Marketplace Seller)_VEGAVERO Shilajit Mumijo;626452031;4.5.2026;cpc;0,51;;15;0;0;0;0;0;0;upmR33A3P;4260557421406;0
it_CrossSellReRank_Vegavero (Marketplace Seller)_VEGAVERO Vegan Essentials Complex;649088044;4.5.2026;cpc;0,31;;16;0;0;0;0;0;0;upmHHT433;4260557421390;0
com_CrossSellReRank_Vegavero (Marketplace Seller)_VEGAVERO Roter Reis Plus;643136807;4.5.2026;cpc;0,31;;17;0;0;0;0;0;0;upmDFWTTT;4260557423110;0
at_CrossSellReRank_Vegavero (Marketplace Seller)_VEGAVERO Prostaid Complex;658727263;4.5.2026;cpc;1,31;;20;0;0;0;0;0;0;upmCEE43U;4260557420515;0
com_MarketplaceBooster_Vegavero (Marketplace Seller)_VEGAVERO MSM Pulver DOSE;619660893;4.5.2026;cpc;1,01;;14;1;7,142857;0;1,01;0;0;upmTLUPGT;4260309483881;1,01
at_CrossSellReRank_Vegavero (Marketplace Seller)_VEGAVERO Chlorella BIO + Spirulina BIO;643057141;4.5.2026;cpc;0,31;;14;0;0;0;0;0;0;14250597;4260309484185;0
com_MarketplaceBooster_Vegavero (Marketplace Seller)_VEGAVERO Taurin Pulver;658347271;4.5.2026;cpc;1,51;;14;0;0;0;0;0;0;upmHULHZD;4260557423370;0
com_CrossSellReRank_Vegavero (Marketplace Seller)_VEGAVERO Vitamin B12 Spray Junior;643093986;4.5.2026;cpc;0,31;;16;0;0;0;0;0;0;upm3RXHUC;4260557422229;0
it_MarketplaceBooster_Vegavero (Marketplace Seller)_VEGAVERO Vitamina C Naturale BIO;620566115;4.5.2026;cpc;1,51;;14;1;7,142857;0;1,51;0;0;upmFY9KW9;4260557420331;1,51
at_CrossSellReRank_Vegavero (Marketplace Seller)_VEGAVERO Salbei BIO;658280032;4.5.2026;cpc;0,31;;15;0;0;0;0;0;0;upmMMLDZE;4260557420966;0
com_CrossSellReRank_Vegavero (Marketplace Seller)_VEGAVERO Vitamin B12 Spray Cherry;643079936;4.5.2026;cpc;0,31;;14;0;0;0;0;0;0;14251102;4260557420027;0
com_MarketplaceBooster_Vegavero (Marketplace Seller)_VEGAVERO Zimt-Ceylon Extrakt;619660976;4.5.2026;cpc;0,51;;14;0;0;0;0;0;0;14251208;4260557420164;0
com_CrossSellReRank_Vegavero (Marketplace Seller)_VEGAVERO Hyaluronsaeure;643078405;4.5.2026;cpc;0,31;;14;0;0;0;0;0;0;upmPMLEP9;4260557423103;0
SOLD_OUT_at_MarketplaceBooster_Vegavero (Marketplace Seller)_VEGAVERO Guggul;658280040;4.5.2026;cpc;0,51;;14;0;0;0;0;0;0;upmT99EZK;4260557421123;0
it_CrossSellReRank_Vegavero (Marketplace Seller)_VEGAVERO Sugar Balance Complex;649105321;4.5.2026;cpc;0,31;;14;0;0;0;0;0;0;upmAD4HK4;4260557422403;0
at_MarketplaceBooster_Vegavero (Marketplace Seller)_VEGAVERO Ashwagandha BIO;625771655;4.5.2026;cpc;0,51;;15;0;0;0;0;0;0;upmUPLLZH;4260557420676;0
at_MarketplaceBooster_Vegavero (Marketplace Seller)_VEGAVERO Serenity;658280178;4.5.2026;cpc;0,51;;14;0;0;0;0;0;0;upmZFGPHR;4260557422830;0
SOLD_OUT_com_CrossSellReRank_Vegavero (Marketplace Seller)_VEGAVERO Taurin Plus;643136001;4.5.2026;cpc;0,31;;16;0;0;0;0;0;0;upmXXW9XA;4260557423059;0
com_MarketplaceBooster_Vegavero (Marketplace Seller)_VEGAVERO L-Glutamin Pulver;620565039;4.5.2026;cpc;0,51;;14;1;7,142857;0;0,51;0;0;upmUPTFMH;4260557423233;0,51
it_CrossSellReRank_Vegavero (Marketplace Seller)_VEGAVERO Shilajit Mumijo;649090838;4.5.2026;cpc;0,31;;14;0;0;0;0;0;0;upmR33A3P;4260557421406;0
it_MarketplaceBooster_Vegavero (Marketplace Seller)_VEGAVERO BCAA in Polvere;658381388;4.5.2026;cpc;1,01;;13;0;0;0;0;0;0;upmWWWMYX;4260557423523;0
it_CrossSellReRank_Vegavero (Marketplace Seller)_VEGAVERO Olio di Semi di Chia;649117677;4.5.2026;cpc;0,31;;16;0;0;0;0;0;0;upmK7YWLD;4260557422649;0
it_MarketplaceBooster_Vegavero (Marketplace Seller)_VEGAVERO Myo-Inositol Complex;658353199;4.5.2026;cpc;1,51;;13;1;7,692308;0;1,51;0;0;upm7PGM77;4260557421765;1,51
com_CrossSellReRank_Vegavero (Marketplace Seller)_VEGAVERO MSM Pulver;643233362;4.5.2026;cpc;0,61;;13;0;0;0;0;0;0;upmWCKTTE;4260309481214;0
com_MarketplaceBooster_Vegavero (Marketplace Seller)_VEGAVERO BCAA Pulver Mango;658445052;4.5.2026;cpc;2,01;;13;0;0;0;0;0;0;upmWWWMYX;4260557423523;0
it_CrossSellReRank_Vegavero (Marketplace Seller)_VEGAVERO Olio di semi di Zucca BIO;649099614;4.5.2026;cpc;0,31;;15;0;0;0;0;0;0;upmY7MX4C;4260557422014;0
SOLD_OUT_it_MarketplaceBooster_Vegavero (Marketplace Seller)_VEGAVERO MSM;653861307;4.5.2026;cpc;1,01;;13;0;0;0;0;0;0;14250924;4260309484130;0
com_CrossSellReRank_Vegavero (Marketplace Seller)_VEGAVERO Echinacea Plus;643137759;4.5.2026;cpc;0,31;;13;0;0;0;0;0;0;upmPHKX9F;4260557423141;0
at_CrossSellReRank_Vegavero (Marketplace Seller)_VEGAVERO Oregano ?l BIO;658280077;4.5.2026;cpc;0,31;1;15;0;0;0;0;25,9;0;upmYCXAL7;4260557421932;0
com_CrossSellReRank_Vegavero (Marketplace Seller)_VEGAVERO Vitamin B3 (Nicotinamid);643089676;4.5.2026;cpc;0,51;;16;0;0;0;0;0;0;upmUEXHE2;4260557420850;0
com_MarketplaceBooster_Vegavero (Marketplace Seller)_VEGAVERO Psyllium BIO;658295759;4.5.2026;cpc;0,51;;13;0;0;0;0;0;0;upmERYMM3;4260557423295;0
at_CrossSellReRank_Vegavero (Marketplace Seller)_VEGAVERO Papaya Enzym;658280137;4.5.2026;cpc;0,31;;15;0;0;0;0;0;0;14250930;4260309482648;0
com_CrossSellReRank_Vegavero (Marketplace Seller)_VEGAVERO Vision Care Complex;658347575;4.5.2026;cpc;0,31;;13;0;0;0;0;0;0;upmWRPTR4;4260557420867;0
at_MarketplaceBooster_Vegavero (Marketplace Seller)_VEGAVERO Rosskastanie Plus BIO;658295840;4.5.2026;cpc;1,21;;12;0;0;0;0;0;0;upmUR4ZK4;4260557421239;0
com_CrossSellReRank_Vegavero (Marketplace Seller)_VEGAVERO Schwarzk?mmel?l BIO;658295948;4.5.2026;cpc;0,71;;13;0;0;0;0;0;0;upmEUZ9F7;4260557421376;0
SOLD_OUT_it_CrossSellReRank_Vegavero (Marketplace Seller)_VEGAVERO Probiotici e Prebiotici Bambini;658445102;4.5.2026;cpc;0,31;;12;0;0;0;0;0;0;14250953;4260557420249;0
at_MarketplaceBooster_Vegavero (Marketplace Seller)_VEGAVERO Zimt Extrakt BIO;625767692;4.5.2026;cpc;0,51;;12;0;0;0;0;0;0;upmW9KKTG;4260557422618;0
at_CrossSellReRank_Vegavero (Marketplace Seller)_VEGAVERO Brennnessel BIO;658280036;4.5.2026;cpc;0,31;1;13;1;8,333333;100;0,31;22,9;7387,096774;upm9RX43T;4260557421031;0,31
at_MarketplaceBooster_Vegavero (Marketplace Seller)_VEGAVERO Youth Biotics;658445045;4.5.2026;cpc;1,01;;12;0;0;0;0;0;0;upmW7Y7DL;4260557423462;0
at_MarketplaceBooster_Vegavero (Marketplace Seller)_VEGAVERO Vitamin B12 Spray Junior;625789014;4.5.2026;cpc;0,51;;12;0;0;0;0;0;0;upm3RXHUC;4260557422229;0
it_MarketplaceBooster_Vegavero (Marketplace Seller)_VEGAVERO Enzima della Papaya;658445110;4.5.2026;cpc;1,01;;12;1;8,333333;0;1,01;0;0;14250930;4260309482648;1,01
SOLD_OUT_at_MarketplaceBooster_Vegavero (Marketplace Seller)_VEGAVERO MSM 670mg;620609039;4.5.2026;cpc;0,51;;12;1;8,333333;0;0,51;0;0;14250924;4260309484130;0,51
com_MarketplaceBooster_Vegavero (Marketplace Seller)_VEGAVERO L-Tryptophan;619660835;4.5.2026;cpc;2,02;;12;0;0;0;0;0;0;14250841;4260309481108;0
it_CrossSellReRank_Vegavero (Marketplace Seller)_VEGAVERO BCAA in Polvere;658381389;4.5.2026;cpc;0,61;;12;0;0;0;0;0;0;upmWWWMYX;4260557423523;0
at_MarketplaceBooster_Vegavero (Marketplace Seller)_VEGAVERO Nachtkerzen und Borretsch?l BIO;658295855;4.5.2026;cpc;0,51;;12;0;0;0;0;0;0;upm7KTFPH;4260557421420;0
it_MarketplaceBooster_Vegavero (Marketplace Seller)_VEGAVERO Cannella Ceylon BIO;641627330;4.5.2026;cpc;0,51;;12;2;16,666667;0;1,02;0;0;upmW9KKTG;4260557422618;0,51
it_CrossSellReRank_Vegavero (Marketplace Seller)_VEGAVERO Multivitamino Spray per Bambini;649081621;4.5.2026;cpc;0,31;;14;0;0;0;0;0;0;upm9ZTF3H;4260557421178;0
at_CrossSellReRank_Vegavero (Marketplace Seller)_VEGAVERO Myo-Inositol Complex;658280066;4.5.2026;cpc;1,21;;15;0;0;0;0;0;0;upm7PGM77;4260557421765;0
SOLD_OUT_com_MarketplaceBooster_Vegavero (Marketplace Seller)_VEGAVERO MSM 670mg;620565489;4.5.2026;cpc;1,01;;12;1;8,333333;0;1,01;0;0;14250924;4260309484130;1,01
com_MarketplaceBooster_Vegavero (Marketplace Seller)_VEGAVERO Magnesium + Kalium;617842638;4.5.2026;cpc;1,01;;12;1;8,333333;0;1,01;0;0;upm32MART;4260557420287;1,01
it_MarketplaceBooster_Vegavero (Marketplace Seller)_VEGAVERO Vegan Essentials Complex;641622696;4.5.2026;cpc;0,51;;12;1;8,333333;0;0,51;0;0;upmHHT433;4260557421390;0,51
com_MarketplaceBooster_Vegavero (Marketplace Seller)_VEGAVERO D-Mannose Pulver;619660673;4.5.2026;cpc;1,51;;11;0;0;0;0;0;0;14250686;4260309481603;0
com_CrossSellReRank_Vegavero (Marketplace Seller)_VEGAVERO Rapunzel;658295814;4.5.2026;cpc;0,31;;14;1;9,090909;0;0,31;0;0;upmDUFHFK;4260557423134;0,31
it_MarketplaceBooster_Vegavero (Marketplace Seller)_VEGAVERO Boswellia;641624237;4.5.2026;cpc;0,51;;11;0;0;0;0;0;0;upmEH2K74;4260557422588;0
it_CrossSellReRank_Vegavero (Marketplace Seller)_VEGAVERO Nattokinase;649160527;4.5.2026;cpc;0,31;;11;1;9,090909;0;0,31;0;0;upm2ZL4CL;4260557423264;0,31
at_CrossSellReRank_Vegavero (Marketplace Seller)_VEGAVERO Nattokinase;658282838;4.5.2026;cpc;0,31;;11;1;9,090909;0;0,31;0;0;upm2ZL4CL;4260557423264;0,31
at_CrossSellReRank_Vegavero (Marketplace Seller)_VEGAVERO Light Legs Complex;658347598;4.5.2026;cpc;0,31;;13;0;0;0;0;0;0;upmD7EWMP;4260557420454;0
at_MarketplaceBooster_Vegavero (Marketplace Seller)_VEGAVERO Chlorella BIO + Spirulina BIO;620611807;4.5.2026;cpc;0,51;;11;0;0;0;0;0;0;14250597;4260309484185;0
com_CrossSellReRank_Vegavero (Marketplace Seller)_VEGAVERO Keto Power;658283043;4.5.2026;cpc;0,31;;11;0;0;0;0;0;0;upmP77L3M;4260557423288;0
at_CrossSellReRank_Vegavero (Marketplace Seller)_VEGAVERO Moringa BIO;658725473;4.5.2026;cpc;1,01;;12;0;0;0;0;0;0;14250893;4260309481115;0
at_MarketplaceBooster_Vegavero (Marketplace Seller)_VEGAVERO Nattokinase;626443809;4.5.2026;cpc;0,51;;11;0;0;0;0;0;0;upm2ZL4CL;4260557423264;0
SOLD_OUT_at_CrossSellReRank_Vegavero (Marketplace Seller)_VEGAVERO Pro Bio Kids BIO;658279986;4.5.2026;cpc;0,31;;11;0;0;0;0;0;0;14250953;4260557420249;0
com_MarketplaceBooster_Vegavero (Marketplace Seller)_VEGAVERO Party Hero;653854277;4.5.2026;cpc;0,51;;11;1;9,090909;0;0,51;0;0;upmFACEA7;4260557423356;0,51
it_CrossSellReRank_Vegavero (Marketplace Seller)_VEGAVERO MSM;658352467;4.5.2026;cpc;0,61;;11;0;0;0;0;0;0;upmTLUPGT;4260309483881;0
com_MarketplaceBooster_Vegavero (Marketplace Seller)_VEGAVERO BIO Mushroom Mix;620545551;4.5.2026;cpc;0,51;;11;0;0;0;0;0;0;upmALDCEH;4260557423028;0
at_MarketplaceBooster_Vegavero (Marketplace Seller)_VEGAVERO Hagebutte BIO;658280037;4.5.2026;cpc;0,51;;11;1;9,090909;0;0,51;0;0;upmWRWWCG;4260557421048;0,51
com_MarketplaceBooster_Vegavero (Marketplace Seller)_VEGAVERO Ackerschachtelhalm BIO;653634560;4.5.2026;cpc;0,51;;11;0;0;0;0;0;0;upmDKAWH3;4260557421307;0
com_MarketplaceBooster_Vegavero (Marketplace Seller)_VEGAVERO Vitamin C liposomal;619662437;4.5.2026;cpc;0,51;;11;0;0;0;0;0;0;upm77WEEP;4260557422786;0
it_MarketplaceBooster_Vegavero (Marketplace Seller)_VEGAVERO Astaxantina BIO;620574573;4.5.2026;cpc;0,71;;10;0;0;0;0;0;0;upm7GZX42;4260557423165;0
com_MarketplaceBooster_Vegavero (Marketplace Seller)_VEGAVERO Bromelain 2400 GDU/g;619684531;4.5.2026;cpc;0,51;;10;0;0;0;0;0;0;upm43HM34;4260557421130;0
com_MarketplaceBooster_Vegavero (Marketplace Seller)_VEGAVERO Rosskastanie Plus BIO;619708788;4.5.2026;cpc;1,31;;10;0;0;0;0;0;0;upmUR4ZK4;4260557421239;0
com_MarketplaceBooster_Vegavero (Marketplace Seller)_VEGAVERO Papaya Enzym;620527421;4.5.2026;cpc;0,51;;10;0;0;0;0;0;0;14250930;4260309482648;0
com_CrossSellReRank_Vegavero (Marketplace Seller)_VEGAVERO Cholin Bitartrat;658347159;4.5.2026;cpc;0,31;1;12;0;0;0;0;16,9;0;upmU9FP9M;4260557423325;0
SOLD_OUT_at_CrossSellReRank_Vegavero (Marketplace Seller)_VEGAVERO Taurin Plus;658282814;4.5.2026;cpc;0,31;;13;0;0;0;0;0;0;upmXXW9XA;4260557423059;0
it_MarketplaceBooster_Vegavero (Marketplace Seller)_VEGAVERO Origano BIO;641622706;4.5.2026;cpc;0,51;;10;2;20;0;1,02;0;0;upmYCXAL7;4260557421932;0,51
at_CrossSellReRank_Vegavero (Marketplace Seller)_VEGAVERO Glucosamin Complex;658280006;4.5.2026;cpc;0,31;;12;0;0;0;0;0;0;upmTYL3Y7;4260557420737;0
com_CrossSellReRank_Vegavero (Marketplace Seller)_VEGAVERO Moringa BIO;642560128;4.5.2026;cpc;1,41;;11;0;0;0;0;0;0;14250893;4260309481115;0
com_MarketplaceBooster_Vegavero (Marketplace Seller)_VEGAVERO Cholin Bitartrat;658347145;4.5.2026;cpc;1,01;;10;0;0;0;0;0;0;upmU9FP9M;4260557423325;0
it_CrossSellReRank_Vegavero (Marketplace Seller)_VEGAVERO Enotera e Borragine  BIO;649091296;4.5.2026;cpc;0,31;;12;0;0;0;0;0;0;upm7KTFPH;4260557421420;0
com_CrossSellReRank_Vegavero (Marketplace Seller)_VEGAVERO Brahmi BIO;643093286;4.5.2026;cpc;0,31;;10;0;0;0;0;0;0;upmHFPDDK;4260557421956;0
at_MarketplaceBooster_Vegavero (Marketplace Seller)_VEGAVERO Bockshornklee BIO;626442445;4.5.2026;cpc;0,51;;10;0;0;0;0;0;0;upm7AL3PG;4260557422977;0
com_MarketplaceBooster_Vegavero (Marketplace Seller)_VEGAVERO Nattokinase;620565077;4.5.2026;cpc;0,51;;10;1;10;0;0,51;0;0;upm2ZL4CL;4260557423264;0,51
it_MarketplaceBooster_Vegavero (Marketplace Seller)_VEGAVERO Glicina in Polvere;658334361;4.5.2026;cpc;1,01;;10;0;0;0;0;0;0;upmR9H4DE;4260557422595;0
it_CrossSellReRank_Vegavero (Marketplace Seller)_VEGAVERO Colon Care Complex;658353192;4.5.2026;cpc;0,31;;11;0;0;0;0;0;0;14250605;4260557420201;0
at_CrossSellReRank_Vegavero (Marketplace Seller)_VEGAVERO Glycin Pulver;658280145;4.5.2026;cpc;0,31;;11;0;0;0;0;0;0;upmTGWG29;4260557423479;0
it_CrossSellReRank_Vegavero (Marketplace Seller)_VEGAVERO Femme Biotics;658445084;4.5.2026;cpc;0,61;;14;0;0;0;0;0;0;upm4AEDEP;4260557423455;0
it_MarketplaceBooster_Vegavero (Marketplace Seller)_VEGAVERO L-Triptofano;658352472;4.5.2026;cpc;0,51;;10;0;0;0;0;0;0;14250841;4260309481108;0
com_MarketplaceBooster_Vegavero (Marketplace Seller)_VEGAVERO Moringa BIO;628844146;4.5.2026;cpc;1,31;;10;0;0;0;0;0;0;14250893;4260309481115;0
com_MarketplaceBooster_Vegavero (Marketplace Seller)_VEGAVERO Glycin Pulver;658347478;4.5.2026;cpc;1,51;;10;1;10;0;1,51;0;0;upmTGWG29;4260557423479;1,51
at_MarketplaceBooster_Vegavero (Marketplace Seller)_VEGAVERO Echinacea Plus;626443785;4.5.2026;cpc;0,51;;10;0;0;0;0;0;0;upmPHKX9F;4260557423141;0
com_MarketplaceBooster_Vegavero (Marketplace Seller)_VEGAVERO Psyllium BIO;658295766;4.5.2026;cpc;0,51;;10;0;0;0;0;0;0;upmERYMM3;4260557423295;0
at_MarketplaceBooster_Vegavero (Marketplace Seller)_VEGAVERO Mariendistel Plus;658280173;4.5.2026;cpc;0,51;;9;0;0;0;0;0;0;upmR9H2HU;4260557422892;0
it_MarketplaceBooster_Vegavero (Marketplace Seller)_VEGAVERO Echinacea Purpurea;620565881;4.5.2026;cpc;0,51;;9;0;0;0;0;0;0;upmPZPD44;4260557420133;0
com_MarketplaceBooster_Vegavero (Marketplace Seller)_VEGAVERO Wild Yams + Zink;619660532;4.5.2026;cpc;0,51;;9;0;0;0;0;0;0;14251183;4260309481672;0
it_MarketplaceBooster_Vegavero (Marketplace Seller)_VEGAVERO OPC Trio;641650064;4.5.2026;cpc;0,51;;9;0;0;0;0;0;0;upmWFGGMG;4260557423097;0
it_CrossSellReRank_Vegavero (Marketplace Seller)_VEGAVERO Colina Bitartrato;658296216;4.5.2026;cpc;0,31;;12;0;0;0;0;0;0;upmU9FP9M;4260557423325;0
com_CrossSellReRank_Vegavero (Marketplace Seller)_VEGAVERO Hagebutte BIO;643089764;4.5.2026;cpc;0,31;;14;0;0;0;0;0;0;upmWRWWCG;4260557421048;0
at_MarketplaceBooster_Vegavero (Marketplace Seller)_VEGAVERO Resveratrol + Nicotinamid;625771680;4.5.2026;cpc;0,51;;9;0;0;0;0;0;0;upmGDDD7G;4260557420805;0
at_CrossSellReRank_Vegavero (Marketplace Seller)_VEGAVERO Wild Yams + Zink;658279949;4.5.2026;cpc;0,31;;12;0;0;0;0;0;0;14251183;4260309481672;0
at_CrossSellReRank_Vegavero (Marketplace Seller)_VEGAVERO Hyaluronsaeure;643052787;4.5.2026;cpc;0,31;;13;0;0;0;0;0;0;upmPMLEP9;4260557423103;0
at_CrossSellReRank_Vegavero (Marketplace Seller)_VEGAVERO Vitamin D3 und K2 ?l;658280065;4.5.2026;cpc;1,11;;11;0;0;0;0;0;0;upm7FHKKZ;4260557421437;0
com_CrossSellReRank_Vegavero (Marketplace Seller)_VEGAVERO MSM Pulver;643233340;4.5.2026;cpc;0,31;;9;0;0;0;0;0;0;upmWCKTTE;4260309481214;0
com_MarketplaceBooster_Vegavero (Marketplace Seller)_VEGAVERO Beta-Alanin Pulver;658295769;4.5.2026;cpc;0,51;;9;0;0;0;0;0;0;upmFKHFRA;4260557423431;0
at_MarketplaceBooster_Vegavero (Marketplace Seller)_VEGAVERO Salbei BIO;658280029;4.5.2026;cpc;0,51;;9;0;0;0;0;0;0;upmMMLDZE;4260557420966;0
com_CrossSellReRank_Vegavero (Marketplace Seller)_VEGAVERO Mariendistel Plus;652868608;4.5.2026;cpc;0,31;;9;0;0;0;0;0;0;upmR9H2HU;4260557422892;0
at_MarketplaceBooster_Vegavero (Marketplace Seller)_VEGAVERO Saccharomyces boulardii;658347617;4.5.2026;cpc;0,51;;9;4;44,444444;0;2,04;0;0;upmWDER3T;4260557421949;0,51
at_MarketplaceBooster_Vegavero (Marketplace Seller)_VEGAVERO MSM Pulver DOSE;658279977;4.5.2026;cpc;1,01;;10;1;11,111111;0;1,01;0;0;upmTLUPGT;4260309483881;1,01
it_MarketplaceBooster_Vegavero (Marketplace Seller)_VEGAVERO Boswellia;649114805;4.5.2026;cpc;0,51;;9;0;0;0;0;0;0;upmEH2K74;4260557422588;0
com_MarketplaceBooster_Vegavero (Marketplace Seller)_VEGAVERO Curcuma BIO;618496721;4.5.2026;cpc;0,51;;9;0;0;0;0;0;0;upm27X4XW;4260557422878;0
com_CrossSellReRank_Vegavero (Marketplace Seller)_VEGAVERO Knoblauch Plus;643126592;4.5.2026;cpc;0,31;;12;1;11,111111;0;0,31;0;0;upm2WRLPU;4260557422632;0,31
it_CrossSellReRank_Vegavero (Marketplace Seller)_VEGAVERO L-Triptofano;658352473;4.5.2026;cpc;0,31;;9;0;0;0;0;0;0;14250841;4260309481108;0
SOLD_OUT_com_CrossSellReRank_Vegavero (Marketplace Seller)_VEGAVERO Vegan Collagen+Hyaluronic Acid;658347591;4.5.2026;cpc;1,21;;10;0;0;0;0;0;0;upmK3CG99;4260557422656;0
at_CrossSellReRank_Vegavero (Marketplace Seller)_VEGAVERO Multivitamin Spray Junior;658280046;4.5.2026;cpc;0,31;;11;1;11,111111;0;0,31;0;0;upm9ZTF3H;4260557421178;0,31
at_CrossSellReRank_Vegavero (Marketplace Seller)_VEGAVERO Vitamin B12 Spray Junior;658280108;4.5.2026;cpc;0,31;;10;0;0;0;0;0;0;upm3RXHUC;4260557422229;0
it_CrossSellReRank_Vegavero (Marketplace Seller)_VEGAVERO Strong Bones;658296089;4.5.2026;cpc;0,31;;14;0;0;0;0;0;0;upmAP9MLM;4260557423301;0
at_CrossSellReRank_Vegavero (Marketplace Seller)_VEGAVERO Vitamin K2;658295904;4.5.2026;cpc;0,31;;8;0;0;0;0;0;0;upmFYFHAU;4260557423424;0
SOLD_OUT_it_CrossSellReRank_Vegavero (Marketplace Seller)_VEGAVERO Guggul;649077297;4.5.2026;cpc;0,31;;9;1;12,5;0;0,31;0;0;upmT99EZK;4260557421123;0,31
com_CrossSellReRank_Vegavero (Marketplace Seller)_VEGAVERO Female Harmony Complex;643239568;4.5.2026;cpc;0,31;;8;0;0;0;0;0;0;upmUFEEWW;4260557420300;0
com_CrossSellReRank_Vegavero (Marketplace Seller)_VEGAVERO Taurin Pulver;658347286;4.5.2026;cpc;0,31;;8;1;12,5;0;0,31;0;0;upmHULHZD;4260557423370;0,31
com_MarketplaceBooster_Vegavero (Marketplace Seller)_VEGAVERO Vision Care Complex;619678178;4.5.2026;cpc;0,51;;8;0;0;0;0;0;0;upmWRPTR4;4260557420867;0
it_CrossSellReRank_Vegavero (Marketplace Seller)_VEGAVERO Ginkgo + Ginseng;649102509;4.5.2026;cpc;0,31;;10;0;0;0;0;0;0;upmF3XUHA;4260557422106;0
at_CrossSellReRank_Vegavero (Marketplace Seller)_VEGAVERO Resveratrol + Nicotinamid;658280009;4.5.2026;cpc;0,31;;8;0;0;0;0;0;0;upmGDDD7G;4260557420805;0
at_CrossSellReRank_Vegavero (Marketplace Seller)_VEGAVERO Papaya BIO;658295838;4.5.2026;cpc;0,31;;10;0;0;0;0;0;0;upm9HWLUD;4260557421055;0
at_MarketplaceBooster_Vegavero (Marketplace Seller)_VEGAVERO Vitamin B3 (Nicotinamid);625772385;4.5.2026;cpc;0,81;1;8;1;12,5;100;0,81;22,9;2827,160494;upmUEXHE2;4260557420850;0,81
at_MarketplaceBooster_Vegavero (Marketplace Seller)_VEGAVERO Zimt-Ceylon Extrakt;625767691;4.5.2026;cpc;0,51;;8;0;0;0;0;0;0;14251208;4260557420164;0
at_CrossSellReRank_Vegavero (Marketplace Seller)_VEGAVERO Natural Jod BIO;658279988;4.5.2026;cpc;0,31;;8;0;0;0;0;0;0;14250769;4260557420256;0
at_MarketplaceBooster_Vegavero (Marketplace Seller)_VEGAVERO Astaxanthin ?l;620605150;4.5.2026;cpc;0,51;;8;1;12,5;0;0,51;0;0;upmYPTY2W;4260557421925;0,51
com_CrossSellReRank_Vegavero (Marketplace Seller)_VEGAVERO Zimt-Ceylon Extrakt;643084475;4.5.2026;cpc;0,31;;8;0;0;0;0;0;0;14251208;4260557420164;0
it_CrossSellReRank_Vegavero (Marketplace Seller)_VEGAVERO Echinacea Purpurea;649076430;4.5.2026;cpc;0,31;;10;0;0;0;0;0;0;upmPZPD44;4260557420133;0
it_MarketplaceBooster_Vegavero (Marketplace Seller)_VEGAVERO Magnesio + Potassio;620566099;4.5.2026;cpc;0,51;;8;2;25;0;1,02;0;0;upm32MART;4260557420287;0,51
it_MarketplaceBooster_Vegavero (Marketplace Seller)_VEGAVERO L-Glutammina in Polvere;649157245;4.5.2026;cpc;0,51;;8;0;0;0;0;0;0;upmUPTFMH;4260557423233;0
at_MarketplaceBooster_Vegavero (Marketplace Seller)_VEGAVERO Cordyceps Extrakt;658347645;4.5.2026;cpc;0,51;;8;1;12,5;0;0,51;0;0;14250611;4260309483218;0,51
at_CrossSellReRank_Vegavero (Marketplace Seller)_VEGAVERO D-Mannose Pulver;658295900;4.5.2026;cpc;0,31;;9;0;0;0;0;0;0;14250686;4260309481603;0
at_MarketplaceBooster_Vegavero (Marketplace Seller)_VEGAVERO Mushroom Mix Complex;625773721;4.5.2026;cpc;0,51;;8;0;0;0;0;0;0;upm4XDXPR;4260557422045;0
at_CrossSellReRank_Vegavero (Marketplace Seller)_VEGAVERO Sugar Balance Complex;658280126;4.5.2026;cpc;0,31;;9;0;0;0;0;0;0;upmAD4HK4;4260557422403;0
at_MarketplaceBooster_Vegavero (Marketplace Seller)_VEGAVERO Curcuma BIO;626440031;4.5.2026;cpc;0,51;;8;0;0;0;0;0;0;upm27X4XW;4260557422878;0
it_CrossSellReRank_Vegavero (Marketplace Seller)_VEGAVERO Party Hero;658331705;4.5.2026;cpc;0,31;;9;0;0;0;0;0;0;upmFACEA7;4260557423356;0
it_MarketplaceBooster_Vegavero (Marketplace Seller)_VEGAVERO Fieno Greco BIO;641649770;4.5.2026;cpc;0,51;;8;0;0;0;0;0;0;upm7AL3PG;4260557422977;0
at_MarketplaceBooster_Vegavero (Marketplace Seller)_VEGAVERO Papaya Enzym;625793359;4.5.2026;cpc;0,51;;8;1;12,5;0;0,51;0;0;14250930;4260309482648;0,51
SOLD_OUT_it_CrossSellReRank_Vegavero (Marketplace Seller)_VEGAVERO Vitamina B12 gocce;649144392;4.5.2026;cpc;0,31;;9;0;0;0;0;0;0;upmYRCT9P;4260557422908;0
it_CrossSellReRank_Vegavero (Marketplace Seller)_VEGAVERO Cordyceps Sinensis BIO;649146937;4.5.2026;cpc;0,31;;8;0;0;0;0;0;0;upmTG77MW;4260557422991;0
com_MarketplaceBooster_Vegavero (Marketplace Seller)_VEGAVERO Glucomannan BIO;658283040;4.5.2026;cpc;0,51;;7;0;0;0;0;0;0;upmLXEUT7;4260557423240;0
at_CrossSellReRank_Vegavero (Marketplace Seller)_VEGAVERO Griffonia Plus;658280154;4.5.2026;cpc;0,31;;8;0;0;0;0;0;0;upmHCULGA;4260557422755;0
com_MarketplaceBooster_Vegavero (Marketplace Seller)_VEGAVERO Salbei BIO;619682278;4.5.2026;cpc;0,51;;7;2;28,571429;0;1,02;0;0;upmMMLDZE;4260557420966;0,51
at_MarketplaceBooster_Vegavero (Marketplace Seller)_VEGAVERO Shiitake Extrakt;658280086;4.5.2026;cpc;0,51;;7;0;0;0;0;0;0;upmZ7P4AX;4260557421970;0
com_CrossSellReRank_Vegavero (Marketplace Seller)_VEGAVERO Papaya BIO;643089807;4.5.2026;cpc;0,31;;7;0;0;0;0;0;0;upm9HWLUD;4260557421055;0
at_MarketplaceBooster_Vegavero (Marketplace Seller)_VEGAVERO Quercetin Komplex;658445034;4.5.2026;cpc;1,01;;7;0;0;0;0;0;0;upmF2AFXC;4260557423509;0
at_CrossSellReRank_Vegavero (Marketplace Seller)_VEGAVERO L-Glutamin Pulver;658282832;4.5.2026;cpc;0,31;;8;0;0;0;0;0;0;upmUPTFMH;4260557423233;0
it_CrossSellReRank_Vegavero (Marketplace Seller)_VEGAVERO Cumino Nero BIO;658352478;4.5.2026;cpc;0,31;;9;0;0;0;0;0;0;upmEUZ9F7;4260557421376;0
at_MarketplaceBooster_Vegavero (Marketplace Seller)_VEGAVERO Hyaluronsaeure;620609033;4.5.2026;cpc;0,51;;9;0;0;0;0;0;0;upmKMAH3F;4260557420539;0
it_MarketplaceBooster_Vegavero (Marketplace Seller)_VEGAVERO EAA - Aminoacidi Essenziali;620567252;4.5.2026;cpc;1,11;;7;0;0;0;0;0;0;upmGMXXY9;4260557420744;0
com_CrossSellReRank_Vegavero (Marketplace Seller)_VEGAVERO Astragalus BIO;643090713;4.5.2026;cpc;0,31;;7;0;0;0;0;0;0;upmCGKMCH;4260557421222;0
at_CrossSellReRank_Vegavero (Marketplace Seller)_VEGAVERO Strong Bones;658283006;4.5.2026;cpc;0,31;;8;0;0;0;0;0;0;upmAP9MLM;4260557423301;0
com_MarketplaceBooster_Vegavero (Marketplace Seller)_VEGAVERO Tribulus terrestris Extrakt;619660805;4.5.2026;cpc;0,51;;7;0;0;0;0;0;0;14251088;4260309481313;0
at_MarketplaceBooster_Vegavero (Marketplace Seller)_VEGAVERO Hyaluronsaeure;620609034;4.5.2026;cpc;0,51;;9;0;0;0;0;0;0;upmPMLEP9;4260557423103;0
com_MarketplaceBooster_Vegavero (Marketplace Seller)_VEGAVERO Cordyceps Extrakt;658347556;4.5.2026;cpc;1,01;;7;0;0;0;0;0;0;14250611;4260309483218;0
com_MarketplaceBooster_Vegavero (Marketplace Seller)_VEGAVERO Sugar Balance Complex;652859174;4.5.2026;cpc;0,51;;7;0;0;0;0;0;0;upmAD4HK4;4260557422403;0
com_CrossSellReRank_Vegavero (Marketplace Seller)_VEGAVERO MSM Pulver DOSE;643236175;4.5.2026;cpc;0,61;;7;0;0;0;0;0;0;upmTLUPGT;4260309483881;0
com_MarketplaceBooster_Vegavero (Marketplace Seller)_VEGAVERO Resveratrol + Nicotinamid;619676602;4.5.2026;cpc;0,51;;7;0;0;0;0;0;0;upmGDDD7G;4260557420805;0
it_MarketplaceBooster_Vegavero (Marketplace Seller)_VEGAVERO Cordyceps;658334300;4.5.2026;cpc;0,51;;7;0;0;0;0;0;0;14250611;4260309483218;0
com_CrossSellReRank_Vegavero (Marketplace Seller)_VEGAVERO Saccharomyces boulardii;643093285;4.5.2026;cpc;0,31;;7;0;0;0;0;0;0;upmWDER3T;4260557421949;0
at_MarketplaceBooster_Vegavero (Marketplace Seller)_VEGAVERO Ingwer BIO;625770334;4.5.2026;cpc;0,51;;7;0;0;0;0;0;0;upmPX4TPU;4260557420386;0
it_CrossSellReRank_Vegavero (Marketplace Seller)_VEGAVERO Glucomammano BIO;649158747;4.5.2026;cpc;0,31;;7;0;0;0;0;0;0;upmLXEUT7;4260557423240;0
at_MarketplaceBooster_Vegavero (Marketplace Seller)_VEGAVERO Echinacea Plus;658282823;4.5.2026;cpc;0,31;;7;0;0;0;0;0;0;upmPHKX9F;4260557423141;0
it_MarketplaceBooster_Vegavero (Marketplace Seller)_VEGAVERO Vitamina C Liposomiale;620566158;4.5.2026;cpc;0,81;;7;1;14,285714;0;0,81;0;0;upm77WEEP;4260557422786;0,81
it_CrossSellReRank_Vegavero (Marketplace Seller)_VEGAVERO Echinacea Plus;649151902;4.5.2026;cpc;0,31;;12;0;0;0;0;0;0;upmPHKX9F;4260557423141;0
com_CrossSellReRank_Vegavero (Marketplace Seller)_VEGAVERO Beta-Alanin Pulver;658295770;4.5.2026;cpc;0,31;;8;0;0;0;0;0;0;upmFKHFRA;4260557423431;0
com_MarketplaceBooster_Vegavero (Marketplace Seller)_VEGAVERO Youth Biotics;658469892;4.5.2026;cpc;1,01;;7;0;0;0;0;0;0;upmW7Y7DL;4260557423462;0
com_CrossSellReRank_Vegavero (Marketplace Seller)_VEGAVERO Glucosamin Complex;643088059;4.5.2026;cpc;0,31;;9;0;0;0;0;0;0;upmTYL3Y7;4260557420737;0
it_MarketplaceBooster_Vegavero (Marketplace Seller)_VEGAVERO Elettroliti Complex;641629249;4.5.2026;cpc;0,51;;7;2;28,571429;0;1,02;0;0;upmD23XCL;4260557422823;0,51
at_CrossSellReRank_Vegavero (Marketplace Seller)_VEGAVERO Party Hero;658283021;4.5.2026;cpc;0,31;;7;0;0;0;0;0;0;upmFACEA7;4260557423356;0
it_MarketplaceBooster_Vegavero (Marketplace Seller)_VEGAVERO Nattokinase;649159872;4.5.2026;cpc;0,51;;7;0;0;0;0;0;0;upm2ZL4CL;4260557423264;0
at_CrossSellReRank_Vegavero (Marketplace Seller)_VEGAVERO Brewers Yeast;658347644;4.5.2026;cpc;0,31;;8;0;0;0;0;0;0;upmKUKGHH;4260557423332;0
com_MarketplaceBooster_Vegavero (Marketplace Seller)_VEGAVERO Apple Cider Vinegar;620564988;4.5.2026;cpc;0,51;;7;2;28,571429;0;1,02;0;0;upmUTDZP9;4260557423158;0,51
at_MarketplaceBooster_Vegavero (Marketplace Seller)_VEGAVERO Moringa BIO;620604770;4.5.2026;cpc;1,41;;6;0;0;0;0;0;0;14250893;4260309481115;0
it_CrossSellReRank_Vegavero (Marketplace Seller)_VEGAVERO Artiglio del Diavolo Plus;649082840;4.5.2026;cpc;0,31;;10;0;0;0;0;0;0;upmD3U322;4260557421192;0
com_MarketplaceBooster_Vegavero (Marketplace Seller)_VEGAVERO Mushroom Mix Complex;620546918;4.5.2026;cpc;0,51;;6;0;0;0;0;0;0;upm4XDXPR;4260557422045;0
at_MarketplaceBooster_Vegavero (Marketplace Seller)_VEGAVERO Bromelain 2400 GDU/g;625775688;4.5.2026;cpc;0,51;;6;1;16,666667;0;0,51;0;0;upm43HM34;4260557421130;0,51
com_CrossSellReRank_Vegavero (Marketplace Seller)_VEGAVERO Griffonia;658283048;4.5.2026;cpc;1,41;;6;0;0;0;0;0;0;upmG7RZLC;4260557423318;0
at_CrossSellReRank_Vegavero (Marketplace Seller)_VEGAVERO Nachtkerzen und Borretsch?l BIO;658295856;4.5.2026;cpc;0,31;;9;0;0;0;0;0;0;upm7KTFPH;4260557421420;0
it_CrossSellReRank_Vegavero (Marketplace Seller)_VEGAVERO Lecitina BIO;649100827;4.5.2026;cpc;0,31;;7;0;0;0;0;0;0;upm2HFKPC;4260557422021;0
at_MarketplaceBooster_Vegavero (Marketplace Seller)_VEGAVERO Ackerschachtelhalm BIO;658347603;4.5.2026;cpc;0,51;;6;0;0;0;0;0;0;upmDKAWH3;4260557421307;0
it_CrossSellReRank_Vegavero (Marketplace Seller)_VEGAVERO Boswellia;649114866;4.5.2026;cpc;0,31;;6;1;16,666667;0;0,31;0;0;upmEH2K74;4260557422588;0,31
com_MarketplaceBooster_Vegavero (Marketplace Seller)_VEGAVERO Vitamin B3 (Nicotinamid);619677908;4.5.2026;cpc;1,51;;6;0;0;0;0;0;0;upmUEXHE2;4260557420850;0
com_CrossSellReRank_Vegavero (Marketplace Seller)_VEGAVERO Vitamin D3+K2 Tropfen;643133550;4.5.2026;cpc;1,21;;7;0;0;0;0;0;0;upmKAXT9Y;4260557422915;0
com_CrossSellReRank_Vegavero (Marketplace Seller)_VEGAVERO Ackerschachtelhalm BIO;643090788;4.5.2026;cpc;0,31;;6;0;0;0;0;0;0;upmDKAWH3;4260557421307;0
it_CrossSellReRank_Vegavero (Marketplace Seller)_VEGAVERO Resveratrolo Plus;649077189;4.5.2026;cpc;0,31;;6;0;0;0;0;0;0;upmGDDD7G;4260557420805;0
at_MarketplaceBooster_Vegavero (Marketplace Seller)_VEGAVERO Beifu? Extrakt;658280100;4.5.2026;cpc;0,61;;6;2;33,333333;0;1,22;0;0;upmWMGCRY;4260557422090;0,61
com_MarketplaceBooster_Vegavero (Marketplace Seller)_VEGAVERO Apple Cider Vinegar Gummies;620564989;4.5.2026;cpc;0,51;;6;0;0;0;0;0;0;upmF2EYPK;4260557423172;0
com_CrossSellReRank_Vegavero (Marketplace Seller)_VEGAVERO Light Legs Complex;658347562;4.5.2026;cpc;0,31;;7;0;0;0;0;0;0;upmD7EWMP;4260557420454;0
at_MarketplaceBooster_Vegavero (Marketplace Seller)_VEGAVERO Chrom Plus;626442427;4.5.2026;cpc;0,51;;6;0;0;0;0;0;0;upmL7ZDD2;4260557422946;0
at_CrossSellReRank_Vegavero (Marketplace Seller)_VEGAVERO Vegan Essentials Complex;658280060;4.5.2026;cpc;0,31;;6;0;0;0;0;0;0;upmHHT433;4260557421390;0
at_CrossSellReRank_Vegavero (Marketplace Seller)_VEGAVERO OPC Trio;658282816;4.5.2026;cpc;0,31;;6;0;0;0;0;0;0;upmWFGGMG;4260557423097;0
SOLD_OUT_at_CrossSellReRank_Vegavero (Marketplace Seller)_VEGAVERO MSM 670mg;643055483;4.5.2026;cpc;0,61;;7;0;0;0;0;0;0;14250924;4260309484130;0
com_MarketplaceBooster_Vegavero (Marketplace Seller)_VEGAVERO Cordyceps sinensis BIO;620541534;4.5.2026;cpc;0,51;;6;0;0;0;0;0;0;upmTG77MW;4260557422991;0
com_MarketplaceBooster_Vegavero (Marketplace Seller)_VEGAVERO Rapunzel;658295813;4.5.2026;cpc;0,51;;6;0;0;0;0;0;0;upmDUFHFK;4260557423134;0
com_CrossSellReRank_Vegavero (Marketplace Seller)_VEGAVERO Magnesium + Kalium;643084952;4.5.2026;cpc;0,31;;9;0;0;0;0;0;0;upm32MART;4260557420287;0
com_CrossSellReRank_Vegavero (Marketplace Seller)_VEGAVERO Glycin Pulver;658347520;4.5.2026;cpc;0,31;;5;0;0;0;0;0;0;upmTGWG29;4260557423479;0
it_CrossSellReRank_Vegavero (Marketplace Seller)_VEGAVERO Caffeina;649151028;4.5.2026;cpc;0,31;;11;0;0;0;0;0;0;upm4XZRWY;4260557423127;0
com_MarketplaceBooster_Vegavero (Marketplace Seller)_VEGAVERO Quercetin Komplex;658469903;4.5.2026;cpc;1,01;;5;1;20;0;1,01;0;0;upmF2AFXC;4260557423509;1,01
com_MarketplaceBooster_Vegavero (Marketplace Seller)_VEGAVERO Brahmi BIO;619717869;4.5.2026;cpc;0,51;;6;0;0;0;0;0;0;upmHFPDDK;4260557421956;0
com_MarketplaceBooster_Vegavero (Marketplace Seller)_VEGAVERO Serenity;620539276;4.5.2026;cpc;0,51;;5;0;0;0;0;0;0;upmZFGPHR;4260557422830;0
SOLD_OUT_com_CrossSellReRank_Vegavero (Marketplace Seller)_VEGAVERO Guggul;652847887;4.5.2026;cpc;0,31;;9;0;0;0;0;0;0;upmT99EZK;4260557421123;0
at_CrossSellReRank_Vegavero (Marketplace Seller)_VEGAVERO Knoblauch Plus;658280151;4.5.2026;cpc;0,31;;7;0;0;0;0;0;0;upm2WRLPU;4260557422632;0
com_MarketplaceBooster_Vegavero (Marketplace Seller)_VEGAVERO Maitake BIO;629496632;4.5.2026;cpc;0,51;;5;0;0;0;0;0;0;upmW4TZYD;4260557420874;0
com_MarketplaceBooster_Vegavero (Marketplace Seller)_VEGAVERO Griffonia;658283046;4.5.2026;cpc;1,51;;5;0;0;0;0;0;0;upmG7RZLC;4260557423318;0
at_MarketplaceBooster_Vegavero (Marketplace Seller)_VEGAVERO Triphala BIO;625772285;4.5.2026;cpc;0,51;;5;1;20;0;0,51;0;0;upmGL239Y;4260557420812;0,51
at_CrossSellReRank_Vegavero (Marketplace Seller)_VEGAVERO Hagebutte BIO;658280038;4.5.2026;cpc;0,31;;6;0;0;0;0;0;0;upmWRWWCG;4260557421048;0
com_MarketplaceBooster_Vegavero (Marketplace Seller)_VEGAVERO Ashwagandha BIO;619667906;4.5.2026;cpc;0,51;;5;0;0;0;0;0;0;upmUPLLZH;4260557420676;0
com_CrossSellReRank_Vegavero (Marketplace Seller)_VEGAVERO Sugar Balance Complex;652861490;4.5.2026;cpc;0,31;;7;0;0;0;0;0;0;upmAD4HK4;4260557422403;0
at_CrossSellReRank_Vegavero (Marketplace Seller)_VEGAVERO Liver Active Complex;658279984;4.5.2026;cpc;0,31;;6;0;0;0;0;0;0;14250812;4260557420188;0
at_CrossSellReRank_Vegavero (Marketplace Seller)_VEGAVERO Curcuma BIO;658280163;4.5.2026;cpc;0,31;;5;0;0;0;0;0;0;upm27X4XW;4260557422878;0
com_CrossSellReRank_Vegavero (Marketplace Seller)_VEGAVERO Papaya Enzym;643094177;4.5.2026;cpc;0,31;;7;0;0;0;0;0;0;14250930;4260309482648;0
com_MarketplaceBooster_Vegavero (Marketplace Seller)_VEGAVERO Boswellia Extrakt;620528799;4.5.2026;cpc;0,51;;5;0;0;0;0;0;0;upmEH2K74;4260557422588;0
it_CrossSellReRank_Vegavero (Marketplace Seller)_VEGAVERO MSM;658296418;4.5.2026;cpc;0,61;;5;0;0;0;0;0;0;upmWCKTTE;4260309481214;0
at_MarketplaceBooster_Vegavero (Marketplace Seller)_VEGAVERO BIO Mushroom Mix;625774145;4.5.2026;cpc;0,51;;5;0;0;0;0;0;0;upmALDCEH;4260557423028;0
it_CrossSellReRank_Vegavero (Marketplace Seller)_VEGAVERO L-Glutammina in Polvere;649158096;4.5.2026;cpc;0,31;;9;0;0;0;0;0;0;upmUPTFMH;4260557423233;0
at_CrossSellReRank_Vegavero (Marketplace Seller)_VEGAVERO Zimt-Ceylon Extrakt;658279983;4.5.2026;cpc;0,31;;8;0;0;0;0;0;0;14251208;4260557420164;0
com_CrossSellReRank_Vegavero (Marketplace Seller)_VEGAVERO Shilajit Mumijo;643092358;4.5.2026;cpc;0,31;;5;0;0;0;0;0;0;upmR33A3P;4260557421406;0
it_CrossSellReRank_Vegavero (Marketplace Seller)_VEGAVERO Papaya BIO;649077206;4.5.2026;cpc;0,31;;5;0;0;0;0;0;0;upm9HWLUD;4260557421055;0
it_CrossSellReRank_Vegavero (Marketplace Seller)_VEGAVERO Ferro;658331759;4.5.2026;cpc;0,31;;7;0;0;0;0;0;0;14250692;4260309483065;0
it_MarketplaceBooster_Vegavero (Marketplace Seller)_VEGAVERO Caffeina;641650370;4.5.2026;cpc;0,51;;5;0;0;0;0;0;0;upm4XZRWY;4260557423127;0
com_CrossSellReRank_Vegavero (Marketplace Seller)_VEGAVERO BIO Astaxanthin ?l;643093116;4.5.2026;cpc;0,91;;5;0;0;0;0;0;0;upm7GZX42;4260557423165;0
at_CrossSellReRank_Vegavero (Marketplace Seller)_VEGAVERO Cholin Trio;658280068;4.5.2026;cpc;0,31;;5;0;0;0;0;0;0;upm97PFY9;4260557421826;0
at_CrossSellReRank_Vegavero (Marketplace Seller)_VEGAVERO Serenity;658280179;4.5.2026;cpc;0,31;;5;0;0;0;0;0;0;upmZFGPHR;4260557422830;0
at_CrossSellReRank_Vegavero (Marketplace Seller)_VEGAVERO Ashwagandha BIO;658280005;4.5.2026;cpc;0,31;;5;0;0;0;0;0;0;upmUPLLZH;4260557420676;0
it_MarketplaceBooster_Vegavero (Marketplace Seller)_VEGAVERO Salvia BIO;641651421;4.5.2026;cpc;0,51;;5;0;0;0;0;0;0;upmMMLDZE;4260557420966;0
com_CrossSellReRank_Vegavero (Marketplace Seller)_VEGAVERO Chia ?l BIO;643127528;4.5.2026;cpc;0,31;;6;0;0;0;0;0;0;upmK7YWLD;4260557422649;0
it_CrossSellReRank_Vegavero (Marketplace Seller)_VEGAVERO Fieno Greco BIO;649146229;4.5.2026;cpc;0,31;;6;0;0;0;0;0;0;upm7AL3PG;4260557422977;0
com_CrossSellReRank_Vegavero (Marketplace Seller)_VEGAVERO Quercetin Komplex;658469905;4.5.2026;cpc;0,61;;5;0;0;0;0;0;0;upmF2AFXC;4260557423509;0
com_MarketplaceBooster_Vegavero (Marketplace Seller)_VEGAVERO Chaga BIO;629497666;4.5.2026;cpc;0,51;;4;0;0;0;0;0;0;upmPYECDL;4260557422298;0
it_MarketplaceBooster_Vegavero (Marketplace Seller)_VEGAVERO Astaxantina;620574476;4.5.2026;cpc;1,11;;4;0;0;0;0;0;0;upmYPTY2W;4260557421925;0
com_MarketplaceBooster_Vegavero (Marketplace Seller)_VEGAVERO Chlorella BIO + Spirulina BIO;619667808;4.5.2026;cpc;1,01;;5;1;25;0;1,01;0;0;14250597;4260309484185;1,01
com_MarketplaceBooster_Vegavero (Marketplace Seller)_VEGAVERO Koffein;620560659;4.5.2026;cpc;0,51;;4;0;0;0;0;0;0;upm4XZRWY;4260557423127;0
at_MarketplaceBooster_Vegavero (Marketplace Seller)_VEGAVERO Maitake BIO;658295833;4.5.2026;cpc;0,51;;4;0;0;0;0;0;0;upmW4TZYD;4260557420874;0
com_CrossSellReRank_Vegavero (Marketplace Seller)_VEGAVERO Glucomannan BIO;658283041;4.5.2026;cpc;0,31;;4;0;0;0;0;0;0;upmLXEUT7;4260557423240;0
it_CrossSellReRank_Vegavero (Marketplace Seller)_VEGAVERO Maitake BIO;649077201;4.5.2026;cpc;0,31;;7;0;0;0;0;0;0;upmW4TZYD;4260557420874;0
at_CrossSellReRank_Vegavero (Marketplace Seller)_VEGAVERO Brahmi BIO;658280083;4.5.2026;cpc;0,31;;4;0;0;0;0;0;0;upmHFPDDK;4260557421956;0
SOLD_OUT_it_CrossSellReRank_Vegavero (Marketplace Seller)_VEGAVERO Taurina Plus;649149719;4.5.2026;cpc;0,31;;4;0;0;0;0;0;0;upmXXW9XA;4260557423059;0
com_CrossSellReRank_Vegavero (Marketplace Seller)_VEGAVERO Natural Jod BIO;643084951;4.5.2026;cpc;0,31;;5;0;0;0;0;0;0;14250769;4260557420256;0
com_CrossSellReRank_Vegavero (Marketplace Seller)_VEGAVERO Leinsamen?l BIO;643093628;4.5.2026;cpc;0,31;;5;0;0;0;0;0;0;upmKU4FAU;4260557422038;0
at_CrossSellReRank_Vegavero (Marketplace Seller)_VEGAVERO Chaga BIO;658280111;4.5.2026;cpc;0,31;;4;0;0;0;0;0;0;upmPYECDL;4260557422298;0
at_CrossSellReRank_Vegavero (Marketplace Seller)_VEGAVERO Quercetin Komplex;658445035;4.5.2026;cpc;0,61;;4;0;0;0;0;0;0;upmF2AFXC;4260557423509;0
at_CrossSellReRank_Vegavero (Marketplace Seller)_VEGAVERO K?rbiskern?l BIO;658280089;4.5.2026;cpc;0,31;;5;0;0;0;0;0;0;upmY7MX4C;4260557422014;0
at_MarketplaceBooster_Vegavero (Marketplace Seller)_VEGAVERO Koffein;626443345;4.5.2026;cpc;0,51;;4;1;25;0;0,51;0;0;upm4XZRWY;4260557423127;0,51
it_CrossSellReRank_Vegavero (Marketplace Seller)_VEGAVERO Vitamina B12 Spray Junior;649103717;4.5.2026;cpc;0,31;;4;0;0;0;0;0;0;upm3RXHUC;4260557422229;0
at_MarketplaceBooster_Vegavero (Marketplace Seller)_VEGAVERO Tribulus terrestris Extrakt;658279972;4.5.2026;cpc;0,51;;4;0;0;0;0;0;0;14251088;4260309481313;0
com_MarketplaceBooster_Vegavero (Marketplace Seller)_VEGAVERO EAA Pulver Pfirsich;658445060;4.5.2026;cpc;2,01;;4;0;0;0;0;0;0;upmP94YR7;4260557423530;0
at_MarketplaceBooster_Vegavero (Marketplace Seller)_VEGAVERO BCAA Pulver Mango;658445037;4.5.2026;cpc;1,01;;4;0;0;0;0;0;0;upmWWWMYX;4260557423523;0
com_MarketplaceBooster_Vegavero (Marketplace Seller)_VEGAVERO Shiitake Extrakt;619721567;4.5.2026;cpc;0,51;;4;1;25;0;0,51;0;0;upmZ7P4AX;4260557421970;0,51
com_MarketplaceBooster_Vegavero (Marketplace Seller)_VEGAVERO Ingwer BIO;619663942;4.5.2026;cpc;0,51;;4;0;0;0;0;0;0;upmPX4TPU;4260557420386;0
it_CrossSellReRank_Vegavero (Marketplace Seller)_VEGAVERO Myo-Inositol Complex;658353200;4.5.2026;cpc;0,61;;4;2;50;0;1,22;0;0;upm7PGM77;4260557421765;0,61
com_MarketplaceBooster_Vegavero (Marketplace Seller)_VEGAVERO Chrom Plus;627595667;4.5.2026;cpc;0,51;;4;0;0;0;0;0;0;upmL7ZDD2;4260557422946;0
com_CrossSellReRank_Vegavero (Marketplace Seller)_VEGAVERO Bockshornklee BIO;643134873;4.5.2026;cpc;0,31;;5;0;0;0;0;0;0;upm7AL3PG;4260557422977;0
at_MarketplaceBooster_Vegavero (Marketplace Seller)_VEGAVERO Nachtkerzen und Borretsch?l BIO;625782152;4.5.2026;cpc;0,51;;4;0;0;0;0;0;0;upm7KTFPH;4260557421420;0
com_MarketplaceBooster_Vegavero (Marketplace Seller)_VEGAVERO Saccharomyces boulardii;619717397;4.5.2026;cpc;0,61;;4;1;25;0;0,61;0;0;upmWDER3T;4260557421949;0,61
it_MarketplaceBooster_Vegavero (Marketplace Seller)_VEGAVERO Lecitina BIO;626459035;4.5.2026;cpc;0,51;;4;0;0;0;0;0;0;upm2HFKPC;4260557422021;0
at_CrossSellReRank_Vegavero (Marketplace Seller)_VEGAVERO Astragalus BIO;658280053;4.5.2026;cpc;0,31;;4;0;0;0;0;0;0;upmCGKMCH;4260557421222;0
com_MarketplaceBooster_Vegavero (Marketplace Seller)_VEGAVERO Shilajit Mumijo;619715133;4.5.2026;cpc;0,51;;4;0;0;0;0;0;0;upmR33A3P;4260557421406;0
at_CrossSellReRank_Vegavero (Marketplace Seller)_VEGAVERO Cholin Bitartrat;658283014;4.5.2026;cpc;0,31;;5;0;0;0;0;0;0;upmU9FP9M;4260557423325;0
at_MarketplaceBooster_Vegavero (Marketplace Seller)_VEGAVERO Glucomannan BIO;658347634;4.5.2026;cpc;0,51;;4;0;0;0;0;0;0;upmLXEUT7;4260557423240;0
it_CrossSellReRank_Vegavero (Marketplace Seller)_VEGAVERO Shiitake;649097667;4.5.2026;cpc;0,31;;6;0;0;0;0;0;0;upmZ7P4AX;4260557421970;0
at_CrossSellReRank_Vegavero (Marketplace Seller)_VEGAVERO Pro Bio Kulturenkomplex;643057502;4.5.2026;cpc;0,31;;3;0;0;0;0;0;0;14250976;4260557420034;0
com_CrossSellReRank_Vegavero (Marketplace Seller)_VEGAVERO Omega-3 ?l;643091125;4.5.2026;cpc;1,31;;3;0;0;0;0;0;0;upm9KDWAZ;4260557421383;0
com_CrossSellReRank_Vegavero (Marketplace Seller)_VEGAVERO Brennnessel BIO;643089721;4.5.2026;cpc;0,31;;3;0;0;0;0;0;0;upm9RX43T;4260557421031;0
com_CrossSellReRank_Vegavero (Marketplace Seller)_VEGAVERO Chaga BIO;643093999;4.5.2026;cpc;0,31;;6;0;0;0;0;0;0;upmPYECDL;4260557422298;0
at_MarketplaceBooster_Vegavero (Marketplace Seller)_VEGAVERO Shilajit Mumijo;625779482;4.5.2026;cpc;0,51;;3;0;0;0;0;0;0;upmR33A3P;4260557421406;0
com_CrossSellReRank_Vegavero (Marketplace Seller)_VEGAVERO Wild Yams + Zink;643234437;4.5.2026;cpc;0,31;;4;0;0;0;0;0;0;14251183;4260309481672;0
at_CrossSellReRank_Vegavero (Marketplace Seller)_VEGAVERO Mushroom Mix Complex;658280095;4.5.2026;cpc;0,31;;3;0;0;0;0;0;0;upm4XDXPR;4260557422045;0
it_CrossSellReRank_Vegavero (Marketplace Seller)_VEGAVERO Triphala BIO;649077190;4.5.2026;cpc;0,31;;5;0;0;0;0;0;0;upmGL239Y;4260557420812;0
it_MarketplaceBooster_Vegavero (Marketplace Seller)_VEGAVERO Papaya BIO;641643600;4.5.2026;cpc;0,51;;3;0;0;0;0;0;0;upm9HWLUD;4260557421055;0
com_CrossSellReRank_Vegavero (Marketplace Seller)_VEGAVERO L-Glutamin Pulver;643141362;4.5.2026;cpc;0,31;;5;0;0;0;0;0;0;upmUPTFMH;4260557423233;0
com_CrossSellReRank_Vegavero (Marketplace Seller)_VEGAVERO Zimt Extrakt BIO;643084936;4.5.2026;cpc;0,31;;3;0;0;0;0;0;0;upmW9KKTG;4260557422618;0
com_CrossSellReRank_Vegavero (Marketplace Seller)_VEGAVERO Mushroom Mix Complex;643093879;4.5.2026;cpc;0,31;;3;0;0;0;0;0;0;upm4XDXPR;4260557422045;0
it_CrossSellReRank_Vegavero (Marketplace Seller)_VEGAVERO Olio di semi di Lino BIO;649102015;4.5.2026;cpc;0,31;;3;0;0;0;0;0;0;upmKU4FAU;4260557422038;0
SOLD_OUT_com_CrossSellReRank_Vegavero (Marketplace Seller)_VEGAVERO Vitamin B12 Tropfen;643132496;4.5.2026;cpc;0,31;;3;0;0;0;0;0;0;upmYRCT9P;4260557422908;0
it_CrossSellReRank_Vegavero (Marketplace Seller)_VEGAVERO EAA in Polvere;658381331;4.5.2026;cpc;0,61;;3;0;0;0;0;0;0;upmP94YR7;4260557423530;0
com_CrossSellReRank_Vegavero (Marketplace Seller)_VEGAVERO Pro Bio Kulturenkomplex;643080114;4.5.2026;cpc;0,31;;3;0;0;0;0;0;0;14250976;4260557420034;0
com_CrossSellReRank_Vegavero (Marketplace Seller)_VEGAVERO Salbei BIO;643089690;4.5.2026;cpc;0,31;;5;0;0;0;0;0;0;upmMMLDZE;4260557420966;0
at_CrossSellReRank_Vegavero (Marketplace Seller)_VEGAVERO Bockshornklee BIO;658280184;4.5.2026;cpc;0,31;;5;0;0;0;0;0;0;upm7AL3PG;4260557422977;0
SOLD_OUT_com_CrossSellReRank_Vegavero (Marketplace Seller)_VEGAVERO MSM 670mg;643078424;4.5.2026;cpc;0,61;;3;0;0;0;0;0;0;14250924;4260309484130;0
it_MarketplaceBooster_Vegavero (Marketplace Seller)_VEGAVERO Curcuma BIO;641629765;4.5.2026;cpc;0,51;;3;0;0;0;0;0;0;upm27X4XW;4260557422878;0
at_MarketplaceBooster_Vegavero (Marketplace Seller)_VEGAVERO Brennnessel BIO;625775256;4.5.2026;cpc;0,51;;3;0;0;0;0;0;0;upm9RX43T;4260557421031;0
it_CrossSellReRank_Vegavero (Marketplace Seller)_VEGAVERO Enotera;658296335;4.5.2026;cpc;0,61;;5;0;0;0;0;0;0;upm7DM474;4260557423448;0
it_MarketplaceBooster_Vegavero (Marketplace Seller)_VEGAVERO Acido Ialuronico;626451010;4.5.2026;cpc;0,51;;3;0;0;0;0;0;0;upmPMLEP9;4260557423103;0
com_CrossSellReRank_Vegavero (Marketplace Seller)_VEGAVERO Prostaid Complex;658727269;4.5.2026;cpc;1,31;;5;0;0;0;0;0;0;upmCEE43U;4260557420515;0
at_MarketplaceBooster_Vegavero (Marketplace Seller)_VEGAVERO Cholin Trio;658280067;4.5.2026;cpc;1,01;;3;1;33,333333;0;1,01;0;0;upm97PFY9;4260557421826;1,01
SOLD_OUT_it_MarketplaceBooster_Vegavero (Marketplace Seller)_VEGAVERO Vitamina B12 gocce;641629767;4.5.2026;cpc;0,51;;3;2;66,666667;0;1,02;0;0;upmYRCT9P;4260557422908;0,51
at_MarketplaceBooster_Vegavero (Marketplace Seller)_VEGAVERO Chaga BIO;625789278;4.5.2026;cpc;0,51;;3;0;0;0;0;0;0;upmPYECDL;4260557422298;0
com_CrossSellReRank_Vegavero (Marketplace Seller)_VEGAVERO EAA Pulver Pfirsich;658445056;4.5.2026;cpc;0,31;;5;1;33,333333;0;0,31;0;0;upmP94YR7;4260557423530;0,31
at_CrossSellReRank_Vegavero (Marketplace Seller)_VEGAVERO Griffonia;658283010;4.5.2026;cpc;1,51;;3;0;0;0;0;0;0;upmG7RZLC;4260557423318;0
it_MarketplaceBooster_Vegavero (Marketplace Seller)_VEGAVERO Cysti-Aid Complex;641622752;4.5.2026;cpc;0,51;;3;2;66,666667;0;1,02;0;0;upmTZFCGA;4260557422199;0,51
it_MarketplaceBooster_Vegavero (Marketplace Seller)_VEGAVERO Zenzero BIO;658353196;4.5.2026;cpc;0,51;;3;2;66,666667;0;1,02;0;0;upmPX4TPU;4260557420386;0,51
com_MarketplaceBooster_Vegavero (Marketplace Seller)_VEGAVERO Hyaluronsaeure;620565218;4.5.2026;cpc;1,51;;3;0;0;0;0;0;0;upmPMLEP9;4260557423103;0
at_CrossSellReRank_Vegavero (Marketplace Seller)_VEGAVERO BCAA Pulver Mango;658445038;4.5.2026;cpc;0,61;;4;0;0;0;0;0;0;upmWWWMYX;4260557423523;0
at_MarketplaceBooster_Vegavero (Marketplace Seller)_VEGAVERO EAA Pulver Pfirsich;658445040;4.5.2026;cpc;1,01;;3;0;0;0;0;0;0;upmP94YR7;4260557423530;0
at_MarketplaceBooster_Vegavero (Marketplace Seller)_VEGAVERO Astragalus BIO;625778112;4.5.2026;cpc;1,01;;3;1;33,333333;0;1,01;0;0;upmCGKMCH;4260557421222;1,01
it_MarketplaceBooster_Vegavero (Marketplace Seller)_VEGAVERO Acido Ialuronico;626451040;4.5.2026;cpc;0,51;;3;0;0;0;0;0;0;upmKMAH3F;4260557420539;0
com_CrossSellReRank_Vegavero (Marketplace Seller)_VEGAVERO Tribulus terrestris Extrakt;643082758;4.5.2026;cpc;0,31;;2;0;0;0;0;0;0;14251088;4260309481313;0
at_CrossSellReRank_Vegavero (Marketplace Seller)_VEGAVERO Reishi Extrakt;658279956;4.5.2026;cpc;0,31;;2;0;0;0;0;0;0;14251013;4260309481665;0
com_CrossSellReRank_Vegavero (Marketplace Seller)_VEGAVERO Vitamin D3 und K2 ?l;652854756;4.5.2026;cpc;1,11;;3;0;0;0;0;0;0;upm7FHKKZ;4260557421437;0
at_CrossSellReRank_Vegavero (Marketplace Seller)_VEGAVERO Apple Cider Vinegar;658282828;4.5.2026;cpc;0,31;;3;0;0;0;0;0;0;upmF2EYPK;4260557423172;0
at_CrossSellReRank_Vegavero (Marketplace Seller)_VEGAVERO Chrom Plus;658280180;4.5.2026;cpc;0,31;;2;0;0;0;0;0;0;upmL7ZDD2;4260557422946;0
at_MarketplaceBooster_Vegavero (Marketplace Seller)_VEGAVERO EAA;625771660;4.5.2026;cpc;0,51;;2;0;0;0;0;0;0;upmGMXXY9;4260557420744;0
com_MarketplaceBooster_Vegavero (Marketplace Seller)_VEGAVERO Brennnessel BIO;619682703;4.5.2026;cpc;0,51;;2;0;0;0;0;0;0;upm9RX43T;4260557421031;0
com_CrossSellReRank_Vegavero (Marketplace Seller)_VEGAVERO Elektrolyte Plus;643130058;4.5.2026;cpc;0,31;;2;0;0;0;0;0;0;upmD23XCL;4260557422823;0
com_MarketplaceBooster_Vegavero (Marketplace Seller)_VEGAVERO Mariendistel Plus;652868156;4.5.2026;cpc;1,01;;2;1;50;0;1,01;0;0;upmR9H2HU;4260557422892;1,01
it_CrossSellReRank_Vegavero (Marketplace Seller)_VEGAVERO Beta-Alanina in Polvere;658296317;4.5.2026;cpc;0,61;;3;0;0;0;0;0;0;upmFKHFRA;4260557423431;0
com_CrossSellReRank_Vegavero (Marketplace Seller)_VEGAVERO Griffonia Plus;643128060;4.5.2026;cpc;0,31;;2;0;0;0;0;0;0;upmHCULGA;4260557422755;0
com_MarketplaceBooster_Vegavero (Marketplace Seller)_VEGAVERO EAA;619674321;4.5.2026;cpc;0,51;;2;0;0;0;0;0;0;upmGMXXY9;4260557420744;0
at_CrossSellReRank_Vegavero (Marketplace Seller)_VEGAVERO Nachtkerzen ?l;658283039;4.5.2026;cpc;0,61;;2;0;0;0;0;0;0;upm7DM474;4260557423448;0
at_CrossSellReRank_Vegavero (Marketplace Seller)_VEGAVERO Ackerschachtelhalm BIO;658347604;4.5.2026;cpc;0,31;;3;0;0;0;0;0;0;upmDKAWH3;4260557421307;0
at_CrossSellReRank_Vegavero (Marketplace Seller)_VEGAVERO Glucosamin Plus;658295896;4.5.2026;cpc;0,31;;2;0;0;0;0;0;0;upmKWW3MD;4260557423349;0
at_MarketplaceBooster_Vegavero (Marketplace Seller)_VEGAVERO Cordyceps sinensis BIO;620609037;4.5.2026;cpc;0,51;;2;0;0;0;0;0;0;upmTG77MW;4260557422991;0
it_CrossSellReRank_Vegavero (Marketplace Seller)_VEGAVERO Colina;649091299;4.5.2026;cpc;0,31;;2;0;0;0;0;0;0;upm97PFY9;4260557421826;0
it_MarketplaceBooster_Vegavero (Marketplace Seller)_VEGAVERO Maitake BIO;620567773;4.5.2026;cpc;0,51;;2;0;0;0;0;0;0;upmW4TZYD;4260557420874;0
com_CrossSellReRank_Vegavero (Marketplace Seller)_VEGAVERO Vitamin C liposomal;643129759;4.5.2026;cpc;0,31;;2;0;0;0;0;0;0;upm77WEEP;4260557422786;0
SOLD_OUT_at_CrossSellReRank_Vegavero (Marketplace Seller)_VEGAVERO Guggul;658280041;4.5.2026;cpc;0,31;;2;0;0;0;0;0;0;upmT99EZK;4260557421123;0
SOLD_OUT_it_CrossSellReRank_Vegavero (Marketplace Seller)_VEGAVERO MSM;658296382;4.5.2026;cpc;0,61;;2;0;0;0;0;0;0;14250924;4260309484130;0
it_CrossSellReRank_Vegavero (Marketplace Seller)_VEGAVERO Bacopa BIO;649096403;4.5.2026;cpc;0,31;;3;0;0;0;0;0;0;upmHFPDDK;4260557421956;0
at_CrossSellReRank_Vegavero (Marketplace Seller)_VEGAVERO Shilajit Mumijo;658280062;4.5.2026;cpc;0,31;;2;0;0;0;0;0;0;upmR33A3P;4260557421406;0
com_CrossSellReRank_Vegavero (Marketplace Seller)_VEGAVERO Astaxanthin ?l;643093279;4.5.2026;cpc;0,31;;3;0;0;0;0;0;0;upmYPTY2W;4260557421925;0
it_CrossSellReRank_Vegavero (Marketplace Seller)_VEGAVERO Chrom Plus;649145953;4.5.2026;cpc;0,31;;3;0;0;0;0;0;0;upmL7ZDD2;4260557422946;0
it_MarketplaceBooster_Vegavero (Marketplace Seller)_VEGAVERO Chrom Plus;641642728;4.5.2026;cpc;0,51;;2;1;50;0;0,51;0;0;upmL7ZDD2;4260557422946;0,51
at_CrossSellReRank_Vegavero (Marketplace Seller)_VEGAVERO Magnesium Bisglycinat;658282836;4.5.2026;cpc;1,61;;2;0;0;0;0;0;0;upmX4LT4H;4260557423257;0
com_CrossSellReRank_Vegavero (Marketplace Seller)_VEGAVERO Apple Cider Vinegar Gummies;643140412;4.5.2026;cpc;0,31;;2;0;0;0;0;0;0;upmF2EYPK;4260557423172;0
SOLD_OUT_com_MarketplaceBooster_Vegavero (Marketplace Seller)_VEGAVERO Guggul;652847799;4.5.2026;cpc;0,51;;2;0;0;0;0;0;0;upmT99EZK;4260557421123;0
at_MarketplaceBooster_Vegavero (Marketplace Seller)_VEGAVERO Apple Cider Vinegar;626443800;4.5.2026;cpc;0,51;;2;0;0;0;0;0;0;upmUTDZP9;4260557423158;0
com_MarketplaceBooster_Vegavero (Marketplace Seller)_VEGAVERO Beifu? Extrakt;658295464;4.5.2026;cpc;0,61;;2;0;0;0;0;0;0;upmWMGCRY;4260557422090;0
com_CrossSellReRank_Vegavero (Marketplace Seller)_VEGAVERO Cordyceps sinensis BIO;658295815;4.5.2026;cpc;0,31;;2;0;0;0;0;0;0;upmTG77MW;4260557422991;0
at_CrossSellReRank_Vegavero (Marketplace Seller)_VEGAVERO Vitamin B12 Spray Cherry;643057333;4.5.2026;cpc;0,31;;2;0;0;0;0;0;0;14251102;4260557420027;0
at_MarketplaceBooster_Vegavero (Marketplace Seller)_VEGAVERO L-Glutamin Pulver;626443805;4.5.2026;cpc;0,51;;2;0;0;0;0;0;0;upmUPTFMH;4260557423233;0
at_CrossSellReRank_Vegavero (Marketplace Seller)_VEGAVERO Shiitake Extrakt;658280087;4.5.2026;cpc;0,31;;2;0;0;0;0;0;0;upmZ7P4AX;4260557421970;0
at_CrossSellReRank_Vegavero (Marketplace Seller)_VEGAVERO EAA;658280007;4.5.2026;cpc;0,31;;2;0;0;0;0;0;0;upmGMXXY9;4260557420744;0
com_CrossSellReRank_Vegavero (Marketplace Seller)_VEGAVERO Glucosamin Plus;658347224;4.5.2026;cpc;0,31;;1;0;0;0;0;0;0;upmKWW3MD;4260557423349;0
com_CrossSellReRank_Vegavero (Marketplace Seller)_VEGAVERO Shiitake Extrakt;643093288;4.5.2026;cpc;0,31;;1;0;0;0;0;0;0;upmZ7P4AX;4260557421970;0
com_CrossSellReRank_Vegavero (Marketplace Seller)_VEGAVERO Chlorella BIO + Spirulina BIO;643078910;4.5.2026;cpc;1,01;;1;0;0;0;0;0;0;14250597;4260309484185;0
com_CrossSellReRank_Vegavero (Marketplace Seller)_VEGAVERO Apple Cider Vinegar;643138167;4.5.2026;cpc;0,31;;2;0;0;0;0;0;0;upmUTDZP9;4260557423158;0
it_CrossSellReRank_Vegavero (Marketplace Seller)_VEGAVERO Astragalo BIO;649084562;4.5.2026;cpc;0,31;;1;0;0;0;0;0;0;upmCGKMCH;4260557421222;0
it_MarketplaceBooster_Vegavero (Marketplace Seller)_VEGAVERO EAA in Polvere;658381330;4.5.2026;cpc;1,01;;1;0;0;0;0;0;0;upmP94YR7;4260557423530;0
com_CrossSellReRank_Vegavero (Marketplace Seller)_VEGAVERO Nachtkerzen und Borretsch?l BIO;643092372;4.5.2026;cpc;0,31;;2;0;0;0;0;0;0;upm7KTFPH;4260557421420;0
at_CrossSellReRank_Vegavero (Marketplace Seller)_VEGAVERO Astaxanthin ?l;658280070;4.5.2026;cpc;0,31;;1;0;0;0;0;0;0;upmYPTY2W;4260557421925;0
it_CrossSellReRank_Vegavero (Marketplace Seller)_VEGAVERO Curcuma BIO;649142586;4.5.2026;cpc;0,31;;3;0;0;0;0;0;0;upm27X4XW;4260557422878;0
at_MarketplaceBooster_Vegavero (Marketplace Seller)_VEGAVERO Brahmi BIO;625785188;4.5.2026;cpc;0,51;;1;0;0;0;0;0;0;upmHFPDDK;4260557421956;0
at_MarketplaceBooster_Vegavero (Marketplace Seller)_VEGAVERO Reishi Extrakt;625763780;4.5.2026;cpc;0,51;;1;0;0;0;0;0;0;14251013;4260309481665;0
at_CrossSellReRank_Vegavero (Marketplace Seller)_VEGAVERO Apple Cider Vinegar;658282824;4.5.2026;cpc;0,31;;4;0;0;0;0;0;0;upmUTDZP9;4260557423158;0
it_MarketplaceBooster_Vegavero (Marketplace Seller)_VEGAVERO Triphala BIO;620567265;4.5.2026;cpc;0,51;;1;0;0;0;0;0;0;upmGL239Y;4260557420812;0
it_MarketplaceBooster_Vegavero (Marketplace Seller)_VEGAVERO Reishi;658296411;4.5.2026;cpc;0,51;;1;0;0;0;0;0;0;14251013;4260309481665;0
it_MarketplaceBooster_Vegavero (Marketplace Seller)_VEGAVERO Cordyceps Sinensis BIO;626451122;4.5.2026;cpc;0,51;;1;0;0;0;0;0;0;upmTG77MW;4260557422991;0
com_CrossSellReRank_Vegavero (Marketplace Seller)_VEGAVERO D-Mannose Complex;643077907;4.5.2026;cpc;0,31;;2;0;0;0;0;0;0;14250640;4260309482747;0
it_CrossSellReRank_Vegavero (Marketplace Seller)_VEGAVERO OPC Trio;649150121;4.5.2026;cpc;0,31;;1;0;0;0;0;0;0;upmWFGGMG;4260557423097;0
com_CrossSellReRank_Vegavero (Marketplace Seller)_VEGAVERO Vitamin K2;658347334;4.5.2026;cpc;0,31;;1;0;0;0;0;0;0;upmFYFHAU;4260557423424;0
com_CrossSellReRank_Vegavero (Marketplace Seller)_VEGAVERO Koffein;643137040;4.5.2026;cpc;0,31;;1;0;0;0;0;0;0;upm4XZRWY;4260557423127;0
at_CrossSellReRank_Vegavero (Marketplace Seller)_VEGAVERO Psyllium BIO;658282986;4.5.2026;cpc;0,31;;1;0;0;0;0;0;0;upmERYMM3;4260557423295;0
at_CrossSellReRank_Vegavero (Marketplace Seller)_VEGAVERO Maitake BIO;658280016;4.5.2026;cpc;0,31;;2;0;0;0;0;0;0;upmW4TZYD;4260557420874;0
at_CrossSellReRank_Vegavero (Marketplace Seller)_VEGAVERO Colon Care Complex;658279985;4.5.2026;cpc;0,31;;2;0;0;0;0;0;0;14250605;4260557420201;0
com_CrossSellReRank_Vegavero (Marketplace Seller)_VEGAVERO Ashwagandha BIO;643088001;4.5.2026;cpc;0,31;;2;0;0;0;0;0;0;upmUPLLZH;4260557420676;0
at_CrossSellReRank_Vegavero (Marketplace Seller)_VEGAVERO Saccharomyces boulardii;658347619;4.5.2026;cpc;0,81;;1;0;0;0;0;0;0;upmWDER3T;4260557421949;0
com_CrossSellReRank_Vegavero (Marketplace Seller)_VEGAVERO Resveratrol + Nicotinamid;643088593;4.5.2026;cpc;0,31;;1;0;0;0;0;0;0;upmGDDD7G;4260557420805;0
com_CrossSellReRank_Vegavero (Marketplace Seller)_VEGAVERO Multivitamin Spray Junior;643089899;4.5.2026;cpc;0,31;;1;0;0;0;0;0;0;upm9ZTF3H;4260557421178;0
at_CrossSellReRank_Vegavero (Marketplace Seller)_VEGAVERO Glucomannan BIO;658347640;4.5.2026;cpc;0,31;;1;0;0;0;0;0;0;upmLXEUT7;4260557423240;0
com_CrossSellReRank_Vegavero (Marketplace Seller)_VEGAVERO Chrom Plus;643134349;4.5.2026;cpc;0,31;;1;0;0;0;0;0;0;upmL7ZDD2;4260557422946;0
com_MarketplaceBooster_Vegavero (Marketplace Seller)_VEGAVERO Hyaluronsaeure;620565217;4.5.2026;cpc;1,51;;1;0;0;0;0;0;0;upmKMAH3F;4260557420539;0
com_CrossSellReRank_Vegavero (Marketplace Seller)_VEGAVERO Reishi Extrakt;643082721;4.5.2026;cpc;0,31;;1;0;0;0;0;0;0;14251013;4260309481665;0
at_CrossSellReRank_Vegavero (Marketplace Seller)_VEGAVERO Mariendistel Plus;658280174;4.5.2026;cpc;0,31;;3;0;0;0;0;0;0;upmR9H2HU;4260557422892;0
com_CrossSellReRank_Vegavero (Marketplace Seller)_VEGAVERO OPC Trio;643136197;4.5.2026;cpc;0,31;;2;0;0;0;0;0;0;upmWFGGMG;4260557423097;0
com_CrossSellReRank_Vegavero (Marketplace Seller)_VEGAVERO Cordyceps Extrakt;658347557;4.5.2026;cpc;0,31;;1;0;0;0;0;0;0;14250611;4260309483218;0
at_MarketplaceBooster_Vegavero (Marketplace Seller)_VEGAVERO Apple Cider Vinegar Gummies;626443801;4.5.2026;cpc;0,51;;1;0;0;0;0;0;0;upmF2EYPK;4260557423172;0
at_CrossSellReRank_Vegavero (Marketplace Seller)_VEGAVERO MSM Pulver DOSE;658279976;4.5.2026;cpc;0,61;;1;0;0;0;0;0;0;upmTLUPGT;4260309483881;0
it_CrossSellReRank_Vegavero (Marketplace Seller)_VEGAVERO Taurina;658296231;4.5.2026;cpc;0,31;;1;0;0;0;0;0;0;upmHULHZD;4260557423370;0
it_CrossSellReRank_Vegavero (Marketplace Seller)_VEGAVERO Igname Selvatico +  Zinco;658353188;4.5.2026;cpc;0,31;;1;0;0;0;0;0;0;14251183;4260309481672;0
at_CrossSellReRank_Vegavero (Marketplace Seller)_VEGAVERO Zimt Extrakt BIO;658280146;4.5.2026;cpc;0,31;;2;0;0;0;0;0;0;upmW9KKTG;4260557422618;0
it_CrossSellReRank_Vegavero (Marketplace Seller)_VEGAVERO Drena Flux;649110222;4.5.2026;cpc;0,31;;1;0;0;0;0;0;0;upm2XGYDU;4260557422489;0
it_CrossSellReRank_Vegavero (Marketplace Seller)_VEGAVERO Acido Ialuronico;649164412;4.5.2026;cpc;0,31;;1;0;0;0;0;0;0;upmKMAH3F;4260557420539;0
at_CrossSellReRank_Vegavero (Marketplace Seller)_VEGAVERO Tribulus terrestris Extrakt;658279971;4.5.2026;cpc;0,31;;1;0;0;0;0;0;0;14251088;4260309481313;0
com_MarketplaceBooster_Vegavero (Marketplace Seller)_VEGAVERO Reishi Extrakt;619660758;4.5.2026;cpc;0,51;;1;0;0;0;0;0;0;14251013;4260309481665;0
com_MarketplaceBooster_Vegavero (Marketplace Seller)_VEGAVERO Vitamin K2;658347316;4.5.2026;cpc;1,01;;0;0;0;0;0;0;0;upmFYFHAU;4260557423424;0
com_CrossSellReRank_Vegavero (Marketplace Seller)_VEGAVERO BCAA Pulver Mango;658445062;4.5.2026;cpc;0,31;;0;0;0;0;0;0;0;upmWWWMYX;4260557423523;0
at_CrossSellReRank_Vegavero (Marketplace Seller)_VEGAVERO Keto Power;658282947;4.5.2026;cpc;0,31;;1;0;0;0;0;0;0;upmP77L3M;4260557423288;0
com_CrossSellReRank_Vegavero (Marketplace Seller)_VEGAVERO Glycin Pulver;658295818;4.5.2026;cpc;0,31;;1;0;0;0;0;0;0;upmR9H4DE;4260557422595;0
at_MarketplaceBooster_Vegavero (Marketplace Seller)_VEGAVERO Cholin Bitartrat;658283012;4.5.2026;cpc;0,51;;0;0;0;0;0;0;0;upmU9FP9M;4260557423325;0
it_MarketplaceBooster_Vegavero (Marketplace Seller)_VEGAVERO Lievito di Birra;658296220;4.5.2026;cpc;0,51;;0;0;0;0;0;0;0;upmKUKGHH;4260557423332;0
com_CrossSellReRank_Vegavero (Marketplace Seller)_VEGAVERO Hyaluronsaeure;643078378;4.5.2026;cpc;0,31;;1;0;0;0;0;0;0;upmKMAH3F;4260557420539;0
it_CrossSellReRank_Vegavero (Marketplace Seller)_VEGAVERO Keto Power;658295963;4.5.2026;cpc;0,31;;2;0;0;0;0;0;0;upmP77L3M;4260557423288;0
com_CrossSellReRank_Vegavero (Marketplace Seller)_VEGAVERO Vegan Essentials Complex;643092356;4.5.2026;cpc;0,31;;1;0;0;0;0;0;0;upmHHT433;4260557421390;0
it_MarketplaceBooster_Vegavero (Marketplace Seller)_VEGAVERO Griffonia;658296090;4.5.2026;cpc;0,51;;0;0;0;0;0;0;0;upmG7RZLC;4260557423318;0
at_CrossSellReRank_Vegavero (Marketplace Seller)_VEGAVERO Taurin Pulver;658283035;4.5.2026;cpc;0,31;;1;0;0;0;0;0;0;upmHULHZD;4260557423370;0
at_MarketplaceBooster_Vegavero (Marketplace Seller)_VEGAVERO Psyllium BIO;658282984;4.5.2026;cpc;0,51;;0;0;0;0;0;0;0;upmERYMM3;4260557423295;0
com_CrossSellReRank_Vegavero (Marketplace Seller)_VEGAVERO Psyllium BIO;658295762;4.5.2026;cpc;0,31;;1;0;0;0;0;0;0;upmERYMM3;4260557423295;0
com_MarketplaceBooster_Vegavero (Marketplace Seller)_VEGAVERO Nachtkerzen ?l;658291478;4.5.2026;cpc;1,01;;0;0;0;0;0;0;0;upm7DM474;4260557423448;0
at_MarketplaceBooster_Vegavero (Marketplace Seller)_VEGAVERO Party Hero;658283016;4.5.2026;cpc;0,51;;0;0;0;0;0;0;0;upmFACEA7;4260557423356;0
it_MarketplaceBooster_Vegavero (Marketplace Seller)_VEGAVERO Taurina;658296229;4.5.2026;cpc;0,51;;0;0;0;0;0;0;0;upmHULHZD;4260557423370;0
com_CrossSellReRank_Vegavero (Marketplace Seller)_VEGAVERO Nattokinase;643231278;4.5.2026;cpc;0,31;;1;0;0;0;0;0;0;upm2ZL4CL;4260557423264;0
it_MarketplaceBooster_Vegavero (Marketplace Seller)_VEGAVERO Beta-Alanina in Polvere;658296313;4.5.2026;cpc;1,01;;0;0;0;0;0;0;0;upmFKHFRA;4260557423431;0
com_CrossSellReRank_Vegavero (Marketplace Seller)_VEGAVERO Strong Bones;658283045;4.5.2026;cpc;0,31;;0;0;0;0;0;0;0;upmAP9MLM;4260557423301;0
at_CrossSellReRank_Vegavero (Marketplace Seller)_VEGAVERO Ingwer BIO;658280001;4.5.2026;cpc;0,31;;1;0;0;0;0;0;0;upmPX4TPU;4260557420386;0
com_MarketplaceBooster_Vegavero (Marketplace Seller)_VEGAVERO Glucosamin Plus;658347207;4.5.2026;cpc;1,01;;0;0;0;0;0;0;0;upmKWW3MD;4260557423349;0
it_CrossSellReRank_Vegavero (Marketplace Seller)_VEGAVERO Chaga BIO;649104196;4.5.2026;cpc;0,31;;0;0;0;0;0;0;0;upmPYECDL;4260557422298;0
at_MarketplaceBooster_Vegavero (Marketplace Seller)_VEGAVERO Keto Power;658282839;4.5.2026;cpc;0,51;;0;0;0;0;0;0;0;upmP77L3M;4260557423288;0
it_MarketplaceBooster_Vegavero (Marketplace Seller)_VEGAVERO Strong Bones;658296086;4.5.2026;cpc;0,51;;0;0;0;0;0;0;0;upmAP9MLM;4260557423301;0
it_MarketplaceBooster_Vegavero (Marketplace Seller)_VEGAVERO Glicina in Polvere;658296346;4.5.2026;cpc;1,01;;0;0;0;0;0;0;0;upmTGWG29;4260557423479;0
at_MarketplaceBooster_Vegavero (Marketplace Seller)_VEGAVERO Glycin Pulver;658280143;4.5.2026;cpc;1,01;;0;0;0;0;0;0;0;upmTGWG29;4260557423479;0
at_MarketplaceBooster_Vegavero (Marketplace Seller)_VEGAVERO Strong Bones;658283003;4.5.2026;cpc;0,51;;0;0;0;0;0;0;0;upmAP9MLM;4260557423301;0
at_MarketplaceBooster_Vegavero (Marketplace Seller)_VEGAVERO Vitamin C liposomal;626439698;4.5.2026;cpc;0,51;;0;0;0;0;0;0;0;upm77WEEP;4260557422786;0
at_MarketplaceBooster_Vegavero (Marketplace Seller)_VEGAVERO Griffonia;658283007;4.5.2026;cpc;1,61;;0;0;0;0;0;0;0;upmG7RZLC;4260557423318;0
it_MarketplaceBooster_Vegavero (Marketplace Seller)_VEGAVERO Vitamina K2;658296232;4.5.2026;cpc;0,51;;0;0;0;0;0;0;0;upmFYFHAU;4260557423424;0
it_MarketplaceBooster_Vegavero (Marketplace Seller)_VEGAVERO Enotera;658296331;4.5.2026;cpc;1,01;;0;0;0;0;0;0;0;upm7DM474;4260557423448;0
it_MarketplaceBooster_Vegavero (Marketplace Seller)_VEGAVERO Party Hero;658331695;4.5.2026;cpc;0,51;;0;0;0;0;0;0;0;upmFACEA7;4260557423356;0
com_MarketplaceBooster_Vegavero (Marketplace Seller)_VEGAVERO Triphala BIO;619677150;4.5.2026;cpc;0,51;;0;0;0;0;0;0;0;upmGL239Y;4260557420812;0
SOLD_OUT_com_CrossSellReRank_Vegavero (Marketplace Seller)_VEGAVERO Pro Bio Kids BIO;643084950;4.5.2026;cpc;0,31;;1;0;0;0;0;0;0;14250953;4260557420249;0
at_CrossSellReRank_Vegavero (Marketplace Seller)_VEGAVERO Bromelain 2500 GDU/g;658280042;4.5.2026;cpc;0,31;;0;0;0;0;0;0;0;upm43HM34;4260557421130;0
at_CrossSellReRank_Vegavero (Marketplace Seller)_VEGAVERO Triphala BIO;658280010;4.5.2026;cpc;0,31;;0;0;0;0;0;0;0;upmGL239Y;4260557420812;0
com_CrossSellReRank_Vegavero (Marketplace Seller)_VEGAVERO Colon Care Complex;643084949;4.5.2026;cpc;0,31;;0;0;0;0;0;0;0;14250605;4260557420201;0
at_MarketplaceBooster_Vegavero (Marketplace Seller)_VEGAVERO Taurin Pulver;658283030;4.5.2026;cpc;0,51;;0;0;0;0;0;0;0;upmHULHZD;4260557423370;0
it_MarketplaceBooster_Vegavero (Marketplace Seller)_VEGAVERO Colina Bitartrato;658296180;4.5.2026;cpc;0,51;;0;0;0;0;0;0;0;upmU9FP9M;4260557423325;0
com_MarketplaceBooster_Vegavero (Marketplace Seller)_VEGAVERO Strong Bones;658283044;4.5.2026;cpc;0,51;;0;0;0;0;0;0;0;upmAP9MLM;4260557423301;0
at_MarketplaceBooster_Vegavero (Marketplace Seller)_VEGAVERO Beta-Alanin Pulver;658283036;4.5.2026;cpc;1,01;;0;0;0;0;0;0;0;upmFKHFRA;4260557423431;0
at_MarketplaceBooster_Vegavero (Marketplace Seller)_VEGAVERO Brewers Yeast;658347642;4.5.2026;cpc;0,51;;0;0;0;0;0;0;0;upmKUKGHH;4260557423332;0
at_CrossSellReRank_Vegavero (Marketplace Seller)_VEGAVERO Omega-3 ?l;658280058;4.5.2026;cpc;1,31;;0;0;0;0;0;0;0;upm9KDWAZ;4260557421383;0
it_MarketplaceBooster_Vegavero (Marketplace Seller)_VEGAVERO Creatina in Polvere;658331593;4.5.2026;cpc;0,51;;0;0;0;0;0;0;0;upmFRZEFX;4260557423226;0
com_CrossSellReRank_Vegavero (Marketplace Seller)_VEGAVERO Triphala BIO;643089502;4.5.2026;cpc;0,31;;1;0;0;0;0;0;0;upmGL239Y;4260557420812;0
at_MarketplaceBooster_Vegavero (Marketplace Seller)_VEGAVERO Glucosamin Plus;658295895;4.5.2026;cpc;0,51;;0;0;0;0;0;0;0;upmKWW3MD;4260557423349;0
com_CrossSellReRank_Vegavero (Marketplace Seller)_VEGAVERO D-Mannose Pulver;643235044;4.5.2026;cpc;0,31;;1;0;0;0;0;0;0;14250686;4260309481603;0
at_MarketplaceBooster_Vegavero (Marketplace Seller)_VEGAVERO Vitamin K2;658295902;4.5.2026;cpc;0,51;;0;0;0;0;0;0;0;upmFYFHAU;4260557423424;0
at_CrossSellReRank_Vegavero (Marketplace Seller)_VEGAVERO Hyaluronsaeure;643052336;4.5.2026;cpc;0,31;;0;0;0;0;0;0;0;upmKMAH3F;4260557420539;0
it_MarketplaceBooster_Vegavero (Marketplace Seller)_VEGAVERO Keto Power;658295962;4.5.2026;cpc;0,51;;0;0;0;0;0;0;0;upmP77L3M;4260557423288;0
at_MarketplaceBooster_Vegavero (Marketplace Seller)_VEGAVERO Nachtkerzen ?l;658283038;4.5.2026;cpc;1,01;;0;0;0;0;0;0;0;upm7DM474;4260557423448;0
at_CrossSellReRank_Vegavero (Marketplace Seller)_VEGAVERO Cordyceps sinensis BIO;658282808;4.5.2026;cpc;0,31;;1;0;0;0;0;0;0;upmTG77MW;4260557422991;0
it_MarketplaceBooster_Vegavero (Marketplace Seller)_VEGAVERO Omega 3;626451248;5.5.2026;cpc;0,81;;518;4;0,772201;0;3,24;0;0;upm9KDWAZ;4260557421383;0,81
it_CrossSellReRank_Vegavero (Marketplace Seller)_VEGAVERO Mushroom Mix Complex;649102044;5.5.2026;cpc;0,31;;322;1;0,321543;0;0,31;0;0;upm4XDXPR;4260557422045;0,31
it_CrossSellReRank_Vegavero (Marketplace Seller)_VEGAVERO Ashwagandha BIO;649076814;5.5.2026;cpc;0,31;;296;2;0,706714;0;0,62;0;0;upmUPLLZH;4260557420676;0,31
it_MarketplaceBooster_Vegavero (Marketplace Seller)_VEGAVERO Magnesio Complex;620566101;5.5.2026;cpc;0,51;;236;4;1,694915;0;2,04;0;0;upmUZUHTT;4260557421888;0,51
it_CrossSellReRank_Vegavero (Marketplace Seller)_VEGAVERO Omega 3;658752940;5.5.2026;cpc;0,81;;252;0;0;0;0;0;0;upm9KDWAZ;4260557421383;0
it_CrossSellReRank_Vegavero (Marketplace Seller)_VEGAVERO Venaflux Complex;649103716;5.5.2026;cpc;0,31;;158;1;0,641026;0;0,31;0;0;upmKY422A;4260557422212;0,31
it_CrossSellReRank_Vegavero (Marketplace Seller)_VEGAVERO Astaxantina BIO;649155147;5.5.2026;cpc;0,61;;161;0;0;0;0;0;0;upm7GZX42;4260557423165;0
it_MarketplaceBooster_Vegavero (Marketplace Seller)_VEGAVERO Vitamina D3 + K2;641650859;5.5.2026;cpc;1,21;;142;1;0,704225;0;1,21;0;0;upm7FHKKZ;4260557421437;1,21
SOLD_OUT_it_MarketplaceBooster_Vegavero (Marketplace Seller)_VEGAVERO Collagene Vegano + Acido Ialuronico;658334348;5.5.2026;cpc;1,21;;133;0;0;0;0;0;0;upmK3CG99;4260557422656;0
at_MarketplaceBooster_Vegavero (Marketplace Seller)_VEGAVERO Omega-3 ?l;625779008;5.5.2026;cpc;1,71;;131;2;1,5625;0;3,42;0;0;upm9KDWAZ;4260557421383;1,71
it_CrossSellReRank_Vegavero (Marketplace Seller)_VEGAVERO Prosta-X;658381379;5.5.2026;cpc;0,61;;126;0;0;0;0;0;0;upmKYYZM4;4260557423486;0
at_CrossSellReRank_Vegavero (Marketplace Seller)_VEGAVERO Beta Carotin;643057199;5.5.2026;cpc;0,31;;131;1;0,847458;0;0,31;0;0;14250551;4260309484208;0,31
it_CrossSellReRank_Vegavero (Marketplace Seller)_VEGAVERO Light Legs Complex;658381503;5.5.2026;cpc;0,31;;121;1;0,884956;0;0,31;0;0;upmD7EWMP;4260557420454;0,31
it_MarketplaceBooster_Vegavero (Marketplace Seller)_VEGAVERO Venaflux Complex;649103715;5.5.2026;cpc;0,51;;110;3;2,727273;0;1,53;0;0;upmKY422A;4260557422212;0,51
at_CrossSellReRank_Vegavero (Marketplace Seller)_VEGAVERO Female Balance Complex;658280004;5.5.2026;cpc;0,91;;115;1;0,917431;0;0,91;0;0;upmUX2FW3;4260557420638;0,91
at_MarketplaceBooster_Vegavero (Marketplace Seller)_VEGAVERO Vitamin D3 und K2 ?l;658280064;5.5.2026;cpc;1,31;;109;4;3,669725;0;5,24;0;0;upm7FHKKZ;4260557421437;1,31
it_MarketplaceBooster_Vegavero (Marketplace Seller)_VEGAVERO Ferro;658331730;5.5.2026;cpc;0,51;;108;0;0;0;0;0;0;14250692;4260309483065;0
it_MarketplaceBooster_Vegavero (Marketplace Seller)_VEGAVERO Olio di Semi di Chia;641627926;5.5.2026;cpc;0,51;;103;2;1,941748;0;1,02;0;0;upmK7YWLD;4260557422649;0,51
com_CrossSellReRank_Vegavero (Marketplace Seller)_VEGAVERO Lecithin BIO;643093526;5.5.2026;cpc;0,61;1;112;4;3,960396;25;2,44;25,9;1061,47541;upm2HFKPC;4260557422021;0,61
it_MarketplaceBooster_Vegavero (Marketplace Seller)_VEGAVERO Prosta-X;658381378;5.5.2026;cpc;1,01;;100;2;2;0;2,02;0;0;upmKYYZM4;4260557423486;1,01
it_MarketplaceBooster_Vegavero (Marketplace Seller)_VEGAVERO Riso Rosso Plus;641644118;5.5.2026;cpc;0,51;;99;1;1,010101;0;0,51;0;0;upmDFWTTT;4260557423110;0,51
it_CrossSellReRank_Vegavero (Marketplace Seller)_VEGAVERO Cordyceps;658334303;5.5.2026;cpc;0,31;;102;1;1,010101;0;0,31;0;0;14250611;4260309483218;0,31
com_MarketplaceBooster_Vegavero (Marketplace Seller)_VEGAVERO Female Balance Complex;629496626;5.5.2026;cpc;1,21;;98;2;2,040816;0;2,42;0;0;upmUX2FW3;4260557420638;1,21
it_CrossSellReRank_Vegavero (Marketplace Seller)_VEGAVERO Vitamina B12 Spray;658334267;5.5.2026;cpc;0,31;;98;1;1,030928;0;0,31;0;0;14251102;4260557420027;0,31
com_MarketplaceBooster_Vegavero (Marketplace Seller)_VEGAVERO Drenaflux Complex;629500801;5.5.2026;cpc;1,01;;88;2;2,272727;0;2,02;0;0;upm2XGYDU;4260557422489;1,01
it_CrossSellReRank_Vegavero (Marketplace Seller)_VEGAVERO Cysti-Aid Complex;649102998;5.5.2026;cpc;0,31;;90;0;0;0;0;0;0;upmTZFCGA;4260557422199;0
it_CrossSellReRank_Vegavero (Marketplace Seller)_VEGAVERO Magnesio Complex;649091773;5.5.2026;cpc;0,31;;89;1;1,204819;0;0,31;0;0;upmUZUHTT;4260557421888;0,31
it_MarketplaceBooster_Vegavero (Marketplace Seller)_VEGAVERO Betacarotene;653864224;5.5.2026;cpc;0,51;;81;2;2,469136;0;1,02;0;0;14250551;4260309484208;0,51
it_CrossSellReRank_Vegavero (Marketplace Seller)_VEGAVERO Astaxantina;649092862;5.5.2026;cpc;0,41;;85;0;0;0;0;0;0;upmYPTY2W;4260557421925;0
it_MarketplaceBooster_Vegavero (Marketplace Seller)_VEGAVERO Vitamina D3 + K2;649145075;5.5.2026;cpc;0,91;;79;3;3,797468;0;2,73;0;0;upmKAXT9Y;4260557422915;0,91
at_MarketplaceBooster_Vegavero (Marketplace Seller)_VEGAVERO Leinsamen?l BIO;658280092;5.5.2026;cpc;0,51;;78;2;2,564103;0;1,02;0;0;upmKU4FAU;4260557422038;0,51
it_MarketplaceBooster_Vegavero (Marketplace Seller)_VEGAVERO Vitamina B12 Spray;658334266;5.5.2026;cpc;0,51;;78;0;0;0;0;0;0;14251102;4260557420027;0
at_MarketplaceBooster_Vegavero (Marketplace Seller)_VEGAVERO Prostaid Complex;658727261;5.5.2026;cpc;1,31;;77;0;0;0;0;0;0;upmCEE43U;4260557420515;0
SOLD_OUT_it_CrossSellReRank_Vegavero (Marketplace Seller)_VEGAVERO L-Tirosina Plus;649143283;5.5.2026;cpc;0,31;;79;0;0;0;0;0;0;upm2FC2LC;4260557422885;0
at_MarketplaceBooster_Vegavero (Marketplace Seller)_VEGAVERO Schwarzk?mmel?l BIO;625778996;5.5.2026;cpc;0,81;;75;1;1,333333;0;0,81;0;0;upmEUZ9F7;4260557421376;0,81
SOLD_OUT_com_MarketplaceBooster_Vegavero (Marketplace Seller)_VEGAVERO Beta Carotin Plus ?l;620501456;5.5.2026;cpc;0,51;;75;3;4;0;1,53;0;0;upmGPMUEM;4260557422427;0,51
SOLD_OUT_at_MarketplaceBooster_Vegavero (Marketplace Seller)_VEGAVERO Vegan Collagen+Hyaluronic Acid;658347622;5.5.2026;cpc;1,41;;74;0;0;0;0;0;0;upmK3CG99;4260557422656;0
com_MarketplaceBooster_Vegavero (Marketplace Seller)_VEGAVERO Rhodiola rosea Extrakt;619660946;5.5.2026;cpc;1,01;;73;2;2,739726;0;2,02;0;0;14251036;4260557420102;1,01
com_MarketplaceBooster_Vegavero (Marketplace Seller)_VEGAVERO Vegan Essentials Complex;627592060;5.5.2026;cpc;0,51;;73;0;0;0;0;0;0;upmHHT433;4260557421390;0
com_MarketplaceBooster_Vegavero (Marketplace Seller)_VEGAVERO Magnesium Bisglycinat;617842637;5.5.2026;cpc;2,11;;71;3;4,225352;0;6,33;0;0;upmX4LT4H;4260557423257;2,11
SOLD_OUT_at_MarketplaceBooster_Vegavero (Marketplace Seller)_VEGAVERO Beta Carotin Plus ?l;620605197;5.5.2026;cpc;0,51;;70;0;0;0;0;0;0;upmGPMUEM;4260557422427;0
SOLD_OUT_it_MarketplaceBooster_Vegavero (Marketplace Seller)_VEGAVERO Probiotici e Prebiotici Bambini;658445101;5.5.2026;cpc;1,01;;69;0;0;0;0;0;0;14250953;4260557420249;0
it_CrossSellReRank_Vegavero (Marketplace Seller)_VEGAVERO Glicina in Polvere;658296353;5.5.2026;cpc;0,31;;79;1;1,492537;0;0,31;0;0;upmTGWG29;4260557423479;0,31
com_CrossSellReRank_Vegavero (Marketplace Seller)_VEGAVERO Rhodiola rosea Extrakt;643082833;5.5.2026;cpc;0,31;;74;0;0;0;0;0;0;14251036;4260557420102;0
at_CrossSellReRank_Vegavero (Marketplace Seller)_VEGAVERO Vitamin D3+K2 Tropfen;658280177;5.5.2026;cpc;1,41;;71;0;0;0;0;0;0;upmKAXT9Y;4260557422915;0
at_MarketplaceBooster_Vegavero (Marketplace Seller)_VEGAVERO Vitamin D3+K2 Tropfen;626442372;5.5.2026;cpc;1,51;;65;0;0;0;0;0;0;upmKAXT9Y;4260557422915;0
it_CrossSellReRank_Vegavero (Marketplace Seller)_VEGAVERO Sun Care Complex;649077192;5.5.2026;cpc;0,31;;65;0;0;0;0;0;0;upm7C9XR2;4260557420836;0
it_MarketplaceBooster_Vegavero (Marketplace Seller)_VEGAVERO Ashwagandha BIO;620566536;5.5.2026;cpc;0,51;;64;2;3,125;0;1,02;0;0;upmUPLLZH;4260557420676;0,51
com_MarketplaceBooster_Vegavero (Marketplace Seller)_VEGAVERO Vitamin B12 Spray Cherry;629516457;5.5.2026;cpc;0,51;;64;0;0;0;0;0;0;14251102;4260557420027;0
at_CrossSellReRank_Vegavero (Marketplace Seller)_VEGAVERO Schwarzk?mmel?l BIO;658280057;5.5.2026;cpc;0,61;;67;0;0;0;0;0;0;upmEUZ9F7;4260557421376;0
it_MarketplaceBooster_Vegavero (Marketplace Seller)_VEGAVERO Iodio naturale BIO;658445105;5.5.2026;cpc;1,01;;63;0;0;0;0;0;0;14250769;4260557420256;0
it_CrossSellReRank_Vegavero (Marketplace Seller)_VEGAVERO Vitamina D3 + K2;649145192;5.5.2026;cpc;1,11;;65;2;3,174603;0;2,22;0;0;upmKAXT9Y;4260557422915;1,11
at_CrossSellReRank_Vegavero (Marketplace Seller)_VEGAVERO Elektrolyte Plus;658280160;5.5.2026;cpc;0,31;;62;0;0;0;0;0;0;upmD23XCL;4260557422823;0
SOLD_OUT_it_CrossSellReRank_Vegavero (Marketplace Seller)_VEGAVERO Betacarotene Plus;649106236;5.5.2026;cpc;0,31;;73;0;0;0;0;0;0;upmGPMUEM;4260557422427;0
it_CrossSellReRank_Vegavero (Marketplace Seller)_VEGAVERO Cardo Mariano;658352468;5.5.2026;cpc;0,31;;68;0;0;0;0;0;0;upmGMGWYP;4260309481979;0
com_MarketplaceBooster_Vegavero (Marketplace Seller)_VEGAVERO Omega-3 ?l;620545279;5.5.2026;cpc;1,71;;61;2;3,278689;0;3,42;0;0;upm9KDWAZ;4260557421383;1,71
com_MarketplaceBooster_Vegavero (Marketplace Seller)_VEGAVERO Myo-Inositol Complex;658295457;5.5.2026;cpc;1,71;;61;3;4,918033;0;5,13;0;0;upm7PGM77;4260557421765;1,71
at_MarketplaceBooster_Vegavero (Marketplace Seller)_VEGAVERO Oregano ?l BIO;658280076;5.5.2026;cpc;0,51;;61;8;13,114754;0;4,08;0;0;upmYCXAL7;4260557421932;0,51
at_MarketplaceBooster_Vegavero (Marketplace Seller)_VEGAVERO Myo-Inositol Complex;625786532;5.5.2026;cpc;1,01;;61;2;3,278689;0;2,02;0;0;upm7PGM77;4260557421765;1,01
it_MarketplaceBooster_Vegavero (Marketplace Seller)_VEGAVERO Quercetina Complex;658381383;5.5.2026;cpc;0,51;;60;1;1,666667;0;0,51;0;0;upmF2AFXC;4260557423509;0,51
SOLD_OUT_it_CrossSellReRank_Vegavero (Marketplace Seller)_VEGAVERO Collagene Vegano + Acido Ialuronico;658334350;5.5.2026;cpc;0,81;;70;0;0;0;0;0;0;upmK3CG99;4260557422656;0
it_CrossSellReRank_Vegavero (Marketplace Seller)_VEGAVERO Reishi;658296413;5.5.2026;cpc;0,31;;65;0;0;0;0;0;0;14251013;4260309481665;0
it_CrossSellReRank_Vegavero (Marketplace Seller)_VEGAVERO Female Balance Complex;658381499;5.5.2026;cpc;0,31;;72;3;5,084746;0;0,93;0;0;upmUX2FW3;4260557420638;0,31
it_CrossSellReRank_Vegavero (Marketplace Seller)_VEGAVERO Maca Nera Plus;649149549;5.5.2026;cpc;0,81;;61;1;1,724138;0;0,81;0;0;upmG4PKUG;4260557423042;0,81
it_MarketplaceBooster_Vegavero (Marketplace Seller)_VEGAVERO Cumino Nero BIO;658352477;5.5.2026;cpc;0,51;;58;0;0;0;0;0;0;upmEUZ9F7;4260557421376;0
it_MarketplaceBooster_Vegavero (Marketplace Seller)_VEGAVERO Sun Care Complex;649077191;5.5.2026;cpc;0,51;;58;2;3,448276;0;1,02;0;0;upm7C9XR2;4260557420836;0,51
com_MarketplaceBooster_Vegavero (Marketplace Seller)_VEGAVERO Vitamin B12 Spray Junior;619721771;5.5.2026;cpc;0,51;;55;0;0;0;0;0;0;upm3RXHUC;4260557422229;0
it_CrossSellReRank_Vegavero (Marketplace Seller)_VEGAVERO Magnesio Bisglicinato;649159286;5.5.2026;cpc;1,31;;62;0;0;0;0;0;0;upmX4LT4H;4260557423257;0
at_MarketplaceBooster_Vegavero (Marketplace Seller)_VEGAVERO Multivitamin Spray Junior;625777201;5.5.2026;cpc;0,51;;55;0;0;0;0;0;0;upm9ZTF3H;4260557421178;0
at_MarketplaceBooster_Vegavero (Marketplace Seller)_VEGAVERO D-Mannose Complex;620609091;5.5.2026;cpc;0,51;;54;0;0;0;0;0;0;14250640;4260309482747;0
it_CrossSellReRank_Vegavero (Marketplace Seller)_VEGAVERO Rhodiola Rosea;658445094;5.5.2026;cpc;0,31;;60;0;0;0;0;0;0;14251036;4260557420102;0
it_MarketplaceBooster_Vegavero (Marketplace Seller)_VEGAVERO Echinacea Plus;620565882;5.5.2026;cpc;1,01;;54;0;0;0;0;0;0;upmPHKX9F;4260557423141;0
it_MarketplaceBooster_Vegavero (Marketplace Seller)_VEGAVERO Artiglio del Diavolo Plus;620572756;5.5.2026;cpc;0,51;2;53;1;1,886792;200;0,51;39,8;7803,921569;upmD3U322;4260557421192;0,51
it_MarketplaceBooster_Vegavero (Marketplace Seller)_VEGAVERO Vitamina D3 + K2;641650857;5.5.2026;cpc;0,51;;53;1;1,886792;0;0,51;0;0;upmKAXT9Y;4260557422915;0,51
at_MarketplaceBooster_Vegavero (Marketplace Seller)_VEGAVERO Glucosamin Complex;620608017;5.5.2026;cpc;0,51;;52;0;0;0;0;0;0;upmTYL3Y7;4260557420737;0
SOLD_OUT_it_MarketplaceBooster_Vegavero (Marketplace Seller)_VEGAVERO Betacarotene Plus;641622772;5.5.2026;cpc;0,51;1;52;2;3,846154;50;1,02;47,98;4703,921569;upmGPMUEM;4260557422427;0,51
com_CrossSellReRank_Vegavero (Marketplace Seller)_VEGAVERO Drenaflux Complex;643094174;5.5.2026;cpc;0,31;;55;1;1,923077;0;0,31;0;0;upm2XGYDU;4260557422489;0,31
com_MarketplaceBooster_Vegavero (Marketplace Seller)_VEGAVERO Schwarzk?mmel?l BIO;658295946;5.5.2026;cpc;0,91;;51;0;0;0;0;0;0;upmEUZ9F7;4260557421376;0
com_MarketplaceBooster_Vegavero (Marketplace Seller)_VEGAVERO Eisen Bisglycinat;620565118;5.5.2026;cpc;0,51;;51;2;3,921569;0;1,02;0;0;14250692;4260309483065;0,51
com_MarketplaceBooster_Vegavero (Marketplace Seller)_VEGAVERO Beta Carotin;620501440;5.5.2026;cpc;1,01;;51;3;5,882353;0;3,03;0;0;14250551;4260309484208;1,01
com_CrossSellReRank_Vegavero (Marketplace Seller)_VEGAVERO Teufelskralle Plus;643090107;5.5.2026;cpc;0,31;;55;0;0;0;0;0;0;upmD3U322;4260557421192;0
com_MarketplaceBooster_Vegavero (Marketplace Seller)_VEGAVERO Teufelskralle Plus;619697372;5.5.2026;cpc;0,51;;50;2;4;0;1,02;0;0;upmD3U322;4260557421192;0,51
at_MarketplaceBooster_Vegavero (Marketplace Seller)_VEGAVERO Eisen Bisglycinat;620612855;5.5.2026;cpc;0,51;;50;2;4;0;1,02;0;0;14250692;4260309483065;0,51
it_MarketplaceBooster_Vegavero (Marketplace Seller)_VEGAVERO Igname Selvatico +  Zinco;658353187;5.5.2026;cpc;0,51;;50;1;2;0;0,51;0;0;14251183;4260309481672;0,51
SOLD_OUT_it_MarketplaceBooster_Vegavero (Marketplace Seller)_VEGAVERO L-Tirosina Plus;649142984;5.5.2026;cpc;0,51;;49;3;6,122449;0;1,53;0;0;upm2FC2LC;4260557422885;0,51
com_CrossSellReRank_Vegavero (Marketplace Seller)_VEGAVERO Rosskastanie Plus BIO;643090783;5.5.2026;cpc;0,41;;49;1;2,040816;0;0,41;0;0;upmUR4ZK4;4260557421239;0,41
it_MarketplaceBooster_Vegavero (Marketplace Seller)_VEGAVERO Moringa BIO;658388273;5.5.2026;cpc;0,71;;48;1;2,083333;0;0,71;0;0;14250893;4260309481115;0,71
it_CrossSellReRank_Vegavero (Marketplace Seller)_VEGAVERO Myo-Inositol Complex;658353200;5.5.2026;cpc;0,61;;53;1;2,083333;0;0,61;0;0;upm7PGM77;4260557421765;0,61
com_MarketplaceBooster_Vegavero (Marketplace Seller)_VEGAVERO Female Harmony Complex;629496627;5.5.2026;cpc;0,51;;47;1;2,12766;0;0,51;0;0;upmUFEEWW;4260557420300;0,51
at_MarketplaceBooster_Vegavero (Marketplace Seller)_VEGAVERO Beta Carotin;620605193;5.5.2026;cpc;1,01;;47;1;2,12766;0;1,01;0;0;14250551;4260309484208;1,01
it_MarketplaceBooster_Vegavero (Marketplace Seller)_VEGAVERO Cardo Mariano Plus;641649766;5.5.2026;cpc;0,51;;46;0;0;0;0;0;0;upmR9H2HU;4260557422892;0
com_CrossSellReRank_Vegavero (Marketplace Seller)_VEGAVERO Nachtkerzen ?l;658291480;5.5.2026;cpc;0,61;;60;1;2,173913;0;0,61;0;0;upm7DM474;4260557423448;0,61
it_MarketplaceBooster_Vegavero (Marketplace Seller)_VEGAVERO Maca Nera Plus;641623120;5.5.2026;cpc;1,01;;45;4;8,888889;0;4,04;0;0;upmG4PKUG;4260557423042;1,01
it_MarketplaceBooster_Vegavero (Marketplace Seller)_VEGAVERO Resveratrolo Plus;620567258;5.5.2026;cpc;0,51;1;45;1;2,222222;100;0,51;30,9;6058,823529;upmGDDD7G;4260557420805;0,51
it_MarketplaceBooster_Vegavero (Marketplace Seller)_VEGAVERO Elettroliti Complex;641629249;5.5.2026;cpc;0,51;;45;2;4,444444;0;1,02;0;0;upmD23XCL;4260557422823;0,51
at_MarketplaceBooster_Vegavero (Marketplace Seller)_VEGAVERO Sun Care Complex;658280011;5.5.2026;cpc;0,51;;44;1;2,272727;0;0,51;0;0;upm7C9XR2;4260557420836;0,51
it_CrossSellReRank_Vegavero (Marketplace Seller)_VEGAVERO Quercetina Complex;658381384;5.5.2026;cpc;0,31;;47;1;2,272727;0;0,31;0;0;upmF2AFXC;4260557423509;0,31
com_MarketplaceBooster_Vegavero (Marketplace Seller)_VEGAVERO D-Mannose Complex;619660802;5.5.2026;cpc;1,51;;44;0;0;0;0;0;0;14250640;4260309482747;0
com_MarketplaceBooster_Vegavero (Marketplace Seller)_VEGAVERO Magnesium + Kalium;617842638;5.5.2026;cpc;1,01;;44;1;2,272727;0;1,01;0;0;upm32MART;4260557420287;1,01
at_MarketplaceBooster_Vegavero (Marketplace Seller)_VEGAVERO Magnesium Bisglycinat;620592111;5.5.2026;cpc;1,71;;44;0;0;0;0;0;0;upmX4LT4H;4260557423257;0
at_MarketplaceBooster_Vegavero (Marketplace Seller)_VEGAVERO Papaya BIO;658295837;5.5.2026;cpc;0,51;;43;0;0;0;0;0;0;upm9HWLUD;4260557421055;0
it_CrossSellReRank_Vegavero (Marketplace Seller)_VEGAVERO Moringa BIO;658388299;5.5.2026;cpc;0,31;;50;0;0;0;0;0;0;14250893;4260309481115;0
it_MarketplaceBooster_Vegavero (Marketplace Seller)_VEGAVERO Spirulina BIO +  Clorella BIO;658331796;5.5.2026;cpc;0,51;;43;0;0;0;0;0;0;14250597;4260309484185;0
it_CrossSellReRank_Vegavero (Marketplace Seller)_VEGAVERO Probiotici e Prebiotici BIO;658296371;5.5.2026;cpc;0,31;;47;0;0;0;0;0;0;14250976;4260557420034;0
SOLD_OUT_com_MarketplaceBooster_Vegavero (Marketplace Seller)_VEGAVERO Vegan Collagen+Hyaluronic Acid;620530762;5.5.2026;cpc;1,51;;42;1;2,380952;0;1,51;0;0;upmK3CG99;4260557422656;1,51
at_CrossSellReRank_Vegavero (Marketplace Seller)_VEGAVERO Sun Care Complex;658280012;5.5.2026;cpc;0,31;;44;1;2,380952;0;0,31;0;0;upm7C9XR2;4260557420836;0,31
com_MarketplaceBooster_Vegavero (Marketplace Seller)_VEGAVERO MSM Pulver;620565741;5.5.2026;cpc;1,21;;41;0;0;0;0;0;0;upmWCKTTE;4260309481214;0
it_CrossSellReRank_Vegavero (Marketplace Seller)_VEGAVERO Betacarotene;653866107;5.5.2026;cpc;0,31;;43;0;0;0;0;0;0;14250551;4260309484208;0
com_CrossSellReRank_Vegavero (Marketplace Seller)_VEGAVERO Venaflux Complex;643093981;5.5.2026;cpc;1,41;;45;0;0;0;0;0;0;upmKY422A;4260557422212;0
it_MarketplaceBooster_Vegavero (Marketplace Seller)_VEGAVERO Glucosamin Complex;620567054;5.5.2026;cpc;0,51;;41;2;4,878049;0;1,02;0;0;upmTYL3Y7;4260557420737;0,51
at_MarketplaceBooster_Vegavero (Marketplace Seller)_VEGAVERO Light Legs Complex;658347596;5.5.2026;cpc;0,51;;43;0;0;0;0;0;0;upmD7EWMP;4260557420454;0
com_MarketplaceBooster_Vegavero (Marketplace Seller)_VEGAVERO Vitamin C liposomal;619662437;5.5.2026;cpc;0,51;;41;1;2,439024;0;0,51;0;0;upm77WEEP;4260557422786;0,51
com_MarketplaceBooster_Vegavero (Marketplace Seller)_VEGAVERO Vitamin D3+K2 Tropfen;620538813;5.5.2026;cpc;1,51;;39;4;10,25641;0;6,04;0;0;upmKAXT9Y;4260557422915;1,51
com_CrossSellReRank_Vegavero (Marketplace Seller)_VEGAVERO Female Balance Complex;643085982;5.5.2026;cpc;0,71;;44;1;2,564103;0;0,71;0;0;upmUX2FW3;4260557420638;0,71
SOLD_OUT_com_MarketplaceBooster_Vegavero (Marketplace Seller)_VEGAVERO Taurin Plus;620551671;5.5.2026;cpc;0,51;;39;2;5,128205;0;1,02;0;0;upmXXW9XA;4260557423059;0,51
at_MarketplaceBooster_Vegavero (Marketplace Seller)_VEGAVERO Colon Care Complex;625767929;5.5.2026;cpc;0,51;;39;2;5,128205;0;1,02;0;0;14250605;4260557420201;0,51
SOLD_OUT_at_MarketplaceBooster_Vegavero (Marketplace Seller)_VEGAVERO Pro Bio Kids BIO;620610302;5.5.2026;cpc;0,51;;38;1;2,631579;0;0,51;0;0;14250953;4260557420249;0,51
com_MarketplaceBooster_Vegavero (Marketplace Seller)_VEGAVERO Liver Active Complex;619661159;5.5.2026;cpc;0,51;;38;1;2,631579;0;0,51;0;0;14250812;4260557420188;0,51
com_CrossSellReRank_Vegavero (Marketplace Seller)_VEGAVERO Beifu? Extrakt;643093976;5.5.2026;cpc;0,31;;41;1;2,631579;0;0,31;0;0;upmWMGCRY;4260557422090;0,31
it_MarketplaceBooster_Vegavero (Marketplace Seller)_VEGAVERO Probiotici e Prebiotici BIO;658296369;5.5.2026;cpc;0,51;;38;0;0;0;0;0;0;14250976;4260557420034;0
at_MarketplaceBooster_Vegavero (Marketplace Seller)_VEGAVERO Pro Bio Kulturenkomplex;620609408;5.5.2026;cpc;0,51;;37;0;0;0;0;0;0;14250976;4260557420034;0
com_MarketplaceBooster_Vegavero (Marketplace Seller)_VEGAVERO BIO Astaxanthin ?l;618496738;5.5.2026;cpc;1,41;;37;0;0;0;0;0;0;upm7GZX42;4260557423165;0
it_MarketplaceBooster_Vegavero (Marketplace Seller)_VEGAVERO Youth Biotics;658445086;5.5.2026;cpc;1,01;;35;0;0;0;0;0;0;upmW7Y7DL;4260557423462;0
at_MarketplaceBooster_Vegavero (Marketplace Seller)_VEGAVERO D-Mannose Pulver;620609056;5.5.2026;cpc;0,51;;35;0;0;0;0;0;0;14250686;4260309481603;0
at_CrossSellReRank_Vegavero (Marketplace Seller)_VEGAVERO Lecithin BIO;658280090;5.5.2026;cpc;0,71;;41;0;0;0;0;0;0;upm2HFKPC;4260557422021;0
com_MarketplaceBooster_Vegavero (Marketplace Seller)_VEGAVERO Cholin Trio;618496729;5.5.2026;cpc;1,01;;36;0;0;0;0;0;0;upm97PFY9;4260557421826;0
it_MarketplaceBooster_Vegavero (Marketplace Seller)_VEGAVERO Serenity Complex;641646664;5.5.2026;cpc;0,51;1;34;2;5,882353;50;1,02;53,8;5274,509804;upmZFGPHR;4260557422830;0,51
SOLD_OUT_com_CrossSellReRank_Vegavero (Marketplace Seller)_VEGAVERO Beta Carotin Plus ?l;643094141;5.5.2026;cpc;0,31;;35;0;0;0;0;0;0;upmGPMUEM;4260557422427;0
SOLD_OUT_com_MarketplaceBooster_Vegavero (Marketplace Seller)_VEGAVERO Vitamin B12 Tropfen;619721768;5.5.2026;cpc;0,51;;34;2;5,882353;0;1,02;0;0;upmYRCT9P;4260557422908;0,51
it_CrossSellReRank_Vegavero (Marketplace Seller)_VEGAVERO Ippocastano BIO Plus;649084572;5.5.2026;cpc;0,31;;36;0;0;0;0;0;0;upmUR4ZK4;4260557421239;0
SOLD_OUT_at_CrossSellReRank_Vegavero (Marketplace Seller)_VEGAVERO Beta Carotin Plus ?l;658280127;5.5.2026;cpc;0,31;;37;0;0;0;0;0;0;upmGPMUEM;4260557422427;0
at_MarketplaceBooster_Vegavero (Marketplace Seller)_VEGAVERO Female Harmony Complex;658279991;5.5.2026;cpc;0,51;;33;2;6,060606;0;1,02;0;0;upmUFEEWW;4260557420300;0,51
com_MarketplaceBooster_Vegavero (Marketplace Seller)_VEGAVERO Vitamin D3 und K2 ?l;652853552;5.5.2026;cpc;1,31;;32;1;3,125;0;1,31;0;0;upm7FHKKZ;4260557421437;1,31
com_MarketplaceBooster_Vegavero (Marketplace Seller)_VEGAVERO OPC Trio;620554337;5.5.2026;cpc;0,51;;33;1;3,125;0;0,51;0;0;upmWFGGMG;4260557423097;0,51
com_MarketplaceBooster_Vegavero (Marketplace Seller)_VEGAVERO Colon Care Complex;627014864;5.5.2026;cpc;0,51;;32;2;6,25;0;1,02;0;0;14250605;4260557420201;0,51
it_CrossSellReRank_Vegavero (Marketplace Seller)_VEGAVERO Liver Active Complex;658445100;5.5.2026;cpc;0,31;;34;0;0;0;0;0;0;14250812;4260557420188;0
at_CrossSellReRank_Vegavero (Marketplace Seller)_VEGAVERO Female Harmony Complex;658279992;5.5.2026;cpc;0,31;;32;1;3,225806;0;0,31;0;0;upmUFEEWW;4260557420300;0,31
at_MarketplaceBooster_Vegavero (Marketplace Seller)_VEGAVERO Vegan Essentials Complex;620605288;5.5.2026;cpc;0,51;;31;2;6,451613;0;1,02;0;0;upmHHT433;4260557421390;0,51
at_CrossSellReRank_Vegavero (Marketplace Seller)_VEGAVERO Venaflux Complex;658280106;5.5.2026;cpc;1,41;;35;0;0;0;0;0;0;upmKY422A;4260557422212;0
com_MarketplaceBooster_Vegavero (Marketplace Seller)_VEGAVERO K?rbiskern?l BIO;619721382;5.5.2026;cpc;0,51;;31;1;3,225806;0;0,51;0;0;upmY7MX4C;4260557422014;0,51
it_CrossSellReRank_Vegavero (Marketplace Seller)_VEGAVERO Cardo Mariano Plus;649143954;5.5.2026;cpc;0,31;;39;1;3,225806;0;0,31;0;0;upmR9H2HU;4260557422892;0,31
at_CrossSellReRank_Vegavero (Marketplace Seller)_VEGAVERO Eisen Bisglycinat;643050566;5.5.2026;cpc;0,31;;32;1;3,225806;0;0,31;0;0;14250692;4260309483065;0,31
SOLD_OUT_at_CrossSellReRank_Vegavero (Marketplace Seller)_VEGAVERO L-Tyrosin Plus;658280164;5.5.2026;cpc;0,31;;32;1;3,225806;0;0,31;0;0;upm2FC2LC;4260557422885;0,31
it_MarketplaceBooster_Vegavero (Marketplace Seller)_VEGAVERO Ginseng Rosso Coreano;620566091;5.5.2026;cpc;0,51;;30;0;0;0;0;0;0;upm2CZXC9;4260557420140;0
com_CrossSellReRank_Vegavero (Marketplace Seller)_VEGAVERO Beta Carotin;643079421;5.5.2026;cpc;0,31;;36;0;0;0;0;0;0;14250551;4260309484208;0
at_MarketplaceBooster_Vegavero (Marketplace Seller)_VEGAVERO Roter Reis Plus;626443344;5.5.2026;cpc;0,51;;30;1;3,333333;0;0,51;0;0;upmDFWTTT;4260557423110;0,51
SOLD_OUT_com_MarketplaceBooster_Vegavero (Marketplace Seller)_VEGAVERO L-Tyrosin Plus;620537391;5.5.2026;cpc;1,61;;30;2;6,666667;0;3,22;0;0;upm2FC2LC;4260557422885;1,61
com_MarketplaceBooster_Vegavero (Marketplace Seller)_VEGAVERO Astaxanthin ?l;619716956;5.5.2026;cpc;0,51;;30;1;3,333333;0;0,51;0;0;upmYPTY2W;4260557421925;0,51
it_CrossSellReRank_Vegavero (Marketplace Seller)_VEGAVERO Ginseng Rosso Coreano;649076431;5.5.2026;cpc;0,31;;31;0;0;0;0;0;0;upm2CZXC9;4260557420140;0
it_CrossSellReRank_Vegavero (Marketplace Seller)_VEGAVERO L-Triptofano;658352473;5.5.2026;cpc;0,31;;32;1;3,333333;0;0,31;0;0;14250841;4260309481108;0,31
it_CrossSellReRank_Vegavero (Marketplace Seller)_VEGAVERO Elettroliti Complex;649122256;5.5.2026;cpc;0,31;;32;0;0;0;0;0;0;upmD23XCL;4260557422823;0
it_MarketplaceBooster_Vegavero (Marketplace Seller)_VEGAVERO Light Legs Complex;658381501;5.5.2026;cpc;0,51;;29;2;6,896552;0;1,02;0;0;upmD7EWMP;4260557420454;0,51
at_CrossSellReRank_Vegavero (Marketplace Seller)_VEGAVERO Beifu? Extrakt;658280102;5.5.2026;cpc;0,41;;29;0;0;0;0;0;0;upmWMGCRY;4260557422090;0
it_MarketplaceBooster_Vegavero (Marketplace Seller)_VEGAVERO Vitamina C Liposomiale;620566158;5.5.2026;cpc;0,81;;29;3;10,344828;0;2,43;0;0;upm77WEEP;4260557422786;0,81
it_MarketplaceBooster_Vegavero (Marketplace Seller)_VEGAVERO Glucomammano BIO;641643679;5.5.2026;cpc;0,51;;29;1;3,448276;0;0,51;0;0;upmLXEUT7;4260557423240;0,51
com_MarketplaceBooster_Vegavero (Marketplace Seller)_VEGAVERO D-Mannose Pulver;619660673;5.5.2026;cpc;1,51;;28;0;0;0;0;0;0;14250686;4260309481603;0
com_MarketplaceBooster_Vegavero (Marketplace Seller)_VEGAVERO Light Legs Complex;658347560;5.5.2026;cpc;1,01;;28;0;0;0;0;0;0;upmD7EWMP;4260557420454;0
SOLD_OUT_it_MarketplaceBooster_Vegavero (Marketplace Seller)_VEGAVERO Tribulus Terrestris;658296415;5.5.2026;cpc;0,51;;28;2;7,142857;0;1,02;0;0;14251088;4260309481313;0,51
it_CrossSellReRank_Vegavero (Marketplace Seller)_VEGAVERO Magnesio + Potassio;649076465;5.5.2026;cpc;0,31;;30;1;3,571429;0;0,31;0;0;upm32MART;4260557420287;0,31
it_CrossSellReRank_Vegavero (Marketplace Seller)_VEGAVERO Spirulina BIO +  Clorella BIO;658331804;5.5.2026;cpc;0,31;;30;0;0;0;0;0;0;14250597;4260309484185;0
at_CrossSellReRank_Vegavero (Marketplace Seller)_VEGAVERO Omega-3 ?l;658280058;5.5.2026;cpc;1,31;;34;0;0;0;0;0;0;upm9KDWAZ;4260557421383;0
at_MarketplaceBooster_Vegavero (Marketplace Seller)_VEGAVERO Rhodiola rosea Extrakt;620605153;5.5.2026;cpc;0,51;;27;1;3,703704;0;0,51;0;0;14251036;4260557420102;0,51
com_CrossSellReRank_Vegavero (Marketplace Seller)_VEGAVERO Oregano ?l BIO;643093284;5.5.2026;cpc;0,51;;35;0;0;0;0;0;0;upmYCXAL7;4260557421932;0
it_MarketplaceBooster_Vegavero (Marketplace Seller)_VEGAVERO Griffonia Plus;641628925;5.5.2026;cpc;0,51;;27;3;11,111111;0;1,53;0;0;upmHCULGA;4260557422755;0,51
com_CrossSellReRank_Vegavero (Marketplace Seller)_VEGAVERO Eisen Bisglycinat;643077960;5.5.2026;cpc;0,31;;27;1;3,703704;0;0,31;0;0;14250692;4260309483065;0,31
at_MarketplaceBooster_Vegavero (Marketplace Seller)_VEGAVERO Wild Yams + Zink;625763764;5.5.2026;cpc;0,51;;27;0;0;0;0;0;0;14251183;4260309481672;0
SOLD_OUT_com_CrossSellReRank_Vegavero (Marketplace Seller)_VEGAVERO L-Tyrosin Plus;643130826;5.5.2026;cpc;1,01;;37;0;0;0;0;0;0;upm2FC2LC;4260557422885;0
at_MarketplaceBooster_Vegavero (Marketplace Seller)_VEGAVERO Glycin Pulver;658280142;5.5.2026;cpc;0,51;;27;0;0;0;0;0;0;upmR9H4DE;4260557422595;0
it_CrossSellReRank_Vegavero (Marketplace Seller)_VEGAVERO Enzima della Papaya;658445112;5.5.2026;cpc;0,31;;29;1;3,703704;0;0,31;0;0;14250930;4260309482648;0,31
it_CrossSellReRank_Vegavero (Marketplace Seller)_VEGAVERO Glucosamin Complex;649076940;5.5.2026;cpc;0,31;;26;1;3,846154;0;0,31;0;0;upmTYL3Y7;4260557420737;0,31
com_MarketplaceBooster_Vegavero (Marketplace Seller)_VEGAVERO Keto Power;658283042;5.5.2026;cpc;0,51;;27;0;0;0;0;0;0;upmP77L3M;4260557423288;0
SOLD_OUT_com_MarketplaceBooster_Vegavero (Marketplace Seller)_VEGAVERO Pro Bio Kids BIO;618496726;5.5.2026;cpc;0,51;;26;0;0;0;0;0;0;14250953;4260557420249;0
com_MarketplaceBooster_Vegavero (Marketplace Seller)_VEGAVERO Prostaid Complex;658727268;5.5.2026;cpc;1,51;;26;1;4;0;1,51;0;0;upmCEE43U;4260557420515;1,51
it_CrossSellReRank_Vegavero (Marketplace Seller)_VEGAVERO Lecitina BIO;649100827;5.5.2026;cpc;0,31;;26;0;0;0;0;0;0;upm2HFKPC;4260557422021;0
com_CrossSellReRank_Vegavero (Marketplace Seller)_VEGAVERO Brewers Yeast;658295768;5.5.2026;cpc;0,31;;29;0;0;0;0;0;0;upmKUKGHH;4260557423332;0
SOLD_OUT_it_MarketplaceBooster_Vegavero (Marketplace Seller)_VEGAVERO Guggul;641655761;5.5.2026;cpc;0,51;;25;1;4;0;0,51;0;0;upmT99EZK;4260557421123;0,51
it_CrossSellReRank_Vegavero (Marketplace Seller)_VEGAVERO Glicina in Polvere;658334363;5.5.2026;cpc;0,31;;26;0;0;0;0;0;0;upmR9H4DE;4260557422595;0
at_MarketplaceBooster_Vegavero (Marketplace Seller)_VEGAVERO Venaflux Complex;658280105;5.5.2026;cpc;1,61;;25;3;12;0;4,83;0;0;upmKY422A;4260557422212;1,61
at_MarketplaceBooster_Vegavero (Marketplace Seller)_VEGAVERO Teufelskralle Plus;620605271;5.5.2026;cpc;0,51;;25;0;0;0;0;0;0;upmD3U322;4260557421192;0
at_MarketplaceBooster_Vegavero (Marketplace Seller)_VEGAVERO Liver Active Complex;625768092;5.5.2026;cpc;0,51;;25;0;0;0;0;0;0;14250812;4260557420188;0
it_CrossSellReRank_Vegavero (Marketplace Seller)_VEGAVERO Origano BIO;649094039;5.5.2026;cpc;0,31;;28;2;8,333333;0;0,62;0;0;upmYCXAL7;4260557421932;0,31
it_CrossSellReRank_Vegavero (Marketplace Seller)_VEGAVERO Vitamina B3 Nicotinamide;649112226;5.5.2026;cpc;0,31;;28;0;0;0;0;0;0;upmKKE3R2;4260557422526;0
SOLD_OUT_at_MarketplaceBooster_Vegavero (Marketplace Seller)_VEGAVERO Taurin Plus;626442685;5.5.2026;cpc;0,51;;24;0;0;0;0;0;0;upmXXW9XA;4260557423059;0
SOLD_OUT_it_CrossSellReRank_Vegavero (Marketplace Seller)_VEGAVERO Tribulus Terrestris;658296416;5.5.2026;cpc;0,31;;24;0;0;0;0;0;0;14251088;4260309481313;0
it_CrossSellReRank_Vegavero (Marketplace Seller)_VEGAVERO Cannella Ceylon BIO;649115454;5.5.2026;cpc;0,31;;26;0;0;0;0;0;0;upmW9KKTG;4260557422618;0
com_CrossSellReRank_Vegavero (Marketplace Seller)_VEGAVERO Cholin Trio;643092529;5.5.2026;cpc;0,31;1;31;0;0;0;0;21,9;0;upm97PFY9;4260557421826;0
com_MarketplaceBooster_Vegavero (Marketplace Seller)_VEGAVERO Nachtkerzen und Borretsch?l BIO;619715142;5.5.2026;cpc;0,51;;23;0;0;0;0;0;0;upm7KTFPH;4260557421420;0
com_MarketplaceBooster_Vegavero (Marketplace Seller)_VEGAVERO Multivitamin Spray Junior;649171519;5.5.2026;cpc;0,51;;23;2;8,695652;0;1,02;0;0;upm9ZTF3H;4260557421178;0,51
it_MarketplaceBooster_Vegavero (Marketplace Seller)_VEGAVERO Astaxantina BIO;620574573;5.5.2026;cpc;0,71;;22;1;4,545455;0;0,71;0;0;upm7GZX42;4260557423165;0,71
it_CrossSellReRank_Vegavero (Marketplace Seller)_VEGAVERO Riso Rosso Plus;649150541;5.5.2026;cpc;0,31;;27;0;0;0;0;0;0;upmDFWTTT;4260557423110;0
com_MarketplaceBooster_Vegavero (Marketplace Seller)_VEGAVERO Elektrolyte Plus;617842699;5.5.2026;cpc;0,51;;22;0;0;0;0;0;0;upmD23XCL;4260557422823;0
com_MarketplaceBooster_Vegavero (Marketplace Seller)_VEGAVERO Brewers Yeast;658295767;5.5.2026;cpc;0,51;;22;1;4,545455;0;0,51;0;0;upmKUKGHH;4260557423332;0,51
com_MarketplaceBooster_Vegavero (Marketplace Seller)_VEGAVERO Bockshornklee BIO;620539867;5.5.2026;cpc;0,51;;23;1;4,545455;0;0,51;0;0;upm7AL3PG;4260557422977;0,51
com_CrossSellReRank_Vegavero (Marketplace Seller)_VEGAVERO Party Hero;653854384;5.5.2026;cpc;0,31;;28;1;4,545455;0;0,31;0;0;upmFACEA7;4260557423356;0,31
at_MarketplaceBooster_Vegavero (Marketplace Seller)_VEGAVERO Vitamin B12 Spray Cherry;620611413;5.5.2026;cpc;0,51;;22;0;0;0;0;0;0;14251102;4260557420027;0
it_MarketplaceBooster_Vegavero (Marketplace Seller)_VEGAVERO Boswellia;641624237;5.5.2026;cpc;0,51;;21;1;4,761905;0;0,51;0;0;upmEH2K74;4260557422588;0,51
at_CrossSellReRank_Vegavero (Marketplace Seller)_VEGAVERO Teufelskralle Plus;658280050;5.5.2026;cpc;0,31;;24;0;0;0;0;0;0;upmD3U322;4260557421192;0
it_CrossSellReRank_Vegavero (Marketplace Seller)_VEGAVERO Griffonia;658296092;5.5.2026;cpc;0,31;;23;1;4,761905;0;0,31;0;0;upmG7RZLC;4260557423318;0,31
at_MarketplaceBooster_Vegavero (Marketplace Seller)_VEGAVERO OPC Trio;626443283;5.5.2026;cpc;0,51;;21;1;4,761905;0;0,51;0;0;upmWFGGMG;4260557423097;0,51
com_MarketplaceBooster_Vegavero (Marketplace Seller)_VEGAVERO Natural Jod BIO;619661620;5.5.2026;cpc;0,51;;22;2;9,52381;0;1,02;0;0;14250769;4260557420256;0,51
it_CrossSellReRank_Vegavero (Marketplace Seller)_VEGAVERO EAA - Aminoacidi Essenziali;649077110;5.5.2026;cpc;1,11;;24;0;0;0;0;0;0;upmGMXXY9;4260557420744;0
at_CrossSellReRank_Vegavero (Marketplace Seller)_VEGAVERO Rhodiola rosea Extrakt;658279979;5.5.2026;cpc;0,31;;21;0;0;0;0;0;0;14251036;4260557420102;0
com_MarketplaceBooster_Vegavero (Marketplace Seller)_VEGAVERO BCAA Pulver Mango;658445052;5.5.2026;cpc;2,01;;21;0;0;0;0;0;0;upmWWWMYX;4260557423523;0
it_CrossSellReRank_Vegavero (Marketplace Seller)_VEGAVERO Zenzero BIO;658353197;5.5.2026;cpc;0,31;;24;1;5;0;0,31;0;0;upmPX4TPU;4260557420386;0,31
it_CrossSellReRank_Vegavero (Marketplace Seller)_VEGAVERO Biancospino BIO;649076903;5.5.2026;cpc;0,31;;21;1;5;0;0,31;0;0;upmXW7KXD;4260557420720;0,31
at_MarketplaceBooster_Vegavero (Marketplace Seller)_VEGAVERO Magnesium + Kalium;620594279;5.5.2026;cpc;0,51;;20;2;10;0;1,02;0;0;upm32MART;4260557420287;0,51
com_MarketplaceBooster_Vegavero (Marketplace Seller)_VEGAVERO Zimt-Ceylon Extrakt;619660976;5.5.2026;cpc;0,51;;20;0;0;0;0;0;0;14251208;4260557420164;0
com_CrossSellReRank_Vegavero (Marketplace Seller)_VEGAVERO K?rbiskern?l BIO;643093438;5.5.2026;cpc;0,31;;21;0;0;0;0;0;0;upmY7MX4C;4260557422014;0
com_MarketplaceBooster_Vegavero (Marketplace Seller)_VEGAVERO Venaflux Complex;629497502;5.5.2026;cpc;1,61;;19;3;15,789474;0;4,83;0;0;upmKY422A;4260557422212;1,61
it_MarketplaceBooster_Vegavero (Marketplace Seller)_VEGAVERO Mushroom Mix Complex;641622719;5.5.2026;cpc;0,51;;19;0;0;0;0;0;0;upm4XDXPR;4260557422045;0
it_CrossSellReRank_Vegavero (Marketplace Seller)_VEGAVERO D Mannosio Complex;658381392;5.5.2026;cpc;0,3;;20;0;0;0;0;0;0;14250640;4260309482747;0
at_CrossSellReRank_Vegavero (Marketplace Seller)_VEGAVERO MSM Pulver;658279946;5.5.2026;cpc;0,91;;20;0;0;0;0;0;0;upmWCKTTE;4260309481214;0
it_CrossSellReRank_Vegavero (Marketplace Seller)_VEGAVERO Serenity Complex;649145562;5.5.2026;cpc;0,31;;26;0;0;0;0;0;0;upmZFGPHR;4260557422830;0
com_CrossSellReRank_Vegavero (Marketplace Seller)_VEGAVERO Vitamin B3 (Nicotinamid);643089676;5.5.2026;cpc;0,51;;22;2;10,526316;0;1,02;0;0;upmUEXHE2;4260557420850;0,51
it_MarketplaceBooster_Vegavero (Marketplace Seller)_VEGAVERO MSM;641622735;5.5.2026;cpc;1,01;;19;1;5,263158;0;1,01;0;0;upmTLUPGT;4260309483881;1,01
com_MarketplaceBooster_Vegavero (Marketplace Seller)_VEGAVERO Rosskastanie Plus BIO;619708788;5.5.2026;cpc;1,31;;18;0;0;0;0;0;0;upmUR4ZK4;4260557421239;0
at_CrossSellReRank_Vegavero (Marketplace Seller)_VEGAVERO Drenaflux Complex;658295889;5.5.2026;cpc;0,31;;19;0;0;0;0;0;0;upm2XGYDU;4260557422489;0
it_CrossSellReRank_Vegavero (Marketplace Seller)_VEGAVERO Olio di semi di Zucca BIO;649099614;5.5.2026;cpc;0,31;;21;0;0;0;0;0;0;upmY7MX4C;4260557422014;0
it_MarketplaceBooster_Vegavero (Marketplace Seller)_VEGAVERO Cardo Mariano;620565790;5.5.2026;cpc;1,01;;18;0;0;0;0;0;0;upmGMGWYP;4260309481979;0
SOLD_OUT_at_MarketplaceBooster_Vegavero (Marketplace Seller)_VEGAVERO L-Tyrosin Plus;626440758;5.5.2026;cpc;0,81;;17;1;5,882353;0;0,81;0;0;upm2FC2LC;4260557422885;0,81
it_CrossSellReRank_Vegavero (Marketplace Seller)_VEGAVERO Fieno Greco BIO;649146229;5.5.2026;cpc;0,31;;17;0;0;0;0;0;0;upm7AL3PG;4260557422977;0
com_MarketplaceBooster_Vegavero (Marketplace Seller)_VEGAVERO Echinacea Plus;620564961;5.5.2026;cpc;0,51;;17;0;0;0;0;0;0;upmPHKX9F;4260557423141;0
com_MarketplaceBooster_Vegavero (Marketplace Seller)_VEGAVERO Astragalus BIO;625748178;5.5.2026;cpc;1,01;;18;0;0;0;0;0;0;upmCGKMCH;4260557421222;0
com_MarketplaceBooster_Vegavero (Marketplace Seller)_VEGAVERO Mariendistel Plus;652868156;5.5.2026;cpc;1,01;;17;1;5,882353;0;1,01;0;0;upmR9H2HU;4260557422892;1,01
at_CrossSellReRank_Vegavero (Marketplace Seller)_VEGAVERO Oregano ?l BIO;658280077;5.5.2026;cpc;0,31;;23;0;0;0;0;0;0;upmYCXAL7;4260557421932;0
it_MarketplaceBooster_Vegavero (Marketplace Seller)_VEGAVERO L-Glutammina in Polvere;649157245;5.5.2026;cpc;0,51;;17;0;0;0;0;0;0;upmUPTFMH;4260557423233;0
com_MarketplaceBooster_Vegavero (Marketplace Seller)_VEGAVERO Leinsamen?l BIO;629497213;5.5.2026;cpc;0,51;;17;2;11,764706;0;1,02;0;0;upmKU4FAU;4260557422038;0,51
at_CrossSellReRank_Vegavero (Marketplace Seller)_VEGAVERO L-Tryptophan;658279974;5.5.2026;cpc;0,31;;17;0;0;0;0;0;0;14250841;4260309481108;0
at_MarketplaceBooster_Vegavero (Marketplace Seller)_VEGAVERO Natural Jod BIO;625769489;5.5.2026;cpc;0,51;;17;0;0;0;0;0;0;14250769;4260557420256;0
com_CrossSellReRank_Vegavero (Marketplace Seller)_VEGAVERO Bromelain 2500 GDU/g;658347577;5.5.2026;cpc;0,31;;19;1;5,882353;0;0,31;0;0;upm43HM34;4260557421130;0,31
it_CrossSellReRank_Vegavero (Marketplace Seller)_VEGAVERO Colina Bitartrato;658296216;5.5.2026;cpc;0,31;;18;0;0;0;0;0;0;upmU9FP9M;4260557423325;0
it_CrossSellReRank_Vegavero (Marketplace Seller)_VEGAVERO Nattokinase;649160527;5.5.2026;cpc;0,31;;17;1;6,25;0;0,31;0;0;upm2ZL4CL;4260557423264;0,31
com_MarketplaceBooster_Vegavero (Marketplace Seller)_VEGAVERO Roter Reis Plus;620557805;5.5.2026;cpc;0,51;;16;0;0;0;0;0;0;upmDFWTTT;4260557423110;0
com_MarketplaceBooster_Vegavero (Marketplace Seller)_VEGAVERO Lecithin BIO;652876638;5.5.2026;cpc;1,41;;16;3;18,75;0;4,23;0;0;upm2HFKPC;4260557422021;1,41
at_CrossSellReRank_Vegavero (Marketplace Seller)_VEGAVERO Light Legs Complex;658347598;5.5.2026;cpc;0,31;;17;0;0;0;0;0;0;upmD7EWMP;4260557420454;0
it_CrossSellReRank_Vegavero (Marketplace Seller)_VEGAVERO Salvia BIO;649077205;5.5.2026;cpc;0,31;;19;0;0;0;0;0;0;upmMMLDZE;4260557420966;0
com_CrossSellReRank_Vegavero (Marketplace Seller)_VEGAVERO Vitamin B12 Spray Junior;643093986;5.5.2026;cpc;0,31;;18;0;0;0;0;0;0;upm3RXHUC;4260557422229;0
com_MarketplaceBooster_Vegavero (Marketplace Seller)_VEGAVERO Hagebutte BIO;619682810;5.5.2026;cpc;0,51;;16;0;0;0;0;0;0;upmWRWWCG;4260557421048;0
at_MarketplaceBooster_Vegavero (Marketplace Seller)_VEGAVERO Griffonia Plus;658280152;5.5.2026;cpc;0,51;;16;0;0;0;0;0;0;upmHCULGA;4260557422755;0
com_CrossSellReRank_Vegavero (Marketplace Seller)_VEGAVERO MSM Pulver;643233340;5.5.2026;cpc;0,31;;19;0;0;0;0;0;0;upmWCKTTE;4260309481214;0
it_MarketplaceBooster_Vegavero (Marketplace Seller)_VEGAVERO Vitamina C Naturale BIO;620566115;5.5.2026;cpc;1,51;;16;1;6,25;0;1,51;0;0;upmFY9KW9;4260557420331;1,51
com_CrossSellReRank_Vegavero (Marketplace Seller)_VEGAVERO Sugar Balance Complex;652861490;5.5.2026;cpc;0,31;;17;1;6,25;0;0,31;0;0;upmAD4HK4;4260557422403;0,31
com_CrossSellReRank_Vegavero (Marketplace Seller)_VEGAVERO Saccharomyces boulardii;643093285;5.5.2026;cpc;0,31;;20;1;6,25;0;0,31;0;0;upmWDER3T;4260557421949;0,31
it_CrossSellReRank_Vegavero (Marketplace Seller)_VEGAVERO Vitamina C Naturale BIO;649076562;5.5.2026;cpc;1,31;;21;0;0;0;0;0;0;upmFY9KW9;4260557420331;0
it_CrossSellReRank_Vegavero (Marketplace Seller)_VEGAVERO Vegan Essentials Complex;649088044;5.5.2026;cpc;0,31;;20;0;0;0;0;0;0;upmHHT433;4260557421390;0
at_MarketplaceBooster_Vegavero (Marketplace Seller)_VEGAVERO Rosskastanie Plus BIO;658295840;5.5.2026;cpc;1,21;1;15;1;6,666667;100;1,21;51,8;4280,991736;upmUR4ZK4;4260557421239;1,21
SOLD_OUT_it_CrossSellReRank_Vegavero (Marketplace Seller)_VEGAVERO Probiotici e Prebiotici Bambini;658445102;5.5.2026;cpc;0,31;;19;0;0;0;0;0;0;14250953;4260557420249;0
com_MarketplaceBooster_Vegavero (Marketplace Seller)_VEGAVERO Zimt Extrakt BIO;619661041;5.5.2026;cpc;0,51;;15;0;0;0;0;0;0;upmW9KKTG;4260557422618;0
it_MarketplaceBooster_Vegavero (Marketplace Seller)_VEGAVERO BCAA in Polvere;658381388;5.5.2026;cpc;1,01;;15;1;6,666667;0;1,01;0;0;upmWWWMYX;4260557423523;1,01
at_MarketplaceBooster_Vegavero (Marketplace Seller)_VEGAVERO K?rbiskern?l BIO;620605158;5.5.2026;cpc;0,51;1;15;2;13,333333;50;1,02;26,9;2637,254902;upmY7MX4C;4260557422014;0,51
at_MarketplaceBooster_Vegavero (Marketplace Seller)_VEGAVERO Chlorella BIO + Spirulina BIO;620611807;5.5.2026;cpc;0,51;;15;0;0;0;0;0;0;14250597;4260309484185;0
SOLD_OUT_at_MarketplaceBooster_Vegavero (Marketplace Seller)_VEGAVERO Vitamin B12 Tropfen;620608016;5.5.2026;cpc;0,51;;15;0;0;0;0;0;0;upmYRCT9P;4260557422908;0
com_CrossSellReRank_Vegavero (Marketplace Seller)_VEGAVERO Echinacea Plus;643137759;5.5.2026;cpc;0,31;;19;0;0;0;0;0;0;upmPHKX9F;4260557423141;0
at_MarketplaceBooster_Vegavero (Marketplace Seller)_VEGAVERO Elektrolyte Plus;620596596;5.5.2026;cpc;0,51;;15;2;13,333333;0;1,02;0;0;upmD23XCL;4260557422823;0,51
it_CrossSellReRank_Vegavero (Marketplace Seller)_VEGAVERO Echinacea Purpurea;649076430;5.5.2026;cpc;0,31;;17;0;0;0;0;0;0;upmPZPD44;4260557420133;0
com_CrossSellReRank_Vegavero (Marketplace Seller)_VEGAVERO Vitamin B12 Spray Cherry;643079936;5.5.2026;cpc;0,31;;18;0;0;0;0;0;0;14251102;4260557420027;0
at_CrossSellReRank_Vegavero (Marketplace Seller)_VEGAVERO Glycin Pulver;658280145;5.5.2026;cpc;0,31;;17;0;0;0;0;0;0;upmTGWG29;4260557423479;0
it_CrossSellReRank_Vegavero (Marketplace Seller)_VEGAVERO MSM;658352467;5.5.2026;cpc;0,61;;17;0;0;0;0;0;0;upmTLUPGT;4260309483881;0
it_MarketplaceBooster_Vegavero (Marketplace Seller)_VEGAVERO L-Triptofano;658352472;5.5.2026;cpc;0,51;;15;1;6,666667;0;0,51;0;0;14250841;4260309481108;0,51
com_CrossSellReRank_Vegavero (Marketplace Seller)_VEGAVERO Roter Reis Plus;643136807;5.5.2026;cpc;0,31;;20;0;0;0;0;0;0;upmDFWTTT;4260557423110;0
it_CrossSellReRank_Vegavero (Marketplace Seller)_VEGAVERO D Mannosio in Polvere;658352462;5.5.2026;cpc;0,31;;15;0;0;0;0;0;0;14250686;4260309481603;0
it_CrossSellReRank_Vegavero (Marketplace Seller)_VEGAVERO Ginkgo + Ginseng;649102509;5.5.2026;cpc;0,31;;17;0;0;0;0;0;0;upmF3XUHA;4260557422106;0
com_MarketplaceBooster_Vegavero (Marketplace Seller)_VEGAVERO Pro Bio Kulturenkomplex;618496725;5.5.2026;cpc;0,51;;14;0;0;0;0;0;0;14250976;4260557420034;0
com_MarketplaceBooster_Vegavero (Marketplace Seller)_VEGAVERO Taurin Pulver;658347271;5.5.2026;cpc;1,51;;14;1;7,142857;0;1,51;0;0;upmHULHZD;4260557423370;1,51
com_MarketplaceBooster_Vegavero (Marketplace Seller)_VEGAVERO Sun Care Complex;620501459;5.5.2026;cpc;0,51;;14;2;14,285714;0;1,02;0;0;upm7C9XR2;4260557420836;0,51
it_MarketplaceBooster_Vegavero (Marketplace Seller)_VEGAVERO Female Balance Complex;658381497;5.5.2026;cpc;0,51;;14;4;28,571429;0;2,04;0;0;upmUX2FW3;4260557420638;0,51
com_MarketplaceBooster_Vegavero (Marketplace Seller)_VEGAVERO L-Tryptophan;619660835;5.5.2026;cpc;2,02;;14;0;0;0;0;0;0;14250841;4260309481108;0
it_MarketplaceBooster_Vegavero (Marketplace Seller)_VEGAVERO MSM;620565773;5.5.2026;cpc;1,01;;14;0;0;0;0;0;0;upmWCKTTE;4260309481214;0
SOLD_OUT_com_MarketplaceBooster_Vegavero (Marketplace Seller)_VEGAVERO MSM 670mg;620565489;5.5.2026;cpc;1,01;;14;0;0;0;0;0;0;14250924;4260309484130;0
com_MarketplaceBooster_Vegavero (Marketplace Seller)_VEGAVERO Quercetin Komplex;658469903;5.5.2026;cpc;1,01;;13;0;0;0;0;0;0;upmF2AFXC;4260557423509;0
com_MarketplaceBooster_Vegavero (Marketplace Seller)_VEGAVERO Triphala BIO;619677150;5.5.2026;cpc;0,51;;13;0;0;0;0;0;0;upmGL239Y;4260557420812;0
it_MarketplaceBooster_Vegavero (Marketplace Seller)_VEGAVERO Curcuma BIO;641629765;5.5.2026;cpc;0,51;;13;0;0;0;0;0;0;upm27X4XW;4260557422878;0
com_MarketplaceBooster_Vegavero (Marketplace Seller)_VEGAVERO Nattokinase;620565077;5.5.2026;cpc;0,51;;13;0;0;0;0;0;0;upm2ZL4CL;4260557423264;0
it_MarketplaceBooster_Vegavero (Marketplace Seller)_VEGAVERO Aglio Plus;641627386;5.5.2026;cpc;0,51;;13;0;0;0;0;0;0;upm2WRLPU;4260557422632;0
at_MarketplaceBooster_Vegavero (Marketplace Seller)_VEGAVERO L-Tryptophan;625767437;5.5.2026;cpc;0,51;;13;2;15,384615;0;1,02;0;0;14250841;4260309481108;0,51
it_CrossSellReRank_Vegavero (Marketplace Seller)_VEGAVERO Creatina in Polvere;658331599;5.5.2026;cpc;0,31;;19;0;0;0;0;0;0;upmFRZEFX;4260557423226;0
it_CrossSellReRank_Vegavero (Marketplace Seller)_VEGAVERO BCAA in Polvere;658381389;5.5.2026;cpc;0,61;;14;0;0;0;0;0;0;upmWWWMYX;4260557423523;0
at_MarketplaceBooster_Vegavero (Marketplace Seller)_VEGAVERO Curcuma BIO;626440031;5.5.2026;cpc;0,51;;14;0;0;0;0;0;0;upm27X4XW;4260557422878;0
at_MarketplaceBooster_Vegavero (Marketplace Seller)_VEGAVERO Hagebutte BIO;658280037;5.5.2026;cpc;0,51;;13;0;0;0;0;0;0;upmWRWWCG;4260557421048;0
at_CrossSellReRank_Vegavero (Marketplace Seller)_VEGAVERO Vision Care Complex;658347600;5.5.2026;cpc;0,31;;13;0;0;0;0;0;0;upmWRPTR4;4260557420867;0
it_MarketplaceBooster_Vegavero (Marketplace Seller)_VEGAVERO Boswellia;649114805;5.5.2026;cpc;0,51;;13;2;15,384615;0;1,02;0;0;upmEH2K74;4260557422588;0,51
com_CrossSellReRank_Vegavero (Marketplace Seller)_VEGAVERO Vision Care Complex;658347575;5.5.2026;cpc;0,31;;14;0;0;0;0;0;0;upmWRPTR4;4260557420867;0
at_CrossSellReRank_Vegavero (Marketplace Seller)_VEGAVERO BIO Astaxanthin ?l;658282827;5.5.2026;cpc;0,91;;15;0;0;0;0;0;0;upm7GZX42;4260557423165;0
it_CrossSellReRank_Vegavero (Marketplace Seller)_VEGAVERO Olio di Semi di Chia;649117677;5.5.2026;cpc;0,31;;14;0;0;0;0;0;0;upmK7YWLD;4260557422649;0
at_CrossSellReRank_Vegavero (Marketplace Seller)_VEGAVERO D-Mannose Complex;643049572;5.5.2026;cpc;0,31;;13;0;0;0;0;0;0;14250640;4260309482747;0
com_CrossSellReRank_Vegavero (Marketplace Seller)_VEGAVERO MSM Pulver;643233362;5.5.2026;cpc;0,61;;12;0;0;0;0;0;0;upmWCKTTE;4260309481214;0
com_CrossSellReRank_Vegavero (Marketplace Seller)_VEGAVERO Cholin Bitartrat;658347159;5.5.2026;cpc;0,31;;12;0;0;0;0;0;0;upmU9FP9M;4260557423325;0
SOLD_OUT_at_CrossSellReRank_Vegavero (Marketplace Seller)_VEGAVERO Taurin Plus;658282814;5.5.2026;cpc;0,31;;14;0;0;0;0;0;0;upmXXW9XA;4260557423059;0
SOLD_OUT_at_CrossSellReRank_Vegavero (Marketplace Seller)_VEGAVERO Vegan Collagen+Hyaluronic Acid;658347624;5.5.2026;cpc;1,21;;13;0;0;0;0;0;0;upmK3CG99;4260557422656;0
it_MarketplaceBooster_Vegavero (Marketplace Seller)_VEGAVERO EAA - Aminoacidi Essenziali;620567252;5.5.2026;cpc;1,11;;12;0;0;0;0;0;0;upmGMXXY9;4260557420744;0
com_CrossSellReRank_Vegavero (Marketplace Seller)_VEGAVERO Sun Care Complex;643089603;5.5.2026;cpc;0,31;;16;0;0;0;0;0;0;upm7C9XR2;4260557420836;0
at_MarketplaceBooster_Vegavero (Marketplace Seller)_VEGAVERO Boswellia Extrakt;626438065;5.5.2026;cpc;0,51;;12;0;0;0;0;0;0;upmEH2K74;4260557422588;0
it_MarketplaceBooster_Vegavero (Marketplace Seller)_VEGAVERO Artemisia Vulgaris;649102355;5.5.2026;cpc;0,51;;12;0;0;0;0;0;0;upmWMGCRY;4260557422090;0
com_MarketplaceBooster_Vegavero (Marketplace Seller)_VEGAVERO Resveratrol + Nicotinamid;619676602;5.5.2026;cpc;0,51;;12;0;0;0;0;0;0;upmGDDD7G;4260557420805;0
it_MarketplaceBooster_Vegavero (Marketplace Seller)_VEGAVERO Shilajit Mumijo;626452031;5.5.2026;cpc;0,51;;12;0;0;0;0;0;0;upmR33A3P;4260557421406;0
at_MarketplaceBooster_Vegavero (Marketplace Seller)_VEGAVERO Echinacea Plus;658282823;5.5.2026;cpc;0,31;;12;1;8,333333;0;0,31;0;0;upmPHKX9F;4260557423141;0,31
SOLD_OUT_it_MarketplaceBooster_Vegavero (Marketplace Seller)_VEGAVERO Vitamina B12 gocce;641629767;5.5.2026;cpc;0,51;;12;2;16,666667;0;1,02;0;0;upmYRCT9P;4260557422908;0,51
it_CrossSellReRank_Vegavero (Marketplace Seller)_VEGAVERO Aglio Plus;649116897;5.5.2026;cpc;0,31;;14;0;0;0;0;0;0;upm2WRLPU;4260557422632;0
at_CrossSellReRank_Vegavero (Marketplace Seller)_VEGAVERO OPC Trio;658282816;5.5.2026;cpc;0,31;;14;0;0;0;0;0;0;upmWFGGMG;4260557423097;0
it_MarketplaceBooster_Vegavero (Marketplace Seller)_VEGAVERO Vegan Essentials Complex;641622696;5.5.2026;cpc;0,51;;12;1;8,333333;0;0,51;0;0;upmHHT433;4260557421390;0,51
com_MarketplaceBooster_Vegavero (Marketplace Seller)_VEGAVERO Psyllium BIO;658295766;5.5.2026;cpc;0,51;;12;0;0;0;0;0;0;upmERYMM3;4260557423295;0
at_CrossSellReRank_Vegavero (Marketplace Seller)_VEGAVERO Chlorella BIO + Spirulina BIO;643057141;5.5.2026;cpc;0,31;;12;0;0;0;0;0;0;14250597;4260309484185;0
com_CrossSellReRank_Vegavero (Marketplace Seller)_VEGAVERO Schwarzk?mmel?l BIO;658295948;5.5.2026;cpc;0,71;;13;0;0;0;0;0;0;upmEUZ9F7;4260557421376;0
SOLD_OUT_it_CrossSellReRank_Vegavero (Marketplace Seller)_VEGAVERO Guggul;649077297;5.5.2026;cpc;0,31;;11;1;9,090909;0;0,31;0;0;upmT99EZK;4260557421123;0,31
it_CrossSellReRank_Vegavero (Marketplace Seller)_VEGAVERO Artiglio del Diavolo Plus;649082840;5.5.2026;cpc;0,31;;12;0;0;0;0;0;0;upmD3U322;4260557421192;0
com_CrossSellReRank_Vegavero (Marketplace Seller)_VEGAVERO Zimt Extrakt BIO;643084936;5.5.2026;cpc;0,31;;12;1;9,090909;0;0,31;0;0;upmW9KKTG;4260557422618;0,31
at_MarketplaceBooster_Vegavero (Marketplace Seller)_VEGAVERO BIO Mushroom Mix;625774145;5.5.2026;cpc;0,51;;11;1;9,090909;0;0,51;0;0;upmALDCEH;4260557423028;0,51
at_MarketplaceBooster_Vegavero (Marketplace Seller)_VEGAVERO Bockshornklee BIO;626442445;5.5.2026;cpc;0,51;;11;0;0;0;0;0;0;upm7AL3PG;4260557422977;0
at_MarketplaceBooster_Vegavero (Marketplace Seller)_VEGAVERO Sugar Balance Complex;658280124;5.5.2026;cpc;0,51;;12;1;9,090909;0;0,51;0;0;upmAD4HK4;4260557422403;0,51
at_CrossSellReRank_Vegavero (Marketplace Seller)_VEGAVERO Boswellia Extrakt;658280140;5.5.2026;cpc;0,31;;12;2;18,181818;0;0,62;0;0;upmEH2K74;4260557422588;0,31
at_MarketplaceBooster_Vegavero (Marketplace Seller)_VEGAVERO Ashwagandha BIO;625771655;5.5.2026;cpc;0,51;;11;0;0;0;0;0;0;upmUPLLZH;4260557420676;0
at_MarketplaceBooster_Vegavero (Marketplace Seller)_VEGAVERO MSM Pulver DOSE;658279977;5.5.2026;cpc;1,01;;11;0;0;0;0;0;0;upmTLUPGT;4260309483881;0
it_MarketplaceBooster_Vegavero (Marketplace Seller)_VEGAVERO Fieno Greco BIO;641649770;5.5.2026;cpc;0,51;;11;1;9,090909;0;0,51;0;0;upm7AL3PG;4260557422977;0,51
com_MarketplaceBooster_Vegavero (Marketplace Seller)_VEGAVERO Moringa BIO;628844146;5.5.2026;cpc;1,31;;11;3;27,272727;0;3,93;0;0;14250893;4260309481115;1,31
it_MarketplaceBooster_Vegavero (Marketplace Seller)_VEGAVERO Ginkgo + Ginseng;620565878;5.5.2026;cpc;0,51;;11;0;0;0;0;0;0;upmF3XUHA;4260557422106;0
at_CrossSellReRank_Vegavero (Marketplace Seller)_VEGAVERO Prostaid Complex;658727263;5.5.2026;cpc;1,31;;11;0;0;0;0;0;0;upmCEE43U;4260557420515;0
it_MarketplaceBooster_Vegavero (Marketplace Seller)_VEGAVERO Salvia BIO;641651421;5.5.2026;cpc;0,51;;11;0;0;0;0;0;0;upmMMLDZE;4260557420966;0
com_MarketplaceBooster_Vegavero (Marketplace Seller)_VEGAVERO Glucomannan BIO;658283040;5.5.2026;cpc;0,51;;10;0;0;0;0;0;0;upmLXEUT7;4260557423240;0
it_MarketplaceBooster_Vegavero (Marketplace Seller)_VEGAVERO Biancospino BIO;620566747;5.5.2026;cpc;0,51;;10;0;0;0;0;0;0;upmXW7KXD;4260557420720;0
com_MarketplaceBooster_Vegavero (Marketplace Seller)_VEGAVERO Vision Care Complex;619678178;5.5.2026;cpc;0,51;;10;0;0;0;0;0;0;upmWRPTR4;4260557420867;0
at_MarketplaceBooster_Vegavero (Marketplace Seller)_VEGAVERO Youth Biotics;658445045;5.5.2026;cpc;1,01;;10;0;0;0;0;0;0;upmW7Y7DL;4260557423462;0
at_CrossSellReRank_Vegavero (Marketplace Seller)_VEGAVERO Roter Reis Plus;658282817;5.5.2026;cpc;0,31;;12;0;0;0;0;0;0;upmDFWTTT;4260557423110;0
at_CrossSellReRank_Vegavero (Marketplace Seller)_VEGAVERO Leinsamen?l BIO;658280093;5.5.2026;cpc;0,31;;10;0;0;0;0;0;0;upmKU4FAU;4260557422038;0
com_CrossSellReRank_Vegavero (Marketplace Seller)_VEGAVERO L-Tryptophan;643237471;5.5.2026;cpc;0,31;;11;0;0;0;0;0;0;14250841;4260309481108;0
at_MarketplaceBooster_Vegavero (Marketplace Seller)_VEGAVERO Lecithin BIO;620605162;5.5.2026;cpc;0,81;;10;0;0;0;0;0;0;upm2HFKPC;4260557422021;0
at_MarketplaceBooster_Vegavero (Marketplace Seller)_VEGAVERO Nattokinase;626443809;5.5.2026;cpc;0,51;;10;0;0;0;0;0;0;upm2ZL4CL;4260557423264;0
it_CrossSellReRank_Vegavero (Marketplace Seller)_VEGAVERO L-Glutammina in Polvere;649158096;5.5.2026;cpc;0,31;;11;1;10;0;0,31;0;0;upmUPTFMH;4260557423233;0,31
SOLD_OUT_at_CrossSellReRank_Vegavero (Marketplace Seller)_VEGAVERO Pro Bio Kids BIO;658279986;5.5.2026;cpc;0,31;;11;0;0;0;0;0;0;14250953;4260557420249;0
com_MarketplaceBooster_Vegavero (Marketplace Seller)_VEGAVERO Glycin Pulver;620530024;5.5.2026;cpc;1,01;;10;0;0;0;0;0;0;upmR9H4DE;4260557422595;0
at_MarketplaceBooster_Vegavero (Marketplace Seller)_VEGAVERO MSM Pulver;620609038;5.5.2026;cpc;1,31;;10;0;0;0;0;0;0;upmWCKTTE;4260309481214;0
at_MarketplaceBooster_Vegavero (Marketplace Seller)_VEGAVERO Serenity;658280178;5.5.2026;cpc;0,51;;10;0;0;0;0;0;0;upmZFGPHR;4260557422830;0
it_MarketplaceBooster_Vegavero (Marketplace Seller)_VEGAVERO Zenzero BIO;658353196;5.5.2026;cpc;0,51;;10;0;0;0;0;0;0;upmPX4TPU;4260557420386;0
at_MarketplaceBooster_Vegavero (Marketplace Seller)_VEGAVERO Apple Cider Vinegar;626443800;5.5.2026;cpc;0,51;;10;0;0;0;0;0;0;upmUTDZP9;4260557423158;0
it_CrossSellReRank_Vegavero (Marketplace Seller)_VEGAVERO Cordyceps Sinensis BIO;649146937;5.5.2026;cpc;0,31;;11;1;10;0;0,31;0;0;upmTG77MW;4260557422991;0,31
com_MarketplaceBooster_Vegavero (Marketplace Seller)_VEGAVERO L-Glutamin Pulver;620565039;5.5.2026;cpc;0,51;;10;0;0;0;0;0;0;upmUPTFMH;4260557423233;0
it_CrossSellReRank_Vegavero (Marketplace Seller)_VEGAVERO Caffeina;649151028;5.5.2026;cpc;0,31;;12;0;0;0;0;0;0;upm4XZRWY;4260557423127;0
com_CrossSellReRank_Vegavero (Marketplace Seller)_VEGAVERO Rapunzel;658295814;5.5.2026;cpc;0,31;;11;0;0;0;0;0;0;upmDUFHFK;4260557423134;0
it_MarketplaceBooster_Vegavero (Marketplace Seller)_VEGAVERO EAA in Polvere;658381330;5.5.2026;cpc;1,01;;9;0;0;0;0;0;0;upmP94YR7;4260557423530;0
at_MarketplaceBooster_Vegavero (Marketplace Seller)_VEGAVERO Shiitake Extrakt;658280086;5.5.2026;cpc;0,51;;9;0;0;0;0;0;0;upmZ7P4AX;4260557421970;0
at_MarketplaceBooster_Vegavero (Marketplace Seller)_VEGAVERO Mariendistel Plus;658280173;5.5.2026;cpc;0,51;;9;1;11,111111;0;0,51;0;0;upmR9H2HU;4260557422892;0,51
at_MarketplaceBooster_Vegavero (Marketplace Seller)_VEGAVERO BIO Astaxanthin ?l;620605149;5.5.2026;cpc;1,01;;9;0;0;0;0;0;0;upm7GZX42;4260557423165;0
com_MarketplaceBooster_Vegavero (Marketplace Seller)_VEGAVERO Papaya Enzym;620527421;5.5.2026;cpc;0,51;;9;0;0;0;0;0;0;14250930;4260309482648;0
it_MarketplaceBooster_Vegavero (Marketplace Seller)_VEGAVERO Astaxantina;620574476;5.5.2026;cpc;1,11;1;9;1;11,111111;100;1,11;22,99;2071,171171;upmYPTY2W;4260557421925;1,11
com_CrossSellReRank_Vegavero (Marketplace Seller)_VEGAVERO Moringa BIO;642560128;5.5.2026;cpc;1,41;;12;0;0;0;0;0;0;14250893;4260309481115;0
at_CrossSellReRank_Vegavero (Marketplace Seller)_VEGAVERO K?rbiskern?l BIO;658280089;5.5.2026;cpc;0,31;1;9;0;0;0;0;26,9;0;upmY7MX4C;4260557422014;0
com_MarketplaceBooster_Vegavero (Marketplace Seller)_VEGAVERO Sugar Balance Complex;652859174;5.5.2026;cpc;0,51;;9;0;0;0;0;0;0;upmAD4HK4;4260557422403;0
at_MarketplaceBooster_Vegavero (Marketplace Seller)_VEGAVERO Triphala BIO;625772285;5.5.2026;cpc;0,51;;9;0;0;0;0;0;0;upmGL239Y;4260557420812;0
SOLD_OUT_at_MarketplaceBooster_Vegavero (Marketplace Seller)_VEGAVERO MSM 670mg;620609039;5.5.2026;cpc;0,51;;9;1;11,111111;0;0,51;0;0;14250924;4260309484130;0,51
com_MarketplaceBooster_Vegavero (Marketplace Seller)_VEGAVERO Boswellia Extrakt;620528799;5.5.2026;cpc;0,51;;9;1;11,111111;0;0,51;0;0;upmEH2K74;4260557422588;0,51
at_MarketplaceBooster_Vegavero (Marketplace Seller)_VEGAVERO Vitamin C liposomal;626439698;5.5.2026;cpc;0,51;;9;0;0;0;0;0;0;upm77WEEP;4260557422786;0
SOLD_OUT_at_MarketplaceBooster_Vegavero (Marketplace Seller)_VEGAVERO Guggul;658280040;5.5.2026;cpc;0,51;;9;1;11,111111;0;0,51;0;0;upmT99EZK;4260557421123;0,51
com_MarketplaceBooster_Vegavero (Marketplace Seller)_VEGAVERO Chrom Plus;627595667;5.5.2026;cpc;0,51;;9;0;0;0;0;0;0;upmL7ZDD2;4260557422946;0
com_CrossSellReRank_Vegavero (Marketplace Seller)_VEGAVERO Beta-Alanin Pulver;658295770;5.5.2026;cpc;0,31;;11;0;0;0;0;0;0;upmFKHFRA;4260557423431;0
it_MarketplaceBooster_Vegavero (Marketplace Seller)_VEGAVERO Caffeina;641650370;5.5.2026;cpc;0,51;;9;0;0;0;0;0;0;upm4XZRWY;4260557423127;0
at_MarketplaceBooster_Vegavero (Marketplace Seller)_VEGAVERO Knoblauch Plus;626438714;5.5.2026;cpc;0,51;;9;0;0;0;0;0;0;upm2WRLPU;4260557422632;0
com_MarketplaceBooster_Vegavero (Marketplace Seller)_VEGAVERO Glycin Pulver;658347478;5.5.2026;cpc;1,51;;9;0;0;0;0;0;0;upmTGWG29;4260557423479;0
SOLD_OUT_com_CrossSellReRank_Vegavero (Marketplace Seller)_VEGAVERO Taurin Plus;643136001;5.5.2026;cpc;0,31;;12;0;0;0;0;0;0;upmXXW9XA;4260557423059;0
at_CrossSellReRank_Vegavero (Marketplace Seller)_VEGAVERO Koffein;658282821;5.5.2026;cpc;0,31;;10;0;0;0;0;0;0;upm4XZRWY;4260557423127;0
com_MarketplaceBooster_Vegavero (Marketplace Seller)_VEGAVERO Apple Cider Vinegar;620564988;5.5.2026;cpc;0,51;;9;1;11,111111;0;0,51;0;0;upmUTDZP9;4260557423158;0,51
com_MarketplaceBooster_Vegavero (Marketplace Seller)_VEGAVERO MSM Pulver DOSE;619660893;5.5.2026;cpc;1,01;;8;1;12,5;0;1,01;0;0;upmTLUPGT;4260309483881;1,01
com_MarketplaceBooster_Vegavero (Marketplace Seller)_VEGAVERO Salbei BIO;619682278;5.5.2026;cpc;0,51;;8;0;0;0;0;0;0;upmMMLDZE;4260557420966;0
it_MarketplaceBooster_Vegavero (Marketplace Seller)_VEGAVERO Bromelina;620571075;5.5.2026;cpc;0,51;;8;2;25;0;1,02;0;0;upm43HM34;4260557421130;0,51
it_MarketplaceBooster_Vegavero (Marketplace Seller)_VEGAVERO Ippocastano BIO Plus;620572890;5.5.2026;cpc;0,51;;8;0;0;0;0;0;0;upmUR4ZK4;4260557421239;0
com_MarketplaceBooster_Vegavero (Marketplace Seller)_VEGAVERO Serenity;620539276;5.5.2026;cpc;0,51;;9;0;0;0;0;0;0;upmZFGPHR;4260557422830;0
com_CrossSellReRank_Vegavero (Marketplace Seller)_VEGAVERO Natural Jod BIO;643084951;5.5.2026;cpc;0,31;;14;0;0;0;0;0;0;14250769;4260557420256;0
it_MarketplaceBooster_Vegavero (Marketplace Seller)_VEGAVERO Cordyceps Sinensis BIO;626451122;5.5.2026;cpc;0,51;;8;0;0;0;0;0;0;upmTG77MW;4260557422991;0
at_MarketplaceBooster_Vegavero (Marketplace Seller)_VEGAVERO Vitamin B12 Spray Junior;625789014;5.5.2026;cpc;0,51;;8;0;0;0;0;0;0;upm3RXHUC;4260557422229;0
it_MarketplaceBooster_Vegavero (Marketplace Seller)_VEGAVERO Rhodiola Rosea;658445090;5.5.2026;cpc;1,01;;8;0;0;0;0;0;0;14251036;4260557420102;0
com_MarketplaceBooster_Vegavero (Marketplace Seller)_VEGAVERO Griffonia;658283046;5.5.2026;cpc;1,51;;8;0;0;0;0;0;0;upmG7RZLC;4260557423318;0
at_CrossSellReRank_Vegavero (Marketplace Seller)_VEGAVERO Natural Jod BIO;658279988;5.5.2026;cpc;0,31;;8;1;12,5;0;0,31;0;0;14250769;4260557420256;0,31
it_MarketplaceBooster_Vegavero (Marketplace Seller)_VEGAVERO Enzima della Papaya;658445110;5.5.2026;cpc;1,01;;8;1;12,5;0;1,01;0;0;14250930;4260309482648;1,01
com_MarketplaceBooster_Vegavero (Marketplace Seller)_VEGAVERO Cholin Bitartrat;658347145;5.5.2026;cpc;1,01;;8;0;0;0;0;0;0;upmU9FP9M;4260557423325;0
com_CrossSellReRank_Vegavero (Marketplace Seller)_VEGAVERO Magnesium Bisglycinat;643231145;5.5.2026;cpc;1,41;;11;0;0;0;0;0;0;upmX4LT4H;4260557423257;0
at_MarketplaceBooster_Vegavero (Marketplace Seller)_VEGAVERO Ingwer BIO;625770334;5.5.2026;cpc;0,51;;8;0;0;0;0;0;0;upmPX4TPU;4260557420386;0
at_MarketplaceBooster_Vegavero (Marketplace Seller)_VEGAVERO BCAA Pulver Mango;658445037;5.5.2026;cpc;1,01;;8;1;12,5;0;1,01;0;0;upmWWWMYX;4260557423523;1,01
it_CrossSellReRank_Vegavero (Marketplace Seller)_VEGAVERO Colon Care Complex;658353192;5.5.2026;cpc;0,31;;8;0;0;0;0;0;0;14250605;4260557420201;0
com_CrossSellReRank_Vegavero (Marketplace Seller)_VEGAVERO Myo-Inositol Complex;658295458;5.5.2026;cpc;1,11;;9;0;0;0;0;0;0;upm7PGM77;4260557421765;0
com_MarketplaceBooster_Vegavero (Marketplace Seller)_VEGAVERO Party Hero;653854277;5.5.2026;cpc;0,51;;8;1;12,5;0;0,51;0;0;upmFACEA7;4260557423356;0,51
com_CrossSellReRank_Vegavero (Marketplace Seller)_VEGAVERO Reishi Extrakt;643082721;5.5.2026;cpc;0,31;;8;0;0;0;0;0;0;14251013;4260309481665;0
com_MarketplaceBooster_Vegavero (Marketplace Seller)_VEGAVERO Psyllium BIO;658295759;5.5.2026;cpc;0,51;1;8;1;12,5;100;0,51;21,9;4294,117647;upmERYMM3;4260557423295;0,51
com_MarketplaceBooster_Vegavero (Marketplace Seller)_VEGAVERO Saccharomyces boulardii;619717397;5.5.2026;cpc;0,61;;8;0;0;0;0;0;0;upmWDER3T;4260557421949;0
it_CrossSellReRank_Vegavero (Marketplace Seller)_VEGAVERO Multivitamino Spray per Bambini;649081621;5.5.2026;cpc;0,31;;10;0;0;0;0;0;0;upm9ZTF3H;4260557421178;0
com_CrossSellReRank_Vegavero (Marketplace Seller)_VEGAVERO Glucosamin Complex;643088059;5.5.2026;cpc;0,31;;12;0;0;0;0;0;0;upmTYL3Y7;4260557420737;0
at_CrossSellReRank_Vegavero (Marketplace Seller)_VEGAVERO Party Hero;658283021;5.5.2026;cpc;0,31;;8;0;0;0;0;0;0;upmFACEA7;4260557423356;0
at_MarketplaceBooster_Vegavero (Marketplace Seller)_VEGAVERO L-Glutamin Pulver;626443805;5.5.2026;cpc;0,51;;8;0;0;0;0;0;0;upmUPTFMH;4260557423233;0
at_CrossSellReRank_Vegavero (Marketplace Seller)_VEGAVERO Magnesium + Kalium;658279990;5.5.2026;cpc;0,31;;10;1;12,5;0;0,31;0;0;upm32MART;4260557420287;0,31
at_MarketplaceBooster_Vegavero (Marketplace Seller)_VEGAVERO Zimt Extrakt BIO;625767692;5.5.2026;cpc;0,51;;7;0;0;0;0;0;0;upmW9KKTG;4260557422618;0
it_MarketplaceBooster_Vegavero (Marketplace Seller)_VEGAVERO OPC Trio;641650064;5.5.2026;cpc;0,51;;7;0;0;0;0;0;0;upmWFGGMG;4260557423097;0
com_CrossSellReRank_Vegavero (Marketplace Seller)_VEGAVERO Hagebutte BIO;643089764;5.5.2026;cpc;0,31;;9;0;0;0;0;0;0;upmWRWWCG;4260557421048;0
it_CrossSellReRank_Vegavero (Marketplace Seller)_VEGAVERO Curcuma BIO;649142586;5.5.2026;cpc;0,31;;8;0;0;0;0;0;0;upm27X4XW;4260557422878;0
it_MarketplaceBooster_Vegavero (Marketplace Seller)_VEGAVERO Origano BIO;641622706;5.5.2026;cpc;0,51;;7;1;14,285714;0;0,51;0;0;upmYCXAL7;4260557421932;0,51
at_MarketplaceBooster_Vegavero (Marketplace Seller)_VEGAVERO Hyaluronsaeure;620609033;5.5.2026;cpc;0,51;;7;0;0;0;0;0;0;upmKMAH3F;4260557420539;0
at_MarketplaceBooster_Vegavero (Marketplace Seller)_VEGAVERO Vitamin B3 (Nicotinamid);625772385;5.5.2026;cpc;0,81;;7;0;0;0;0;0;0;upmUEXHE2;4260557420850;0
at_CrossSellReRank_Vegavero (Marketplace Seller)_VEGAVERO Glucosamin Complex;658280006;5.5.2026;cpc;0,31;;9;0;0;0;0;0;0;upmTYL3Y7;4260557420737;0
com_MarketplaceBooster_Vegavero (Marketplace Seller)_VEGAVERO Koffein;620560659;5.5.2026;cpc;0,51;;7;0;0;0;0;0;0;upm4XZRWY;4260557423127;0
at_MarketplaceBooster_Vegavero (Marketplace Seller)_VEGAVERO Maitake BIO;658295833;5.5.2026;cpc;0,51;;7;0;0;0;0;0;0;upmW4TZYD;4260557420874;0
it_MarketplaceBooster_Vegavero (Marketplace Seller)_VEGAVERO Reishi;658296411;5.5.2026;cpc;0,51;;7;0;0;0;0;0;0;14251013;4260309481665;0
it_CrossSellReRank_Vegavero (Marketplace Seller)_VEGAVERO Boswellia;649114866;5.5.2026;cpc;0,31;;8;0;0;0;0;0;0;upmEH2K74;4260557422588;0
at_CrossSellReRank_Vegavero (Marketplace Seller)_VEGAVERO Strong Bones;658283006;5.5.2026;cpc;0,31;;9;0;0;0;0;0;0;upmAP9MLM;4260557423301;0
com_CrossSellReRank_Vegavero (Marketplace Seller)_VEGAVERO Vitamin K2;658347334;5.5.2026;cpc;0,31;;10;0;0;0;0;0;0;upmFYFHAU;4260557423424;0
at_MarketplaceBooster_Vegavero (Marketplace Seller)_VEGAVERO Zimt-Ceylon Extrakt;625767691;5.5.2026;cpc;0,51;;7;0;0;0;0;0;0;14251208;4260557420164;0
it_CrossSellReRank_Vegavero (Marketplace Seller)_VEGAVERO Enotera e Borragine  BIO;649091296;5.5.2026;cpc;0,31;;10;0;0;0;0;0;0;upm7KTFPH;4260557421420;0
at_CrossSellReRank_Vegavero (Marketplace Seller)_VEGAVERO Liver Active Complex;658279984;5.5.2026;cpc;0,31;;8;0;0;0;0;0;0;14250812;4260557420188;0
com_CrossSellReRank_Vegavero (Marketplace Seller)_VEGAVERO Papaya Enzym;643094177;5.5.2026;cpc;0,31;;11;1;14,285714;0;0,31;0;0;14250930;4260309482648;0,31
com_MarketplaceBooster_Vegavero (Marketplace Seller)_VEGAVERO Vitamin B3 (Nicotinamid);619677908;5.5.2026;cpc;1,51;;7;0;0;0;0;0;0;upmUEXHE2;4260557420850;0
com_CrossSellReRank_Vegavero (Marketplace Seller)_VEGAVERO Vitamin C liposomal;643129759;5.5.2026;cpc;0,31;;8;0;0;0;0;0;0;upm77WEEP;4260557422786;0
com_MarketplaceBooster_Vegavero (Marketplace Seller)_VEGAVERO Beta-Alanin Pulver;658295769;5.5.2026;cpc;0,51;;7;0;0;0;0;0;0;upmFKHFRA;4260557423431;0
at_MarketplaceBooster_Vegavero (Marketplace Seller)_VEGAVERO Beifu? Extrakt;658280100;5.5.2026;cpc;0,61;;7;0;0;0;0;0;0;upmWMGCRY;4260557422090;0
it_CrossSellReRank_Vegavero (Marketplace Seller)_VEGAVERO Sugar Balance Complex;649105321;5.5.2026;cpc;0,31;;7;0;0;0;0;0;0;upmAD4HK4;4260557422403;0
at_MarketplaceBooster_Vegavero (Marketplace Seller)_VEGAVERO Mushroom Mix Complex;625773721;5.5.2026;cpc;0,51;;7;1;14,285714;0;0,51;0;0;upm4XDXPR;4260557422045;0,51
com_MarketplaceBooster_Vegavero (Marketplace Seller)_VEGAVERO Ingwer BIO;619663942;5.5.2026;cpc;0,51;;7;0;0;0;0;0;0;upmPX4TPU;4260557420386;0
it_MarketplaceBooster_Vegavero (Marketplace Seller)_VEGAVERO Cannella Ceylon BIO;641627330;5.5.2026;cpc;0,51;;7;0;0;0;0;0;0;upmW9KKTG;4260557422618;0
com_CrossSellReRank_Vegavero (Marketplace Seller)_VEGAVERO Cordyceps sinensis BIO;658295815;5.5.2026;cpc;0,31;;8;0;0;0;0;0;0;upmTG77MW;4260557422991;0
at_CrossSellReRank_Vegavero (Marketplace Seller)_VEGAVERO Myo-Inositol Complex;658280066;5.5.2026;cpc;1,21;;7;1;14,285714;0;1,21;0;0;upm7PGM77;4260557421765;1,21
at_CrossSellReRank_Vegavero (Marketplace Seller)_VEGAVERO Brewers Yeast;658347644;5.5.2026;cpc;0,31;;8;0;0;0;0;0;0;upmKUKGHH;4260557423332;0
at_MarketplaceBooster_Vegavero (Marketplace Seller)_VEGAVERO Echinacea Plus;626443785;5.5.2026;cpc;0,51;;7;0;0;0;0;0;0;upmPHKX9F;4260557423141;0
com_MarketplaceBooster_Vegavero (Marketplace Seller)_VEGAVERO Shilajit Mumijo;619715133;5.5.2026;cpc;0,51;;7;0;0;0;0;0;0;upmR33A3P;4260557421406;0
com_MarketplaceBooster_Vegavero (Marketplace Seller)_VEGAVERO Ackerschachtelhalm BIO;653634560;5.5.2026;cpc;0,51;;7;0;0;0;0;0;0;upmDKAWH3;4260557421307;0
it_CrossSellReRank_Vegavero (Marketplace Seller)_VEGAVERO Strong Bones;658296089;5.5.2026;cpc;0,31;;12;0;0;0;0;0;0;upmAP9MLM;4260557423301;0
at_CrossSellReRank_Vegavero (Marketplace Seller)_VEGAVERO Cordyceps sinensis BIO;658282808;5.5.2026;cpc;0,31;;8;0;0;0;0;0;0;upmTG77MW;4260557422991;0
at_MarketplaceBooster_Vegavero (Marketplace Seller)_VEGAVERO Moringa BIO;620604770;5.5.2026;cpc;1,41;;6;0;0;0;0;0;0;14250893;4260309481115;0
com_CrossSellReRank_Vegavero (Marketplace Seller)_VEGAVERO Nachtkerzen und Borretsch?l BIO;643092372;5.5.2026;cpc;0,31;;9;0;0;0;0;0;0;upm7KTFPH;4260557421420;0
com_CrossSellReRank_Vegavero (Marketplace Seller)_VEGAVERO Female Harmony Complex;643239568;5.5.2026;cpc;0,31;;9;0;0;0;0;0;0;upmUFEEWW;4260557420300;0
com_MarketplaceBooster_Vegavero (Marketplace Seller)_VEGAVERO Wild Yams + Zink;619660532;5.5.2026;cpc;0,51;;6;0;0;0;0;0;0;14251183;4260309481672;0
it_MarketplaceBooster_Vegavero (Marketplace Seller)_VEGAVERO Liver Active Complex;658445099;5.5.2026;cpc;1,01;;6;1;16,666667;0;1,01;0;0;14250812;4260557420188;1,01
com_MarketplaceBooster_Vegavero (Marketplace Seller)_VEGAVERO Mushroom Mix Complex;620546918;5.5.2026;cpc;0,51;;6;0;0;0;0;0;0;upm4XDXPR;4260557422045;0
at_MarketplaceBooster_Vegavero (Marketplace Seller)_VEGAVERO Bromelain 2400 GDU/g;625775688;5.5.2026;cpc;0,51;;6;0;0;0;0;0;0;upm43HM34;4260557421130;0
it_CrossSellReRank_Vegavero (Marketplace Seller)_VEGAVERO Cumino Nero BIO;658352478;5.5.2026;cpc;0,31;;8;0;0;0;0;0;0;upmEUZ9F7;4260557421376;0
at_MarketplaceBooster_Vegavero (Marketplace Seller)_VEGAVERO Ackerschachtelhalm BIO;658347603;5.5.2026;cpc;0,51;;6;0;0;0;0;0;0;upmDKAWH3;4260557421307;0
com_CrossSellReRank_Vegavero (Marketplace Seller)_VEGAVERO Keto Power;658283043;5.5.2026;cpc;0,31;;12;0;0;0;0;0;0;upmP77L3M;4260557423288;0
it_CrossSellReRank_Vegavero (Marketplace Seller)_VEGAVERO Lievito di Birra;658296221;5.5.2026;cpc;0,31;;7;0;0;0;0;0;0;upmKUKGHH;4260557423332;0
SOLD_OUT_it_MarketplaceBooster_Vegavero (Marketplace Seller)_VEGAVERO MSM;653861307;5.5.2026;cpc;1,01;;6;1;16,666667;0;1,01;0;0;14250924;4260309484130;1,01
at_MarketplaceBooster_Vegavero (Marketplace Seller)_VEGAVERO Astaxanthin ?l;620605150;5.5.2026;cpc;0,51;;6;0;0;0;0;0;0;upmYPTY2W;4260557421925;0
com_MarketplaceBooster_Vegavero (Marketplace Seller)_VEGAVERO Ashwagandha BIO;619667906;5.5.2026;cpc;0,51;;6;1;16,666667;0;0,51;0;0;upmUPLLZH;4260557420676;0,51
at_MarketplaceBooster_Vegavero (Marketplace Seller)_VEGAVERO Tribulus terrestris Extrakt;658279972;5.5.2026;cpc;0,51;;6;0;0;0;0;0;0;14251088;4260309481313;0
at_CrossSellReRank_Vegavero (Marketplace Seller)_VEGAVERO Bockshornklee BIO;658280184;5.5.2026;cpc;0,31;;6;0;0;0;0;0;0;upm7AL3PG;4260557422977;0
com_CrossSellReRank_Vegavero (Marketplace Seller)_VEGAVERO Vitamin D3+K2 Tropfen;643133550;5.5.2026;cpc;1,21;;9;0;0;0;0;0;0;upmKAXT9Y;4260557422915;0
com_CrossSellReRank_Vegavero (Marketplace Seller)_VEGAVERO Ackerschachtelhalm BIO;643090788;5.5.2026;cpc;0,31;;8;0;0;0;0;0;0;upmDKAWH3;4260557421307;0
it_CrossSellReRank_Vegavero (Marketplace Seller)_VEGAVERO Glucomammano BIO;649158747;5.5.2026;cpc;0,31;;9;0;0;0;0;0;0;upmLXEUT7;4260557423240;0
it_CrossSellReRank_Vegavero (Marketplace Seller)_VEGAVERO Resveratrolo Plus;649077189;5.5.2026;cpc;0,31;;9;0;0;0;0;0;0;upmGDDD7G;4260557420805;0
com_CrossSellReRank_Vegavero (Marketplace Seller)_VEGAVERO Hyaluronsaeure;643078405;5.5.2026;cpc;0,31;;7;0;0;0;0;0;0;upmPMLEP9;4260557423103;0
at_MarketplaceBooster_Vegavero (Marketplace Seller)_VEGAVERO Salbei BIO;658280029;5.5.2026;cpc;0,51;;6;0;0;0;0;0;0;upmMMLDZE;4260557420966;0
com_MarketplaceBooster_Vegavero (Marketplace Seller)_VEGAVERO Apple Cider Vinegar Gummies;620564989;5.5.2026;cpc;0,51;;6;0;0;0;0;0;0;upmF2EYPK;4260557423172;0
com_CrossSellReRank_Vegavero (Marketplace Seller)_VEGAVERO Cordyceps Extrakt;658347557;5.5.2026;cpc;0,31;;7;0;0;0;0;0;0;14250611;4260309483218;0
it_MarketplaceBooster_Vegavero (Marketplace Seller)_VEGAVERO Cysti-Aid Complex;641622752;5.5.2026;cpc;0,51;;6;2;33,333333;0;1,02;0;0;upmTZFCGA;4260557422199;0,51
at_MarketplaceBooster_Vegavero (Marketplace Seller)_VEGAVERO Chrom Plus;626442427;5.5.2026;cpc;0,51;;6;0;0;0;0;0;0;upmL7ZDD2;4260557422946;0
at_CrossSellReRank_Vegavero (Marketplace Seller)_VEGAVERO Rosskastanie Plus BIO;658295841;5.5.2026;cpc;0,51;;8;0;0;0;0;0;0;upmUR4ZK4;4260557421239;0
com_MarketplaceBooster_Vegavero (Marketplace Seller)_VEGAVERO Hyaluronsaeure;620565218;5.5.2026;cpc;1,51;;6;0;0;0;0;0;0;upmPMLEP9;4260557423103;0
at_MarketplaceBooster_Vegavero (Marketplace Seller)_VEGAVERO Nachtkerzen und Borretsch?l BIO;625782152;5.5.2026;cpc;0,51;;6;0;0;0;0;0;0;upm7KTFPH;4260557421420;0
com_MarketplaceBooster_Vegavero (Marketplace Seller)_VEGAVERO Rapunzel;658295813;5.5.2026;cpc;0,51;;6;0;0;0;0;0;0;upmDUFHFK;4260557423134;0
it_CrossSellReRank_Vegavero (Marketplace Seller)_VEGAVERO Shiitake;649097667;5.5.2026;cpc;0,31;;5;0;0;0;0;0;0;upmZ7P4AX;4260557421970;0
at_CrossSellReRank_Vegavero (Marketplace Seller)_VEGAVERO Griffonia Plus;658280154;5.5.2026;cpc;0,31;;6;0;0;0;0;0;0;upmHCULGA;4260557422755;0
com_CrossSellReRank_Vegavero (Marketplace Seller)_VEGAVERO Vitamin D3 und K2 ?l;652854756;5.5.2026;cpc;1,11;;5;0;0;0;0;0;0;upm7FHKKZ;4260557421437;0
it_MarketplaceBooster_Vegavero (Marketplace Seller)_VEGAVERO Echinacea Purpurea;620565881;5.5.2026;cpc;0,51;;5;0;0;0;0;0;0;upmPZPD44;4260557420133;0
at_MarketplaceBooster_Vegavero (Marketplace Seller)_VEGAVERO Brahmi BIO;625785188;5.5.2026;cpc;0,51;;5;1;20;0;0,51;0;0;upmHFPDDK;4260557421956;0,51
at_MarketplaceBooster_Vegavero (Marketplace Seller)_VEGAVERO Resveratrol + Nicotinamid;625771680;5.5.2026;cpc;0,51;;5;1;20;0;0,51;0;0;upmGDDD7G;4260557420805;0,51
at_CrossSellReRank_Vegavero (Marketplace Seller)_VEGAVERO Resveratrol + Nicotinamid;658280009;5.5.2026;cpc;0,31;;6;0;0;0;0;0;0;upmGDDD7G;4260557420805;0
at_CrossSellReRank_Vegavero (Marketplace Seller)_VEGAVERO Glycin Pulver;658280144;5.5.2026;cpc;0,31;;6;0;0;0;0;0;0;upmR9H4DE;4260557422595;0
com_CrossSellReRank_Vegavero (Marketplace Seller)_VEGAVERO Glucomannan BIO;658283041;5.5.2026;cpc;0,31;;6;0;0;0;0;0;0;upmLXEUT7;4260557423240;0
com_CrossSellReRank_Vegavero (Marketplace Seller)_VEGAVERO Astragalus BIO;643090713;5.5.2026;cpc;0,31;;6;0;0;0;0;0;0;upmCGKMCH;4260557421222;0
at_CrossSellReRank_Vegavero (Marketplace Seller)_VEGAVERO Quercetin Komplex;658445035;5.5.2026;cpc;0,61;;5;0;0;0;0;0;0;upmF2AFXC;4260557423509;0
com_MarketplaceBooster_Vegavero (Marketplace Seller)_VEGAVERO Tribulus terrestris Extrakt;619660805;5.5.2026;cpc;0,51;;5;0;0;0;0;0;0;14251088;4260309481313;0
at_MarketplaceBooster_Vegavero (Marketplace Seller)_VEGAVERO Hyaluronsaeure;620609034;5.5.2026;cpc;0,51;;5;0;0;0;0;0;0;upmPMLEP9;4260557423103;0
at_MarketplaceBooster_Vegavero (Marketplace Seller)_VEGAVERO Koffein;626443345;5.5.2026;cpc;0,51;;5;1;20;0;0,51;0;0;upm4XZRWY;4260557423127;0,51
com_CrossSellReRank_Vegavero (Marketplace Seller)_VEGAVERO Griffonia Plus;643128060;5.5.2026;cpc;0,31;;8;0;0;0;0;0;0;upmHCULGA;4260557422755;0
at_CrossSellReRank_Vegavero (Marketplace Seller)_VEGAVERO Salbei BIO;658280032;5.5.2026;cpc;0,31;;5;0;0;0;0;0;0;upmMMLDZE;4260557420966;0
com_CrossSellReRank_Vegavero (Marketplace Seller)_VEGAVERO Brahmi BIO;643093286;5.5.2026;cpc;0,31;;6;1;20;0;0,31;0;0;upmHFPDDK;4260557421956;0,31
it_MarketplaceBooster_Vegavero (Marketplace Seller)_VEGAVERO Cordyceps;658334300;5.5.2026;cpc;0,51;;5;0;0;0;0;0;0;14250611;4260309483218;0
at_CrossSellReRank_Vegavero (Marketplace Seller)_VEGAVERO Moringa BIO;658725473;5.5.2026;cpc;1,01;;5;0;0;0;0;0;0;14250893;4260309481115;0
com_CrossSellReRank_Vegavero (Marketplace Seller)_VEGAVERO Prostaid Complex;658727269;5.5.2026;cpc;1,31;;6;0;0;0;0;0;0;upmCEE43U;4260557420515;0
com_MarketplaceBooster_Vegavero (Marketplace Seller)_VEGAVERO BIO Mushroom Mix;620545551;5.5.2026;cpc;0,51;;5;0;0;0;0;0;0;upmALDCEH;4260557423028;0
at_CrossSellReRank_Vegavero (Marketplace Seller)_VEGAVERO Griffonia;658283010;5.5.2026;cpc;1,51;;6;0;0;0;0;0;0;upmG7RZLC;4260557423318;0
it_CrossSellReRank_Vegavero (Marketplace Seller)_VEGAVERO Echinacea Plus;649151902;5.5.2026;cpc;0,31;;8;0;0;0;0;0;0;upmPHKX9F;4260557423141;0
com_MarketplaceBooster_Vegavero (Marketplace Seller)_VEGAVERO Youth Biotics;658469892;5.5.2026;cpc;1,01;;6;0;0;0;0;0;0;upmW7Y7DL;4260557423462;0
SOLD_OUT_it_CrossSellReRank_Vegavero (Marketplace Seller)_VEGAVERO Vitamina B12 gocce;649144392;5.5.2026;cpc;0,31;;7;1;20;0;0,31;0;0;upmYRCT9P;4260557422908;0,31
com_MarketplaceBooster_Vegavero (Marketplace Seller)_VEGAVERO Beifu? Extrakt;658295464;5.5.2026;cpc;0,61;;5;1;20;0;0,61;0;0;upmWMGCRY;4260557422090;0,61
com_MarketplaceBooster_Vegavero (Marketplace Seller)_VEGAVERO Curcuma BIO;618496721;5.5.2026;cpc;0,51;;5;0;0;0;0;0;0;upm27X4XW;4260557422878;0
com_CrossSellReRank_Vegavero (Marketplace Seller)_VEGAVERO Magnesium + Kalium;643084952;5.5.2026;cpc;0,31;;5;0;0;0;0;0;0;upm32MART;4260557420287;0
com_CrossSellReRank_Vegavero (Marketplace Seller)_VEGAVERO Glycin Pulver;658347520;5.5.2026;cpc;0,31;;5;0;0;0;0;0;0;upmTGWG29;4260557423479;0
com_MarketplaceBooster_Vegavero (Marketplace Seller)_VEGAVERO Bromelain 2400 GDU/g;619684531;5.5.2026;cpc;0,51;;4;2;50;0;1,02;0;0;upm43HM34;4260557421130;0,51
it_CrossSellReRank_Vegavero (Marketplace Seller)_VEGAVERO Shilajit Mumijo;649090838;5.5.2026;cpc;0,31;;4;0;0;0;0;0;0;upmR33A3P;4260557421406;0
com_CrossSellReRank_Vegavero (Marketplace Seller)_VEGAVERO Chia ?l BIO;643127528;5.5.2026;cpc;0,31;;5;0;0;0;0;0;0;upmK7YWLD;4260557422649;0
at_CrossSellReRank_Vegavero (Marketplace Seller)_VEGAVERO Vitamin K2;658295904;5.5.2026;cpc;0,31;;5;0;0;0;0;0;0;upmFYFHAU;4260557423424;0
com_CrossSellReRank_Vegavero (Marketplace Seller)_VEGAVERO Quercetin Komplex;658469905;5.5.2026;cpc;0,61;;4;0;0;0;0;0;0;upmF2AFXC;4260557423509;0
com_MarketplaceBooster_Vegavero (Marketplace Seller)_VEGAVERO Chaga BIO;629497666;5.5.2026;cpc;0,51;;4;0;0;0;0;0;0;upmPYECDL;4260557422298;0
com_CrossSellReRank_Vegavero (Marketplace Seller)_VEGAVERO Papaya BIO;643089807;5.5.2026;cpc;0,31;;4;0;0;0;0;0;0;upm9HWLUD;4260557421055;0
com_CrossSellReRank_Vegavero (Marketplace Seller)_VEGAVERO Taurin Pulver;658347286;5.5.2026;cpc;0,31;;4;0;0;0;0;0;0;upmHULHZD;4260557423370;0
it_CrossSellReRank_Vegavero (Marketplace Seller)_VEGAVERO Keto Power;658295963;5.5.2026;cpc;0,31;;4;0;0;0;0;0;0;upmP77L3M;4260557423288;0
at_MarketplaceBooster_Vegavero (Marketplace Seller)_VEGAVERO Shilajit Mumijo;625779482;5.5.2026;cpc;0,51;;4;0;0;0;0;0;0;upmR33A3P;4260557421406;0
com_CrossSellReRank_Vegavero (Marketplace Seller)_VEGAVERO Griffonia;658283048;5.5.2026;cpc;1,41;;4;0;0;0;0;0;0;upmG7RZLC;4260557423318;0
at_MarketplaceBooster_Vegavero (Marketplace Seller)_VEGAVERO Reishi Extrakt;625763780;5.5.2026;cpc;0,51;;4;0;0;0;0;0;0;14251013;4260309481665;0
com_MarketplaceBooster_Vegavero (Marketplace Seller)_VEGAVERO Chlorella BIO + Spirulina BIO;619667808;5.5.2026;cpc;1,01;;4;0;0;0;0;0;0;14250597;4260309484185;0
it_CrossSellReRank_Vegavero (Marketplace Seller)_VEGAVERO Triphala BIO;649077190;5.5.2026;cpc;0,31;;6;0;0;0;0;0;0;upmGL239Y;4260557420812;0
com_CrossSellReRank_Vegavero (Marketplace Seller)_VEGAVERO Strong Bones;658283045;5.5.2026;cpc;0,31;;5;0;0;0;0;0;0;upmAP9MLM;4260557423301;0
com_MarketplaceBooster_Vegavero (Marketplace Seller)_VEGAVERO Papaya BIO;620527447;5.5.2026;cpc;0,51;;4;2;50;0;1,02;0;0;upm9HWLUD;4260557421055;0,51
at_CrossSellReRank_Vegavero (Marketplace Seller)_VEGAVERO Hyaluronsaeure;643052787;5.5.2026;cpc;0,31;;5;0;0;0;0;0;0;upmPMLEP9;4260557423103;0
at_MarketplaceBooster_Vegavero (Marketplace Seller)_VEGAVERO Vision Care Complex;658347599;5.5.2026;cpc;0,51;;4;0;0;0;0;0;0;upmWRPTR4;4260557420867;0
com_CrossSellReRank_Vegavero (Marketplace Seller)_VEGAVERO Zimt-Ceylon Extrakt;643084475;5.5.2026;cpc;0,31;;5;0;0;0;0;0;0;14251208;4260557420164;0
com_MarketplaceBooster_Vegavero (Marketplace Seller)_VEGAVERO EAA;619674321;5.5.2026;cpc;0,51;;4;0;0;0;0;0;0;upmGMXXY9;4260557420744;0
it_CrossSellReRank_Vegavero (Marketplace Seller)_VEGAVERO Vitamina B12 Spray Junior;649103717;5.5.2026;cpc;0,31;;4;0;0;0;0;0;0;upm3RXHUC;4260557422229;0
com_CrossSellReRank_Vegavero (Marketplace Seller)_VEGAVERO MSM Pulver DOSE;643236175;5.5.2026;cpc;0,61;;7;0;0;0;0;0;0;upmTLUPGT;4260309483881;0
it_MarketplaceBooster_Vegavero (Marketplace Seller)_VEGAVERO Magnesio + Potassio;620566099;5.5.2026;cpc;0,51;;4;4;100;0;2,04;0;0;upm32MART;4260557420287;0,51
it_CrossSellReRank_Vegavero (Marketplace Seller)_VEGAVERO MSM;658296418;5.5.2026;cpc;0,61;;5;0;0;0;0;0;0;upmWCKTTE;4260309481214;0
SOLD_OUT_at_CrossSellReRank_Vegavero (Marketplace Seller)_VEGAVERO Vitamin B12 Tropfen;658280176;5.5.2026;cpc;0,31;;4;0;0;0;0;0;0;upmYRCT9P;4260557422908;0
it_CrossSellReRank_Vegavero (Marketplace Seller)_VEGAVERO Femme Biotics;658445084;5.5.2026;cpc;0,61;;5;0;0;0;0;0;0;upm4AEDEP;4260557423455;0
com_CrossSellReRank_Vegavero (Marketplace Seller)_VEGAVERO Multivitamin Spray Junior;643089899;5.5.2026;cpc;0,31;;5;0;0;0;0;0;0;upm9ZTF3H;4260557421178;0
at_MarketplaceBooster_Vegavero (Marketplace Seller)_VEGAVERO Cholin Trio;658280067;5.5.2026;cpc;1,01;;4;0;0;0;0;0;0;upm97PFY9;4260557421826;0
it_CrossSellReRank_Vegavero (Marketplace Seller)_VEGAVERO Bacopa BIO;649096403;5.5.2026;cpc;0,31;;5;0;0;0;0;0;0;upmHFPDDK;4260557421956;0
at_MarketplaceBooster_Vegavero (Marketplace Seller)_VEGAVERO Saccharomyces boulardii;658347617;5.5.2026;cpc;0,51;;4;1;25;0;0,51;0;0;upmWDER3T;4260557421949;0,51
com_CrossSellReRank_Vegavero (Marketplace Seller)_VEGAVERO Light Legs Complex;658347562;5.5.2026;cpc;0,31;;6;0;0;0;0;0;0;upmD7EWMP;4260557420454;0
it_CrossSellReRank_Vegavero (Marketplace Seller)_VEGAVERO Papaya BIO;649077206;5.5.2026;cpc;0,31;;5;0;0;0;0;0;0;upm9HWLUD;4260557421055;0
it_CrossSellReRank_Vegavero (Marketplace Seller)_VEGAVERO Party Hero;658331705;5.5.2026;cpc;0,31;;6;0;0;0;0;0;0;upmFACEA7;4260557423356;0
at_CrossSellReRank_Vegavero (Marketplace Seller)_VEGAVERO Astragalus BIO;658280053;5.5.2026;cpc;0,31;;5;0;0;0;0;0;0;upmCGKMCH;4260557421222;0
at_MarketplaceBooster_Vegavero (Marketplace Seller)_VEGAVERO Astragalus BIO;625778112;5.5.2026;cpc;1,01;;4;1;25;0;1,01;0;0;upmCGKMCH;4260557421222;1,01
it_MarketplaceBooster_Vegavero (Marketplace Seller)_VEGAVERO Nattokinase;649159872;5.5.2026;cpc;0,51;;4;1;25;0;0,51;0;0;upm2ZL4CL;4260557423264;0,51
it_CrossSellReRank_Vegavero (Marketplace Seller)_VEGAVERO Drena Flux;649110222;5.5.2026;cpc;0,31;;5;1;25;0;0,31;0;0;upm2XGYDU;4260557422489;0,31
SOLD_OUT_com_CrossSellReRank_Vegavero (Marketplace Seller)_VEGAVERO Vegan Collagen+Hyaluronic Acid;658347591;5.5.2026;cpc;1,21;;6;0;0;0;0;0;0;upmK3CG99;4260557422656;0
at_CrossSellReRank_Vegavero (Marketplace Seller)_VEGAVERO Ashwagandha BIO;658280005;5.5.2026;cpc;0,31;;4;0;0;0;0;0;0;upmUPLLZH;4260557420676;0
at_CrossSellReRank_Vegavero (Marketplace Seller)_VEGAVERO Vitamin B12 Spray Junior;658280108;5.5.2026;cpc;0,31;;4;0;0;0;0;0;0;upm3RXHUC;4260557422229;0
it_CrossSellReRank_Vegavero (Marketplace Seller)_VEGAVERO Astragalo BIO;649084562;5.5.2026;cpc;0,31;;6;0;0;0;0;0;0;upmCGKMCH;4260557421222;0
it_MarketplaceBooster_Vegavero (Marketplace Seller)_VEGAVERO Myo-Inositol Complex;658353199;5.5.2026;cpc;1,51;;3;1;33,333333;0;1,51;0;0;upm7PGM77;4260557421765;1,51
com_CrossSellReRank_Vegavero (Marketplace Seller)_VEGAVERO Wild Yams + Zink;643234437;5.5.2026;cpc;0,31;;4;0;0;0;0;0;0;14251183;4260309481672;0
at_CrossSellReRank_Vegavero (Marketplace Seller)_VEGAVERO Wild Yams + Zink;658279949;5.5.2026;cpc;0,31;;4;0;0;0;0;0;0;14251183;4260309481672;0
it_MarketplaceBooster_Vegavero (Marketplace Seller)_VEGAVERO Triphala BIO;620567265;5.5.2026;cpc;0,51;;3;0;0;0;0;0;0;upmGL239Y;4260557420812;0
SOLD_OUT_com_CrossSellReRank_Vegavero (Marketplace Seller)_VEGAVERO Guggul;652847887;5.5.2026;cpc;0,31;;4;0;0;0;0;0;0;upmT99EZK;4260557421123;0
com_CrossSellReRank_Vegavero (Marketplace Seller)_VEGAVERO Psyllium BIO;658295762;5.5.2026;cpc;0,31;;6;0;0;0;0;0;0;upmERYMM3;4260557423295;0
it_MarketplaceBooster_Vegavero (Marketplace Seller)_VEGAVERO Papaya BIO;641643600;5.5.2026;cpc;0,51;;3;0;0;0;0;0;0;upm9HWLUD;4260557421055;0
at_CrossSellReRank_Vegavero (Marketplace Seller)_VEGAVERO Nattokinase;658282838;5.5.2026;cpc;0,31;;4;0;0;0;0;0;0;upm2ZL4CL;4260557423264;0
com_MarketplaceBooster_Vegavero (Marketplace Seller)_VEGAVERO Brennnessel BIO;619682703;5.5.2026;cpc;0,51;;3;0;0;0;0;0;0;upm9RX43T;4260557421031;0
at_CrossSellReRank_Vegavero (Marketplace Seller)_VEGAVERO Knoblauch Plus;658280151;5.5.2026;cpc;0,31;;3;0;0;0;0;0;0;upm2WRLPU;4260557422632;0
SOLD_OUT_it_CrossSellReRank_Vegavero (Marketplace Seller)_VEGAVERO Taurina Plus;649149719;5.5.2026;cpc;0,31;;5;0;0;0;0;0;0;upmXXW9XA;4260557423059;0
it_CrossSellReRank_Vegavero (Marketplace Seller)_VEGAVERO OPC Trio;649150121;5.5.2026;cpc;0,31;;3;0;0;0;0;0;0;upmWFGGMG;4260557423097;0
com_CrossSellReRank_Vegavero (Marketplace Seller)_VEGAVERO Mushroom Mix Complex;643093879;5.5.2026;cpc;0,31;;4;0;0;0;0;0;0;upm4XDXPR;4260557422045;0
it_CrossSellReRank_Vegavero (Marketplace Seller)_VEGAVERO Olio di semi di Lino BIO;649102015;5.5.2026;cpc;0,31;;6;0;0;0;0;0;0;upmKU4FAU;4260557422038;0
it_CrossSellReRank_Vegavero (Marketplace Seller)_VEGAVERO EAA in Polvere;658381331;5.5.2026;cpc;0,61;;3;0;0;0;0;0;0;upmP94YR7;4260557423530;0
at_CrossSellReRank_Vegavero (Marketplace Seller)_VEGAVERO Nachtkerzen ?l;658283039;5.5.2026;cpc;0,61;;4;0;0;0;0;0;0;upm7DM474;4260557423448;0
at_CrossSellReRank_Vegavero (Marketplace Seller)_VEGAVERO Glucosamin Plus;658295896;5.5.2026;cpc;0,31;;3;0;0;0;0;0;0;upmKWW3MD;4260557423349;0
com_MarketplaceBooster_Vegavero (Marketplace Seller)_VEGAVERO EAA Pulver Pfirsich;658445060;5.5.2026;cpc;2,01;;3;0;0;0;0;0;0;upmP94YR7;4260557423530;0
at_CrossSellReRank_Vegavero (Marketplace Seller)_VEGAVERO Saccharomyces boulardii;658347619;5.5.2026;cpc;0,81;;4;0;0;0;0;0;0;upmWDER3T;4260557421949;0
com_CrossSellReRank_Vegavero (Marketplace Seller)_VEGAVERO Mariendistel Plus;652868608;5.5.2026;cpc;0,31;;6;0;0;0;0;0;0;upmR9H2HU;4260557422892;0
com_MarketplaceBooster_Vegavero (Marketplace Seller)_VEGAVERO Hyaluronsaeure;620565217;5.5.2026;cpc;1,51;;3;1;33,333333;0;1,51;0;0;upmKMAH3F;4260557420539;1,51
com_CrossSellReRank_Vegavero (Marketplace Seller)_VEGAVERO Shilajit Mumijo;643092358;5.5.2026;cpc;0,31;;4;0;0;0;0;0;0;upmR33A3P;4260557421406;0
com_CrossSellReRank_Vegavero (Marketplace Seller)_VEGAVERO OPC Trio;643136197;5.5.2026;cpc;0,31;;3;0;0;0;0;0;0;upmWFGGMG;4260557423097;0
it_CrossSellReRank_Vegavero (Marketplace Seller)_VEGAVERO Ferro;658331759;5.5.2026;cpc;0,31;;3;0;0;0;0;0;0;14250692;4260309483065;0
SOLD_OUT_com_MarketplaceBooster_Vegavero (Marketplace Seller)_VEGAVERO Guggul;652847799;5.5.2026;cpc;0,51;;3;1;33,333333;0;0,51;0;0;upmT99EZK;4260557421123;0,51
at_CrossSellReRank_Vegavero (Marketplace Seller)_VEGAVERO Serenity;658280179;5.5.2026;cpc;0,31;;4;0;0;0;0;0;0;upmZFGPHR;4260557422830;0
it_CrossSellReRank_Vegavero (Marketplace Seller)_VEGAVERO Igname Selvatico +  Zinco;658353188;5.5.2026;cpc;0,31;;3;0;0;0;0;0;0;14251183;4260309481672;0
at_CrossSellReRank_Vegavero (Marketplace Seller)_VEGAVERO Zimt Extrakt BIO;658280146;5.5.2026;cpc;0,31;;5;0;0;0;0;0;0;upmW9KKTG;4260557422618;0
it_MarketplaceBooster_Vegavero (Marketplace Seller)_VEGAVERO Acido Ialuronico;626451040;5.5.2026;cpc;0,51;;3;0;0;0;0;0;0;upmKMAH3F;4260557420539;0
at_CrossSellReRank_Vegavero (Marketplace Seller)_VEGAVERO Multivitamin Spray Junior;658280046;5.5.2026;cpc;0,31;;3;1;33,333333;0;0,31;0;0;upm9ZTF3H;4260557421178;0,31
at_CrossSellReRank_Vegavero (Marketplace Seller)_VEGAVERO Cholin Bitartrat;658283014;5.5.2026;cpc;0,31;;4;1;33,333333;0;0,31;0;0;upmU9FP9M;4260557423325;0,31
at_MarketplaceBooster_Vegavero (Marketplace Seller)_VEGAVERO Glucomannan BIO;658347634;5.5.2026;cpc;0,51;;3;0;0;0;0;0;0;upmLXEUT7;4260557423240;0
com_CrossSellReRank_Vegavero (Marketplace Seller)_VEGAVERO Tribulus terrestris Extrakt;643082758;5.5.2026;cpc;0,31;;4;0;0;0;0;0;0;14251088;4260309481313;0
com_CrossSellReRank_Vegavero (Marketplace Seller)_VEGAVERO Glucosamin Plus;658347224;5.5.2026;cpc;0,31;;4;0;0;0;0;0;0;upmKWW3MD;4260557423349;0
at_CrossSellReRank_Vegavero (Marketplace Seller)_VEGAVERO Reishi Extrakt;658279956;5.5.2026;cpc;0,31;;2;0;0;0;0;0;0;14251013;4260309481665;0
com_CrossSellReRank_Vegavero (Marketplace Seller)_VEGAVERO Shiitake Extrakt;643093288;5.5.2026;cpc;0,31;;2;0;0;0;0;0;0;upmZ7P4AX;4260557421970;0
com_CrossSellReRank_Vegavero (Marketplace Seller)_VEGAVERO Glycin Pulver;658295818;5.5.2026;cpc;0,31;;4;0;0;0;0;0;0;upmR9H4DE;4260557422595;0
com_CrossSellReRank_Vegavero (Marketplace Seller)_VEGAVERO Omega-3 ?l;643091125;5.5.2026;cpc;1,31;;4;0;0;0;0;0;0;upm9KDWAZ;4260557421383;0
com_CrossSellReRank_Vegavero (Marketplace Seller)_VEGAVERO Apple Cider Vinegar;643138167;5.5.2026;cpc;0,31;;2;0;0;0;0;0;0;upmUTDZP9;4260557423158;0
com_CrossSellReRank_Vegavero (Marketplace Seller)_VEGAVERO Brennnessel BIO;643089721;5.5.2026;cpc;0,31;;4;0;0;0;0;0;0;upm9RX43T;4260557421031;0
com_CrossSellReRank_Vegavero (Marketplace Seller)_VEGAVERO Hyaluronsaeure;643078378;5.5.2026;cpc;0,31;;2;0;0;0;0;0;0;upmKMAH3F;4260557420539;0
com_CrossSellReRank_Vegavero (Marketplace Seller)_VEGAVERO Vegan Essentials Complex;643092356;5.5.2026;cpc;0,31;;3;0;0;0;0;0;0;upmHHT433;4260557421390;0
com_MarketplaceBooster_Vegavero (Marketplace Seller)_VEGAVERO Brahmi BIO;619717869;5.5.2026;cpc;0,51;;2;1;50;0;0,51;0;0;upmHFPDDK;4260557421956;0,51
at_CrossSellReRank_Vegavero (Marketplace Seller)_VEGAVERO Brennnessel BIO;658280036;5.5.2026;cpc;0,31;;3;0;0;0;0;0;0;upm9RX43T;4260557421031;0
at_CrossSellReRank_Vegavero (Marketplace Seller)_VEGAVERO Apple Cider Vinegar;658282824;5.5.2026;cpc;0,31;;2;0;0;0;0;0;0;upmUTDZP9;4260557423158;0
com_CrossSellReRank_Vegavero (Marketplace Seller)_VEGAVERO L-Glutamin Pulver;643141362;5.5.2026;cpc;0,31;;2;0;0;0;0;0;0;upmUPTFMH;4260557423233;0
com_CrossSellReRank_Vegavero (Marketplace Seller)_VEGAVERO Maitake BIO;643089677;5.5.2026;cpc;0,31;;2;0;0;0;0;0;0;upmW4TZYD;4260557420874;0
at_CrossSellReRank_Vegavero (Marketplace Seller)_VEGAVERO Ingwer BIO;658280001;5.5.2026;cpc;0,31;;3;0;0;0;0;0;0;upmPX4TPU;4260557420386;0
it_CrossSellReRank_Vegavero (Marketplace Seller)_VEGAVERO Maitake BIO;649077201;5.5.2026;cpc;0,31;;2;0;0;0;0;0;0;upmW4TZYD;4260557420874;0
at_CrossSellReRank_Vegavero (Marketplace Seller)_VEGAVERO Brahmi BIO;658280083;5.5.2026;cpc;0,31;;3;0;0;0;0;0;0;upmHFPDDK;4260557421956;0
com_CrossSellReRank_Vegavero (Marketplace Seller)_VEGAVERO Elektrolyte Plus;643130058;5.5.2026;cpc;0,31;;3;0;0;0;0;0;0;upmD23XCL;4260557422823;0
com_MarketplaceBooster_Vegavero (Marketplace Seller)_VEGAVERO Maitake BIO;629496632;5.5.2026;cpc;0,51;;2;0;0;0;0;0;0;upmW4TZYD;4260557420874;0
SOLD_OUT_com_MarketplaceBooster_Vegavero (Marketplace Seller)_VEGAVERO Multivitamin Plus;620565116;5.5.2026;cpc;0,51;;2;0;0;0;0;0;0;14251148;4260309482778;0
at_CrossSellReRank_Vegavero (Marketplace Seller)_VEGAVERO Ackerschachtelhalm BIO;658347604;5.5.2026;cpc;0,31;;2;0;0;0;0;0;0;upmDKAWH3;4260557421307;0
com_CrossSellReRank_Vegavero (Marketplace Seller)_VEGAVERO Liver Active Complex;643084947;5.5.2026;cpc;0,31;;3;0;0;0;0;0;0;14250812;4260557420188;0
it_CrossSellReRank_Vegavero (Marketplace Seller)_VEGAVERO Acido Ialuronico;649164301;5.5.2026;cpc;0,31;;2;0;0;0;0;0;0;upmPMLEP9;4260557423103;0
com_CrossSellReRank_Vegavero (Marketplace Seller)_VEGAVERO Salbei BIO;643089690;5.5.2026;cpc;0,31;;5;0;0;0;0;0;0;upmMMLDZE;4260557420966;0
at_MarketplaceBooster_Vegavero (Marketplace Seller)_VEGAVERO Cordyceps sinensis BIO;620609037;5.5.2026;cpc;0,51;;2;0;0;0;0;0;0;upmTG77MW;4260557422991;0
SOLD_OUT_com_CrossSellReRank_Vegavero (Marketplace Seller)_VEGAVERO Pro Bio Kids BIO;643084950;5.5.2026;cpc;0,31;;2;0;0;0;0;0;0;14250953;4260557420249;0
at_CrossSellReRank_Vegavero (Marketplace Seller)_VEGAVERO Bromelain 2500 GDU/g;658280042;5.5.2026;cpc;0,31;;2;0;0;0;0;0;0;upm43HM34;4260557421130;0
at_CrossSellReRank_Vegavero (Marketplace Seller)_VEGAVERO Colon Care Complex;658279985;5.5.2026;cpc;0,31;;2;0;0;0;0;0;0;14250605;4260557420201;0
at_MarketplaceBooster_Vegavero (Marketplace Seller)_VEGAVERO Cordyceps Extrakt;658347645;5.5.2026;cpc;0,51;;2;0;0;0;0;0;0;14250611;4260309483218;0
it_MarketplaceBooster_Vegavero (Marketplace Seller)_VEGAVERO Acido Ialuronico;626451010;5.5.2026;cpc;0,51;;2;0;0;0;0;0;0;upmPMLEP9;4260557423103;0
SOLD_OUT_it_CrossSellReRank_Vegavero (Marketplace Seller)_VEGAVERO MSM;658296382;5.5.2026;cpc;0,61;;2;0;0;0;0;0;0;14250924;4260309484130;0
at_CrossSellReRank_Vegavero (Marketplace Seller)_VEGAVERO Magnesium Bisglycinat;658282836;5.5.2026;cpc;1,61;;3;0;0;0;0;0;0;upmX4LT4H;4260557423257;0
at_CrossSellReRank_Vegavero (Marketplace Seller)_VEGAVERO Sugar Balance Complex;658280126;5.5.2026;cpc;0,31;;3;0;0;0;0;0;0;upmAD4HK4;4260557422403;0
at_CrossSellReRank_Vegavero (Marketplace Seller)_VEGAVERO Zimt-Ceylon Extrakt;658279983;5.5.2026;cpc;0,31;;2;0;0;0;0;0;0;14251208;4260557420164;0
at_MarketplaceBooster_Vegavero (Marketplace Seller)_VEGAVERO Chaga BIO;625789278;5.5.2026;cpc;0,51;;2;0;0;0;0;0;0;upmPYECDL;4260557422298;0
at_CrossSellReRank_Vegavero (Marketplace Seller)_VEGAVERO Mariendistel Plus;658280174;5.5.2026;cpc;0,31;;2;0;0;0;0;0;0;upmR9H2HU;4260557422892;0
com_CrossSellReRank_Vegavero (Marketplace Seller)_VEGAVERO Bockshornklee BIO;643134873;5.5.2026;cpc;0,31;;4;0;0;0;0;0;0;upm7AL3PG;4260557422977;0
at_CrossSellReRank_Vegavero (Marketplace Seller)_VEGAVERO Vegan Essentials Complex;658280060;5.5.2026;cpc;0,31;;3;0;0;0;0;0;0;upmHHT433;4260557421390;0
at_MarketplaceBooster_Vegavero (Marketplace Seller)_VEGAVERO Nachtkerzen und Borretsch?l BIO;658295855;5.5.2026;cpc;0,51;;2;0;0;0;0;0;0;upm7KTFPH;4260557421420;0
at_MarketplaceBooster_Vegavero (Marketplace Seller)_VEGAVERO Papaya Enzym;625793359;5.5.2026;cpc;0,51;;2;0;0;0;0;0;0;14250930;4260309482648;0
com_CrossSellReRank_Vegavero (Marketplace Seller)_VEGAVERO BIO Astaxanthin ?l;643093116;5.5.2026;cpc;0,91;;2;0;0;0;0;0;0;upm7GZX42;4260557423165;0
com_CrossSellReRank_Vegavero (Marketplace Seller)_VEGAVERO Triphala BIO;643089502;5.5.2026;cpc;0,31;;2;0;0;0;0;0;0;upmGL239Y;4260557420812;0
at_CrossSellReRank_Vegavero (Marketplace Seller)_VEGAVERO Papaya Enzym;658280137;5.5.2026;cpc;0,31;;3;0;0;0;0;0;0;14250930;4260309482648;0
com_MarketplaceBooster_Vegavero (Marketplace Seller)_VEGAVERO Reishi Extrakt;619660758;5.5.2026;cpc;0,51;;2;1;50;0;0,51;0;0;14251013;4260309481665;0,51
com_CrossSellReRank_Vegavero (Marketplace Seller)_VEGAVERO BCAA Pulver Mango;658445062;5.5.2026;cpc;0,31;;1;0;0;0;0;0;0;upmWWWMYX;4260557423523;0
com_CrossSellReRank_Vegavero (Marketplace Seller)_VEGAVERO Chlorella BIO + Spirulina BIO;643078910;5.5.2026;cpc;1,01;;1;0;0;0;0;0;0;14250597;4260309484185;0
at_CrossSellReRank_Vegavero (Marketplace Seller)_VEGAVERO Astaxanthin ?l;658280070;5.5.2026;cpc;0,31;;2;0;0;0;0;0;0;upmYPTY2W;4260557421925;0
SOLD_OUT_at_MarketplaceBooster_Vegavero (Marketplace Seller)_VEGAVERO Multivitamin Plus;620605317;5.5.2026;cpc;0,51;;1;0;0;0;0;0;0;14251148;4260309482778;0
at_MarketplaceBooster_Vegavero (Marketplace Seller)_VEGAVERO Quercetin Komplex;658445034;5.5.2026;cpc;1,01;;1;1;100;0;1,01;0;0;upmF2AFXC;4260557423509;1,01
it_CrossSellReRank_Vegavero (Marketplace Seller)_VEGAVERO Iodio naturale BIO;658445106;5.5.2026;cpc;0,31;;1;0;0;0;0;0;0;14250769;4260557420256;0
at_MarketplaceBooster_Vegavero (Marketplace Seller)_VEGAVERO EAA;625771660;5.5.2026;cpc;0,51;;1;0;0;0;0;0;0;upmGMXXY9;4260557420744;0
it_CrossSellReRank_Vegavero (Marketplace Seller)_VEGAVERO Vitamina C Liposomiale;649120758;5.5.2026;cpc;0,61;;1;0;0;0;0;0;0;upm77WEEP;4260557422786;0
at_CrossSellReRank_Vegavero (Marketplace Seller)_VEGAVERO Cordyceps Extrakt;658347646;5.5.2026;cpc;0,31;;1;0;0;0;0;0;0;14250611;4260309483218;0
it_CrossSellReRank_Vegavero (Marketplace Seller)_VEGAVERO Chaga BIO;649104196;5.5.2026;cpc;0,31;;1;0;0;0;0;0;0;upmPYECDL;4260557422298;0
at_CrossSellReRank_Vegavero (Marketplace Seller)_VEGAVERO Vitamin D3 und K2 ?l;658280065;5.5.2026;cpc;1,11;;1;0;0;0;0;0;0;upm7FHKKZ;4260557421437;0
com_CrossSellReRank_Vegavero (Marketplace Seller)_VEGAVERO D-Mannose Complex;643077907;5.5.2026;cpc;0,31;;2;0;0;0;0;0;0;14250640;4260309482747;0
com_CrossSellReRank_Vegavero (Marketplace Seller)_VEGAVERO Koffein;643137040;5.5.2026;cpc;0,31;;1;0;0;0;0;0;0;upm4XZRWY;4260557423127;0
com_MarketplaceBooster_Vegavero (Marketplace Seller)_VEGAVERO Cordyceps Extrakt;658347556;5.5.2026;cpc;1,01;;1;0;0;0;0;0;0;14250611;4260309483218;0
at_CrossSellReRank_Vegavero (Marketplace Seller)_VEGAVERO Psyllium BIO;658282986;5.5.2026;cpc;0,31;;1;0;0;0;0;0;0;upmERYMM3;4260557423295;0
com_CrossSellReRank_Vegavero (Marketplace Seller)_VEGAVERO Curcuma BIO;643130748;5.5.2026;cpc;0,31;;1;0;0;0;0;0;0;upm27X4XW;4260557422878;0
at_CrossSellReRank_Vegavero (Marketplace Seller)_VEGAVERO Curcuma BIO;658280163;5.5.2026;cpc;0,31;;2;0;0;0;0;0;0;upm27X4XW;4260557422878;0
SOLD_OUT_com_CrossSellReRank_Vegavero (Marketplace Seller)_VEGAVERO MSM 670mg;643078424;5.5.2026;cpc;0,61;;2;0;0;0;0;0;0;14250924;4260309484130;0
at_CrossSellReRank_Vegavero (Marketplace Seller)_VEGAVERO Vitamin B3 (Nicotinamid);658280014;5.5.2026;cpc;0,51;;6;0;0;0;0;0;0;upmUEXHE2;4260557420850;0
at_CrossSellReRank_Vegavero (Marketplace Seller)_VEGAVERO D-Mannose Pulver;658295900;5.5.2026;cpc;0,31;;1;0;0;0;0;0;0;14250686;4260309481603;0
it_MarketplaceBooster_Vegavero (Marketplace Seller)_VEGAVERO Maitake BIO;620567773;5.5.2026;cpc;0,51;;1;0;0;0;0;0;0;upmW4TZYD;4260557420874;0
it_MarketplaceBooster_Vegavero (Marketplace Seller)_VEGAVERO Glicina in Polvere;658334361;5.5.2026;cpc;1,01;;1;1;100;0;1,01;0;0;upmR9H4DE;4260557422595;1,01
com_CrossSellReRank_Vegavero (Marketplace Seller)_VEGAVERO Ashwagandha BIO;643088001;5.5.2026;cpc;0,31;;1;0;0;0;0;0;0;upmUPLLZH;4260557420676;0
com_CrossSellReRank_Vegavero (Marketplace Seller)_VEGAVERO Resveratrol + Nicotinamid;643088593;5.5.2026;cpc;0,31;;1;0;0;0;0;0;0;upmGDDD7G;4260557420805;0
com_CrossSellReRank_Vegavero (Marketplace Seller)_VEGAVERO Astaxanthin ?l;643093279;5.5.2026;cpc;0,31;;1;0;0;0;0;0;0;upmYPTY2W;4260557421925;0
com_MarketplaceBooster_Vegavero (Marketplace Seller)_VEGAVERO Shiitake Extrakt;619721567;5.5.2026;cpc;0,51;;1;0;0;0;0;0;0;upmZ7P4AX;4260557421970;0
it_MarketplaceBooster_Vegavero (Marketplace Seller)_VEGAVERO Chrom Plus;641642728;5.5.2026;cpc;0,51;;1;0;0;0;0;0;0;upmL7ZDD2;4260557422946;0
at_MarketplaceBooster_Vegavero (Marketplace Seller)_VEGAVERO Apple Cider Vinegar Gummies;626443801;5.5.2026;cpc;0,51;;1;0;0;0;0;0;0;upmF2EYPK;4260557423172;0
it_CrossSellReRank_Vegavero (Marketplace Seller)_VEGAVERO Vitamina D3 + K2;649091298;5.5.2026;cpc;1,11;;1;0;0;0;0;0;0;upm7FHKKZ;4260557421437;0
SOLD_OUT_at_CrossSellReRank_Vegavero (Marketplace Seller)_VEGAVERO MSM 670mg;643055483;5.5.2026;cpc;0,61;;4;0;0;0;0;0;0;14250924;4260309484130;0
com_CrossSellReRank_Vegavero (Marketplace Seller)_VEGAVERO Boswellia Extrakt;643094189;5.5.2026;cpc;0,31;;1;0;0;0;0;0;0;upmEH2K74;4260557422588;0
it_MarketplaceBooster_Vegavero (Marketplace Seller)_VEGAVERO Lecitina BIO;626459035;5.5.2026;cpc;0,51;;1;0;0;0;0;0;0;upm2HFKPC;4260557422021;0
at_CrossSellReRank_Vegavero (Marketplace Seller)_VEGAVERO Cholin Trio;658280068;5.5.2026;cpc;0,31;;1;0;0;0;0;0;0;upm97PFY9;4260557421826;0
at_CrossSellReRank_Vegavero (Marketplace Seller)_VEGAVERO BCAA Pulver Mango;658445038;5.5.2026;cpc;0,61;;2;0;0;0;0;0;0;upmWWWMYX;4260557423523;0
at_MarketplaceBooster_Vegavero (Marketplace Seller)_VEGAVERO EAA Pulver Pfirsich;658445040;5.5.2026;cpc;1,01;;1;0;0;0;0;0;0;upmP94YR7;4260557423530;0
com_CrossSellReRank_Vegavero (Marketplace Seller)_VEGAVERO D-Mannose Pulver;643235044;5.5.2026;cpc;0,31;;1;0;0;0;0;0;0;14250686;4260309481603;0
com_CrossSellReRank_Vegavero (Marketplace Seller)_VEGAVERO Knoblauch Plus;643126592;5.5.2026;cpc;0,31;;4;0;0;0;0;0;0;upm2WRLPU;4260557422632;0
at_CrossSellReRank_Vegavero (Marketplace Seller)_VEGAVERO EAA;658280007;5.5.2026;cpc;0,31;;0;0;0;0;0;0;0;upmGMXXY9;4260557420744;0
com_MarketplaceBooster_Vegavero (Marketplace Seller)_VEGAVERO Vitamin K2;658347316;5.5.2026;cpc;1,01;;0;0;0;0;0;0;0;upmFYFHAU;4260557423424;0
it_MarketplaceBooster_Vegavero (Marketplace Seller)_VEGAVERO Femme Biotics;658445082;5.5.2026;cpc;1,01;;0;0;0;0;0;0;0;upm4AEDEP;4260557423455;0
at_CrossSellReRank_Vegavero (Marketplace Seller)_VEGAVERO Keto Power;658282947;5.5.2026;cpc;0,31;;1;0;0;0;0;0;0;upmP77L3M;4260557423288;0
at_MarketplaceBooster_Vegavero (Marketplace Seller)_VEGAVERO Cholin Bitartrat;658283012;5.5.2026;cpc;0,51;;0;0;0;0;0;0;0;upmU9FP9M;4260557423325;0
it_MarketplaceBooster_Vegavero (Marketplace Seller)_VEGAVERO Lievito di Birra;658296220;5.5.2026;cpc;0,51;;0;0;0;0;0;0;0;upmKUKGHH;4260557423332;0
it_MarketplaceBooster_Vegavero (Marketplace Seller)_VEGAVERO Griffonia;658296090;5.5.2026;cpc;0,51;;0;0;0;0;0;0;0;upmG7RZLC;4260557423318;0
at_CrossSellReRank_Vegavero (Marketplace Seller)_VEGAVERO L-Glutamin Pulver;658282832;5.5.2026;cpc;0,31;;0;0;0;0;0;0;0;upmUPTFMH;4260557423233;0
com_CrossSellReRank_Vegavero (Marketplace Seller)_VEGAVERO Chaga BIO;643093999;5.5.2026;cpc;0,31;;2;0;0;0;0;0;0;upmPYECDL;4260557422298;0
at_MarketplaceBooster_Vegavero (Marketplace Seller)_VEGAVERO Psyllium BIO;658282984;5.5.2026;cpc;0,51;;0;0;0;0;0;0;0;upmERYMM3;4260557423295;0
com_MarketplaceBooster_Vegavero (Marketplace Seller)_VEGAVERO Knoblauch Plus;620530228;5.5.2026;cpc;0,51;;0;0;0;0;0;0;0;upm2WRLPU;4260557422632;0
com_CrossSellReRank_Vegavero (Marketplace Seller)_VEGAVERO Ingwer BIO;643085613;5.5.2026;cpc;0,31;;0;0;0;0;0;0;0;upmPX4TPU;4260557420386;0
at_CrossSellReRank_Vegavero (Marketplace Seller)_VEGAVERO Papaya BIO;658295838;5.5.2026;cpc;0,31;;0;0;0;0;0;0;0;upm9HWLUD;4260557421055;0
at_CrossSellReRank_Vegavero (Marketplace Seller)_VEGAVERO Mushroom Mix Complex;658280095;5.5.2026;cpc;0,31;;0;0;0;0;0;0;0;upm4XDXPR;4260557422045;0
com_MarketplaceBooster_Vegavero (Marketplace Seller)_VEGAVERO Nachtkerzen ?l;658291478;5.5.2026;cpc;1,01;;0;0;0;0;0;0;0;upm7DM474;4260557423448;0
at_MarketplaceBooster_Vegavero (Marketplace Seller)_VEGAVERO Party Hero;658283016;5.5.2026;cpc;0,51;;0;0;0;0;0;0;0;upmFACEA7;4260557423356;0
it_MarketplaceBooster_Vegavero (Marketplace Seller)_VEGAVERO Taurina;658296229;5.5.2026;cpc;0,51;;0;0;0;0;0;0;0;upmHULHZD;4260557423370;0
it_MarketplaceBooster_Vegavero (Marketplace Seller)_VEGAVERO Beta-Alanina in Polvere;658296313;5.5.2026;cpc;1,01;;0;0;0;0;0;0;0;upmFKHFRA;4260557423431;0
com_MarketplaceBooster_Vegavero (Marketplace Seller)_VEGAVERO Glucosamin Plus;658347207;5.5.2026;cpc;1,01;;0;0;0;0;0;0;0;upmKWW3MD;4260557423349;0
at_CrossSellReRank_Vegavero (Marketplace Seller)_VEGAVERO EAA Pulver Pfirsich;658445042;5.5.2026;cpc;0,61;;0;0;0;0;0;0;0;upmP94YR7;4260557423530;0
at_MarketplaceBooster_Vegavero (Marketplace Seller)_VEGAVERO Keto Power;658282839;5.5.2026;cpc;0,51;;0;0;0;0;0;0;0;upmP77L3M;4260557423288;0
SOLD_OUT_com_CrossSellReRank_Vegavero (Marketplace Seller)_VEGAVERO Vitamin B12 Tropfen;643132496;5.5.2026;cpc;0,31;;0;0;0;0;0;0;0;upmYRCT9P;4260557422908;0
it_MarketplaceBooster_Vegavero (Marketplace Seller)_VEGAVERO Strong Bones;658296086;5.5.2026;cpc;0,51;;0;0;0;0;0;0;0;upmAP9MLM;4260557423301;0
it_MarketplaceBooster_Vegavero (Marketplace Seller)_VEGAVERO Glicina in Polvere;658296346;5.5.2026;cpc;1,01;;0;0;0;0;0;0;0;upmTGWG29;4260557423479;0
at_MarketplaceBooster_Vegavero (Marketplace Seller)_VEGAVERO Glycin Pulver;658280143;5.5.2026;cpc;1,01;;0;0;0;0;0;0;0;upmTGWG29;4260557423479;0
at_MarketplaceBooster_Vegavero (Marketplace Seller)_VEGAVERO Strong Bones;658283003;5.5.2026;cpc;0,51;;0;0;0;0;0;0;0;upmAP9MLM;4260557423301;0
com_CrossSellReRank_Vegavero (Marketplace Seller)_VEGAVERO Pro Bio Kulturenkomplex;643080114;5.5.2026;cpc;0,31;;1;0;0;0;0;0;0;14250976;4260557420034;0
SOLD_OUT_it_MarketplaceBooster_Vegavero (Marketplace Seller)_VEGAVERO Multivitaminico e Multiminerale;658334305;5.5.2026;cpc;0,51;;0;0;0;0;0;0;0;14251148;4260309482778;0
at_MarketplaceBooster_Vegavero (Marketplace Seller)_VEGAVERO Griffonia;658283007;5.5.2026;cpc;1,61;;0;0;0;0;0;0;0;upmG7RZLC;4260557423318;0
it_MarketplaceBooster_Vegavero (Marketplace Seller)_VEGAVERO Vitamina K2;658296232;5.5.2026;cpc;0,51;;0;0;0;0;0;0;0;upmFYFHAU;4260557423424;0
it_MarketplaceBooster_Vegavero (Marketplace Seller)_VEGAVERO Enotera;658296331;5.5.2026;cpc;1,01;;0;0;0;0;0;0;0;upm7DM474;4260557423448;0
it_MarketplaceBooster_Vegavero (Marketplace Seller)_VEGAVERO Party Hero;658331695;5.5.2026;cpc;0,51;;0;0;0;0;0;0;0;upmFACEA7;4260557423356;0
at_MarketplaceBooster_Vegavero (Marketplace Seller)_VEGAVERO Brennnessel BIO;625775256;5.5.2026;cpc;0,51;;0;0;0;0;0;0;0;upm9RX43T;4260557421031;0
it_CrossSellReRank_Vegavero (Marketplace Seller)_VEGAVERO Enotera;658296335;5.5.2026;cpc;0,61;;1;0;0;0;0;0;0;upm7DM474;4260557423448;0
it_CrossSellReRank_Vegavero (Marketplace Seller)_VEGAVERO Colina;649091299;5.5.2026;cpc;0,31;;0;0;0;0;0;0;0;upm97PFY9;4260557421826;0
com_CrossSellReRank_Vegavero (Marketplace Seller)_VEGAVERO Colon Care Complex;643084949;5.5.2026;cpc;0,31;;1;0;0;0;0;0;0;14250605;4260557420201;0
SOLD_OUT_at_CrossSellReRank_Vegavero (Marketplace Seller)_VEGAVERO Guggul;658280041;5.5.2026;cpc;0,31;;0;0;0;0;0;0;0;upmT99EZK;4260557421123;0
at_MarketplaceBooster_Vegavero (Marketplace Seller)_VEGAVERO Taurin Pulver;658283030;5.5.2026;cpc;0,51;;0;0;0;0;0;0;0;upmHULHZD;4260557423370;0
at_CrossSellReRank_Vegavero (Marketplace Seller)_VEGAVERO Shilajit Mumijo;658280062;5.5.2026;cpc;0,31;;0;0;0;0;0;0;0;upmR33A3P;4260557421406;0
it_MarketplaceBooster_Vegavero (Marketplace Seller)_VEGAVERO Colina Bitartrato;658296180;5.5.2026;cpc;0,51;;0;0;0;0;0;0;0;upmU9FP9M;4260557423325;0
com_MarketplaceBooster_Vegavero (Marketplace Seller)_VEGAVERO Strong Bones;658283044;5.5.2026;cpc;0,51;;0;0;0;0;0;0;0;upmAP9MLM;4260557423301;0
it_CrossSellReRank_Vegavero (Marketplace Seller)_VEGAVERO Chrom Plus;649145953;5.5.2026;cpc;0,31;;0;0;0;0;0;0;0;upmL7ZDD2;4260557422946;0
at_MarketplaceBooster_Vegavero (Marketplace Seller)_VEGAVERO Beta-Alanin Pulver;658283036;5.5.2026;cpc;1,01;;0;0;0;0;0;0;0;upmFKHFRA;4260557423431;0
at_MarketplaceBooster_Vegavero (Marketplace Seller)_VEGAVERO Brewers Yeast;658347642;5.5.2026;cpc;0,51;;0;0;0;0;0;0;0;upmKUKGHH;4260557423332;0
com_CrossSellReRank_Vegavero (Marketplace Seller)_VEGAVERO Apple Cider Vinegar Gummies;643140412;5.5.2026;cpc;0,31;;0;0;0;0;0;0;0;upmF2EYPK;4260557423172;0
it_MarketplaceBooster_Vegavero (Marketplace Seller)_VEGAVERO Creatina in Polvere;658331593;5.5.2026;cpc;0,51;;0;0;0;0;0;0;0;upmFRZEFX;4260557423226;0
at_MarketplaceBooster_Vegavero (Marketplace Seller)_VEGAVERO Glucosamin Plus;658295895;5.5.2026;cpc;0,51;;0;0;0;0;0;0;0;upmKWW3MD;4260557423349;0
at_CrossSellReRank_Vegavero (Marketplace Seller)_VEGAVERO Vitamin B12 Spray Cherry;643057333;5.5.2026;cpc;0,31;;0;0;0;0;0;0;0;14251102;4260557420027;0
at_CrossSellReRank_Vegavero (Marketplace Seller)_VEGAVERO MSM Pulver DOSE;658279976;5.5.2026;cpc;0,61;;1;0;0;0;0;0;0;upmTLUPGT;4260309483881;0
it_CrossSellReRank_Vegavero (Marketplace Seller)_VEGAVERO Youth Biotics;658445087;5.5.2026;cpc;0,61;;1;0;0;0;0;0;0;upmW7Y7DL;4260557423462;0
at_MarketplaceBooster_Vegavero (Marketplace Seller)_VEGAVERO Vitamin K2;658295902;5.5.2026;cpc;0,51;;0;0;0;0;0;0;0;upmFYFHAU;4260557423424;0
it_CrossSellReRank_Vegavero (Marketplace Seller)_VEGAVERO Taurina;658296231;5.5.2026;cpc;0,31;;3;0;0;0;0;0;0;upmHULHZD;4260557423370;0
com_MarketplaceBooster_Vegavero (Marketplace Seller)_VEGAVERO Cordyceps sinensis BIO;620541534;5.5.2026;cpc;0,51;;0;0;0;0;0;0;0;upmTG77MW;4260557422991;0
it_MarketplaceBooster_Vegavero (Marketplace Seller)_VEGAVERO Keto Power;658295962;5.5.2026;cpc;0,51;;0;0;0;0;0;0;0;upmP77L3M;4260557423288;0
at_MarketplaceBooster_Vegavero (Marketplace Seller)_VEGAVERO Nachtkerzen ?l;658283038;5.5.2026;cpc;1,01;;0;0;0;0;0;0;0;upm7DM474;4260557423448;0
at_CrossSellReRank_Vegavero (Marketplace Seller)_VEGAVERO Tribulus terrestris Extrakt;658279971;5.5.2026;cpc;0,31;;1;0;0;0;0;0;0;14251088;4260309481313;0
it_CrossSellReRank_Vegavero (Marketplace Seller)_VEGAVERO Mushroom Mix Complex;649102044;6.5.2026;cpc;0,31;;302;0;0;0;0;0;0;upm4XDXPR;4260557422045;0
it_CrossSellReRank_Vegavero (Marketplace Seller)_VEGAVERO Ashwagandha BIO;649076814;6.5.2026;cpc;0,31;;240;0;0;0;0;0;0;upmUPLLZH;4260557420676;0
it_MarketplaceBooster_Vegavero (Marketplace Seller)_VEGAVERO Omega 3;626451248;6.5.2026;cpc;0,81;;220;7;3,181818;0;5,67;0;0;upm9KDWAZ;4260557421383;0,81
it_CrossSellReRank_Vegavero (Marketplace Seller)_VEGAVERO Omega 3;658752940;6.5.2026;cpc;0,81;;237;1;0,469484;0;0,81;0;0;upm9KDWAZ;4260557421383;0,81
it_CrossSellReRank_Vegavero (Marketplace Seller)_VEGAVERO Astaxantina BIO;649155147;6.5.2026;cpc;0,61;;199;0;0;0;0;0;0;upm7GZX42;4260557423165;0
it_MarketplaceBooster_Vegavero (Marketplace Seller)_VEGAVERO Magnesio Complex;620566101;6.5.2026;cpc;0,51;;188;10;5,319149;0;5,1;0;0;upmUZUHTT;4260557421888;0,51
it_MarketplaceBooster_Vegavero (Marketplace Seller)_VEGAVERO Vitamina D3 + K2;641650859;6.5.2026;cpc;1,21;;152;1;0,657895;0;1,21;0;0;upm7FHKKZ;4260557421437;1,21
it_CrossSellReRank_Vegavero (Marketplace Seller)_VEGAVERO Prosta-X;658381379;6.5.2026;cpc;0,61;1;163;3;1,986755;33,333333;1,83;24,99;1365,57377;upmKYYZM4;4260557423486;0,61
at_CrossSellReRank_Vegavero (Marketplace Seller)_VEGAVERO Beta Carotin;643057199;6.5.2026;cpc;0,31;;151;2;1,388889;0;0,62;0;0;14250551;4260309484208;0,31
SOLD_OUT_it_MarketplaceBooster_Vegavero (Marketplace Seller)_VEGAVERO Collagene Vegano + Acido Ialuronico;658334348;6.5.2026;cpc;1,21;;140;2;1,428571;0;2,42;0;0;upmK3CG99;4260557422656;1,21
it_MarketplaceBooster_Vegavero (Marketplace Seller)_VEGAVERO Olio di Semi di Chia;641627926;6.5.2026;cpc;0,51;;136;2;1,470588;0;1,02;0;0;upmK7YWLD;4260557422649;0,51
it_CrossSellReRank_Vegavero (Marketplace Seller)_VEGAVERO Venaflux Complex;649103716;6.5.2026;cpc;0,31;;141;1;0,746269;0;0,31;0;0;upmKY422A;4260557422212;0,31
at_MarketplaceBooster_Vegavero (Marketplace Seller)_VEGAVERO Omega-3 ?l;625779008;6.5.2026;cpc;1,71;;134;1;0,763359;0;1,71;0;0;upm9KDWAZ;4260557421383;1,71
it_CrossSellReRank_Vegavero (Marketplace Seller)_VEGAVERO Magnesio Complex;649091773;6.5.2026;cpc;0,31;;143;1;0,775194;0;0,31;0;0;upmUZUHTT;4260557421888;0,31
it_MarketplaceBooster_Vegavero (Marketplace Seller)_VEGAVERO Vitamina D3 + K2;649145075;6.5.2026;cpc;0,91;;110;2;1,818182;0;1,82;0;0;upmKAXT9Y;4260557422915;0,91
it_CrossSellReRank_Vegavero (Marketplace Seller)_VEGAVERO Light Legs Complex;658381503;6.5.2026;cpc;0,31;;118;1;0,909091;0;0,31;0;0;upmD7EWMP;4260557420454;0,31
it_CrossSellReRank_Vegavero (Marketplace Seller)_VEGAVERO Vitamina B12 Spray;658334267;6.5.2026;cpc;0,31;;111;0;0;0;0;0;0;14251102;4260557420027;0
at_MarketplaceBooster_Vegavero (Marketplace Seller)_VEGAVERO Vitamin D3 und K2 ?l;658280064;6.5.2026;cpc;1,31;;105;4;3,846154;0;5,24;0;0;upm7FHKKZ;4260557421437;1,31
at_MarketplaceBooster_Vegavero (Marketplace Seller)_VEGAVERO Myo-Inositol Complex;625786532;6.5.2026;cpc;1,01;;98;4;4,123711;0;4,04;0;0;upm7PGM77;4260557421765;1,01
it_MarketplaceBooster_Vegavero (Marketplace Seller)_VEGAVERO Riso Rosso Plus;641644118;6.5.2026;cpc;0,51;;96;1;1,041667;0;0,51;0;0;upmDFWTTT;4260557423110;0,51
it_MarketplaceBooster_Vegavero (Marketplace Seller)_VEGAVERO Ferro;658331730;6.5.2026;cpc;0,51;;96;0;0;0;0;0;0;14250692;4260309483065;0
SOLD_OUT_it_MarketplaceBooster_Vegavero (Marketplace Seller)_VEGAVERO L-Tirosina Plus;649142984;6.5.2026;cpc;0,51;;94;1;1,06383;0;0,51;0;0;upm2FC2LC;4260557422885;0,51
at_CrossSellReRank_Vegavero (Marketplace Seller)_VEGAVERO Female Balance Complex;658280004;6.5.2026;cpc;0,91;;106;5;5,319149;0;4,55;0;0;upmUX2FW3;4260557420638;0,91
com_MarketplaceBooster_Vegavero (Marketplace Seller)_VEGAVERO Magnesium Bisglycinat;617842637;6.5.2026;cpc;2,11;;94;0;0;0;0;0;0;upmX4LT4H;4260557423257;0
it_MarketplaceBooster_Vegavero (Marketplace Seller)_VEGAVERO Prosta-X;658381378;6.5.2026;cpc;1,01;1;92;3;3,26087;33,333333;3,03;24,99;824,752475;upmKYYZM4;4260557423486;1,01
com_CrossSellReRank_Vegavero (Marketplace Seller)_VEGAVERO Lecithin BIO;643093526;6.5.2026;cpc;0,61;;110;2;2,222222;0;1,22;0;0;upm2HFKPC;4260557422021;0,61
it_CrossSellReRank_Vegavero (Marketplace Seller)_VEGAVERO Cordyceps;658334303;6.5.2026;cpc;0,31;;93;0;0;0;0;0;0;14250611;4260309483218;0
SOLD_OUT_it_MarketplaceBooster_Vegavero (Marketplace Seller)_VEGAVERO Betacarotene Plus;641622772;6.5.2026;cpc;0,51;;86;2;2,325581;0;1,02;0;0;upmGPMUEM;4260557422427;0,51
it_CrossSellReRank_Vegavero (Marketplace Seller)_VEGAVERO Glicina in Polvere;658296353;6.5.2026;cpc;0,31;;94;1;1,190476;0;0,31;0;0;upmTGWG29;4260557423479;0,31
it_MarketplaceBooster_Vegavero (Marketplace Seller)_VEGAVERO Bromelina;620571075;6.5.2026;cpc;0,51;;83;1;1,204819;0;0,51;0;0;upm43HM34;4260557421130;0,51
at_CrossSellReRank_Vegavero (Marketplace Seller)_VEGAVERO Schwarzk?mmel?l BIO;658280057;6.5.2026;cpc;0,61;;97;0;0;0;0;0;0;upmEUZ9F7;4260557421376;0
com_MarketplaceBooster_Vegavero (Marketplace Seller)_VEGAVERO Female Balance Complex;629496626;6.5.2026;cpc;1,21;;81;5;6,17284;0;6,05;0;0;upmUX2FW3;4260557420638;1,21
at_CrossSellReRank_Vegavero (Marketplace Seller)_VEGAVERO Elektrolyte Plus;658280160;6.5.2026;cpc;0,31;;83;0;0;0;0;0;0;upmD23XCL;4260557422823;0
com_MarketplaceBooster_Vegavero (Marketplace Seller)_VEGAVERO Drenaflux Complex;629500801;6.5.2026;cpc;1,01;2;78;2;2,564103;100;2,02;43,8;2168,316832;upm2XGYDU;4260557422489;1,01
com_MarketplaceBooster_Vegavero (Marketplace Seller)_VEGAVERO Rhodiola rosea Extrakt;619660946;6.5.2026;cpc;1,01;;75;3;4;0;3,03;0;0;14251036;4260557420102;1,01
it_CrossSellReRank_Vegavero (Marketplace Seller)_VEGAVERO Female Balance Complex;658381499;6.5.2026;cpc;0,31;;84;0;0;0;0;0;0;upmUX2FW3;4260557420638;0
at_MarketplaceBooster_Vegavero (Marketplace Seller)_VEGAVERO Schwarzk?mmel?l BIO;625778996;6.5.2026;cpc;0,81;;75;1;1,351351;0;0,81;0;0;upmEUZ9F7;4260557421376;0,81
com_MarketplaceBooster_Vegavero (Marketplace Seller)_VEGAVERO Myo-Inositol Complex;658295457;6.5.2026;cpc;1,71;;72;2;2,777778;0;3,42;0;0;upm7PGM77;4260557421765;1,71
it_CrossSellReRank_Vegavero (Marketplace Seller)_VEGAVERO Maca Nera Plus;649149549;6.5.2026;cpc;0,81;;82;0;0;0;0;0;0;upmG4PKUG;4260557423042;0
it_CrossSellReRank_Vegavero (Marketplace Seller)_VEGAVERO Astaxantina;649092862;6.5.2026;cpc;0,41;;79;0;0;0;0;0;0;upmYPTY2W;4260557421925;0
com_MarketplaceBooster_Vegavero (Marketplace Seller)_VEGAVERO Papaya BIO;620527447;6.5.2026;cpc;0,51;;69;1;1,449275;0;0,51;0;0;upm9HWLUD;4260557421055;0,51
it_CrossSellReRank_Vegavero (Marketplace Seller)_VEGAVERO Sun Care Complex;649077192;6.5.2026;cpc;0,31;;72;0;0;0;0;0;0;upm7C9XR2;4260557420836;0
it_MarketplaceBooster_Vegavero (Marketplace Seller)_VEGAVERO Cumino Nero BIO;658352477;6.5.2026;cpc;0,51;;68;1;1,470588;0;0,51;0;0;upmEUZ9F7;4260557421376;0,51
it_MarketplaceBooster_Vegavero (Marketplace Seller)_VEGAVERO Vitamina B12 Spray;658334266;6.5.2026;cpc;0,51;;68;0;0;0;0;0;0;14251102;4260557420027;0
SOLD_OUT_com_MarketplaceBooster_Vegavero (Marketplace Seller)_VEGAVERO Beta Carotin Plus ?l;620501456;6.5.2026;cpc;0,51;;67;2;2,985075;0;1,02;0;0;upmGPMUEM;4260557422427;0,51
SOLD_OUT_it_MarketplaceBooster_Vegavero (Marketplace Seller)_VEGAVERO Probiotici e Prebiotici Bambini;658445101;6.5.2026;cpc;1,01;;65;0;0;0;0;0;0;14250953;4260557420249;0
com_MarketplaceBooster_Vegavero (Marketplace Seller)_VEGAVERO Vegan Essentials Complex;627592060;6.5.2026;cpc;0,51;;65;1;1,538462;0;0,51;0;0;upmHHT433;4260557421390;0,51
com_CrossSellReRank_Vegavero (Marketplace Seller)_VEGAVERO Rhodiola rosea Extrakt;643082833;6.5.2026;cpc;0,31;;65;0;0;0;0;0;0;14251036;4260557420102;0
SOLD_OUT_it_CrossSellReRank_Vegavero (Marketplace Seller)_VEGAVERO L-Tirosina Plus;649143283;6.5.2026;cpc;0,31;;70;0;0;0;0;0;0;upm2FC2LC;4260557422885;0
com_MarketplaceBooster_Vegavero (Marketplace Seller)_VEGAVERO Schwarzk?mmel?l BIO;658295946;6.5.2026;cpc;0,91;;62;0;0;0;0;0;0;upmEUZ9F7;4260557421376;0
SOLD_OUT_it_CrossSellReRank_Vegavero (Marketplace Seller)_VEGAVERO Betacarotene Plus;649106236;6.5.2026;cpc;0,31;;72;1;1,612903;0;0,31;0;0;upmGPMUEM;4260557422427;0,31
it_MarketplaceBooster_Vegavero (Marketplace Seller)_VEGAVERO Griffonia Plus;641628925;6.5.2026;cpc;0,51;;62;3;4,83871;0;1,53;0;0;upmHCULGA;4260557422755;0,51
at_MarketplaceBooster_Vegavero (Marketplace Seller)_VEGAVERO Multivitamin Spray Junior;625777201;6.5.2026;cpc;0,51;;62;0;0;0;0;0;0;upm9ZTF3H;4260557421178;0
com_MarketplaceBooster_Vegavero (Marketplace Seller)_VEGAVERO Omega-3 ?l;620545279;6.5.2026;cpc;1,71;;61;1;1,639344;0;1,71;0;0;upm9KDWAZ;4260557421383;1,71
com_MarketplaceBooster_Vegavero (Marketplace Seller)_VEGAVERO Vitamin B12 Spray Cherry;629516457;6.5.2026;cpc;0,51;;61;0;0;0;0;0;0;14251102;4260557420027;0
it_CrossSellReRank_Vegavero (Marketplace Seller)_VEGAVERO Reishi;658296413;6.5.2026;cpc;0,31;;65;0;0;0;0;0;0;14251013;4260309481665;0
com_MarketplaceBooster_Vegavero (Marketplace Seller)_VEGAVERO Natural Jod BIO;619661620;6.5.2026;cpc;0,51;;61;0;0;0;0;0;0;14250769;4260557420256;0
it_CrossSellReRank_Vegavero (Marketplace Seller)_VEGAVERO Cysti-Aid Complex;649102998;6.5.2026;cpc;0,31;;63;0;0;0;0;0;0;upmTZFCGA;4260557422199;0
at_MarketplaceBooster_Vegavero (Marketplace Seller)_VEGAVERO Prostaid Complex;658727261;6.5.2026;cpc;1,31;;59;2;3,389831;0;2,62;0;0;upmCEE43U;4260557420515;1,31
it_MarketplaceBooster_Vegavero (Marketplace Seller)_VEGAVERO Ashwagandha BIO;620566536;6.5.2026;cpc;0,51;;59;1;1,694915;0;0,51;0;0;upmUPLLZH;4260557420676;0,51
SOLD_OUT_at_MarketplaceBooster_Vegavero (Marketplace Seller)_VEGAVERO Beta Carotin Plus ?l;620605197;6.5.2026;cpc;0,51;;59;2;3,389831;0;1,02;0;0;upmGPMUEM;4260557422427;0,51
SOLD_OUT_it_CrossSellReRank_Vegavero (Marketplace Seller)_VEGAVERO Collagene Vegano + Acido Ialuronico;658334350;6.5.2026;cpc;0,81;;68;0;0;0;0;0;0;upmK3CG99;4260557422656;0
it_MarketplaceBooster_Vegavero (Marketplace Seller)_VEGAVERO Venaflux Complex;649103715;6.5.2026;cpc;0,51;;57;2;3,508772;0;1,02;0;0;upmKY422A;4260557422212;0,51
SOLD_OUT_at_MarketplaceBooster_Vegavero (Marketplace Seller)_VEGAVERO Vegan Collagen+Hyaluronic Acid;658347622;6.5.2026;cpc;1,41;;57;0;0;0;0;0;0;upmK3CG99;4260557422656;0
com_MarketplaceBooster_Vegavero (Marketplace Seller)_VEGAVERO Vitamin D3+K2 Tropfen;620538813;6.5.2026;cpc;1,51;;57;2;3,508772;0;3,02;0;0;upmKAXT9Y;4260557422915;1,51
com_MarketplaceBooster_Vegavero (Marketplace Seller)_VEGAVERO Female Harmony Complex;629496627;6.5.2026;cpc;0,51;;55;1;1,818182;0;0,51;0;0;upmUFEEWW;4260557420300;0,51
at_MarketplaceBooster_Vegavero (Marketplace Seller)_VEGAVERO Vitamin D3+K2 Tropfen;626442372;6.5.2026;cpc;1,51;;56;0;0;0;0;0;0;upmKAXT9Y;4260557422915;0
at_MarketplaceBooster_Vegavero (Marketplace Seller)_VEGAVERO Glucosamin Complex;620608017;6.5.2026;cpc;0,51;;54;0;0;0;0;0;0;upmTYL3Y7;4260557420737;0
it_CrossSellReRank_Vegavero (Marketplace Seller)_VEGAVERO Magnesio Bisglicinato;649159286;6.5.2026;cpc;1,31;;64;0;0;0;0;0;0;upmX4LT4H;4260557423257;0
it_MarketplaceBooster_Vegavero (Marketplace Seller)_VEGAVERO Artiglio del Diavolo Plus;620572756;6.5.2026;cpc;0,51;;53;1;1,886792;0;0,51;0;0;upmD3U322;4260557421192;0,51
com_CrossSellReRank_Vegavero (Marketplace Seller)_VEGAVERO Teufelskralle Plus;643090107;6.5.2026;cpc;0,31;;58;1;1,886792;0;0,31;0;0;upmD3U322;4260557421192;0,31
it_CrossSellReRank_Vegavero (Marketplace Seller)_VEGAVERO Rhodiola Rosea;658445094;6.5.2026;cpc;0,31;;62;0;0;0;0;0;0;14251036;4260557420102;0
it_MarketplaceBooster_Vegavero (Marketplace Seller)_VEGAVERO Betacarotene;653864224;6.5.2026;cpc;0,51;;52;2;3,846154;0;1,02;0;0;14250551;4260309484208;0,51
it_CrossSellReRank_Vegavero (Marketplace Seller)_VEGAVERO Quercetina Complex;658381384;6.5.2026;cpc;0,31;;56;0;0;0;0;0;0;upmF2AFXC;4260557423509;0
SOLD_OUT_it_MarketplaceBooster_Vegavero (Marketplace Seller)_VEGAVERO Vitamina B12 gocce;641629767;6.5.2026;cpc;0,51;;51;0;0;0;0;0;0;upmYRCT9P;4260557422908;0
it_MarketplaceBooster_Vegavero (Marketplace Seller)_VEGAVERO Glucosamin Complex;620567054;6.5.2026;cpc;0,51;;51;2;3,921569;0;1,02;0;0;upmTYL3Y7;4260557420737;0,51
at_MarketplaceBooster_Vegavero (Marketplace Seller)_VEGAVERO D-Mannose Complex;620609091;6.5.2026;cpc;0,51;;50;0;0;0;0;0;0;14250640;4260309482747;0
it_MarketplaceBooster_Vegavero (Marketplace Seller)_VEGAVERO Igname Selvatico +  Zinco;658353187;6.5.2026;cpc;0,51;;50;2;4;0;1,02;0;0;14251183;4260309481672;0,51
it_CrossSellReRank_Vegavero (Marketplace Seller)_VEGAVERO Cardo Mariano;658352468;6.5.2026;cpc;0,31;;54;0;0;0;0;0;0;upmGMGWYP;4260309481979;0
it_CrossSellReRank_Vegavero (Marketplace Seller)_VEGAVERO Betacarotene;653866107;6.5.2026;cpc;0,31;;55;1;2;0;0,31;0;0;14250551;4260309484208;0,31
at_CrossSellReRank_Vegavero (Marketplace Seller)_VEGAVERO Vitamin D3+K2 Tropfen;658280177;6.5.2026;cpc;1,41;;57;1;2;0;1,41;0;0;upmKAXT9Y;4260557422915;1,41
it_MarketplaceBooster_Vegavero (Marketplace Seller)_VEGAVERO Moringa BIO;658388273;6.5.2026;cpc;0,71;;49;1;2,040816;0;0,71;0;0;14250893;4260309481115;0,71
it_MarketplaceBooster_Vegavero (Marketplace Seller)_VEGAVERO Sun Care Complex;649077191;6.5.2026;cpc;0,51;;49;1;2,040816;0;0,51;0;0;upm7C9XR2;4260557420836;0,51
at_MarketplaceBooster_Vegavero (Marketplace Seller)_VEGAVERO Oregano ?l BIO;658280076;6.5.2026;cpc;0,51;;49;5;10,204082;0;2,55;0;0;upmYCXAL7;4260557421932;0,51
it_MarketplaceBooster_Vegavero (Marketplace Seller)_VEGAVERO Vitamina C Liposomiale;620566158;6.5.2026;cpc;0,81;;48;6;12,5;0;4,86;0;0;upm77WEEP;4260557422786;0,81
it_CrossSellReRank_Vegavero (Marketplace Seller)_VEGAVERO Myo-Inositol Complex;658353200;6.5.2026;cpc;0,61;;54;1;2,083333;0;0,61;0;0;upm7PGM77;4260557421765;0,61
com_MarketplaceBooster_Vegavero (Marketplace Seller)_VEGAVERO Liver Active Complex;619661159;6.5.2026;cpc;0,51;;47;1;2,12766;0;0,51;0;0;14250812;4260557420188;0,51
it_MarketplaceBooster_Vegavero (Marketplace Seller)_VEGAVERO Female Balance Complex;658381497;6.5.2026;cpc;0,51;;47;2;4,255319;0;1,02;0;0;upmUX2FW3;4260557420638;0,51
it_MarketplaceBooster_Vegavero (Marketplace Seller)_VEGAVERO Maca Nera Plus;641623120;6.5.2026;cpc;1,01;;46;2;4,347826;0;2,02;0;0;upmG4PKUG;4260557423042;1,01
com_MarketplaceBooster_Vegavero (Marketplace Seller)_VEGAVERO Cholin Trio;618496729;6.5.2026;cpc;1,01;;46;0;0;0;0;0;0;upm97PFY9;4260557421826;0
com_CrossSellReRank_Vegavero (Marketplace Seller)_VEGAVERO Nachtkerzen ?l;658291480;6.5.2026;cpc;0,61;;56;0;0;0;0;0;0;upm7DM474;4260557423448;0
at_MarketplaceBooster_Vegavero (Marketplace Seller)_VEGAVERO Beta Carotin;620605193;6.5.2026;cpc;1,01;;45;2;4,444444;0;2,02;0;0;14250551;4260309484208;1,01
com_MarketplaceBooster_Vegavero (Marketplace Seller)_VEGAVERO Teufelskralle Plus;619697372;6.5.2026;cpc;0,51;;44;2;4,545455;0;1,02;0;0;upmD3U322;4260557421192;0,51
com_CrossSellReRank_Vegavero (Marketplace Seller)_VEGAVERO Drenaflux Complex;643094174;6.5.2026;cpc;0,31;;51;0;0;0;0;0;0;upm2XGYDU;4260557422489;0
com_CrossSellReRank_Vegavero (Marketplace Seller)_VEGAVERO Female Balance Complex;643085982;6.5.2026;cpc;0,71;;47;0;0;0;0;0;0;upmUX2FW3;4260557420638;0
com_MarketplaceBooster_Vegavero (Marketplace Seller)_VEGAVERO Beta Carotin;620501440;6.5.2026;cpc;1,01;1;44;0;0;0;0;20,9;0;14250551;4260309484208;0
it_CrossSellReRank_Vegavero (Marketplace Seller)_VEGAVERO Spirulina BIO +  Clorella BIO;658331804;6.5.2026;cpc;0,31;;48;0;0;0;0;0;0;14250597;4260309484185;0
com_CrossSellReRank_Vegavero (Marketplace Seller)_VEGAVERO Cholin Trio;643092529;6.5.2026;cpc;0,31;;48;2;4,761905;0;0,62;0;0;upm97PFY9;4260557421826;0,31
it_MarketplaceBooster_Vegavero (Marketplace Seller)_VEGAVERO Cardo Mariano Plus;641649766;6.5.2026;cpc;0,51;;42;0;0;0;0;0;0;upmR9H2HU;4260557422892;0
com_MarketplaceBooster_Vegavero (Marketplace Seller)_VEGAVERO D-Mannose Complex;619660802;6.5.2026;cpc;1,51;;41;0;0;0;0;0;0;14250640;4260309482747;0
com_MarketplaceBooster_Vegavero (Marketplace Seller)_VEGAVERO Multivitamin Spray Junior;649171519;6.5.2026;cpc;0,51;;42;0;0;0;0;0;0;upm9ZTF3H;4260557421178;0
at_CrossSellReRank_Vegavero (Marketplace Seller)_VEGAVERO Omega-3 ?l;658280058;6.5.2026;cpc;1,31;;46;0;0;0;0;0;0;upm9KDWAZ;4260557421383;0
com_MarketplaceBooster_Vegavero (Marketplace Seller)_VEGAVERO Colon Care Complex;627014864;6.5.2026;cpc;0,51;;41;1;2,439024;0;0,51;0;0;14250605;4260557420201;0,51
at_MarketplaceBooster_Vegavero (Marketplace Seller)_VEGAVERO Leinsamen?l BIO;658280092;6.5.2026;cpc;0,51;;40;1;2,5;0;0,51;0;0;upmKU4FAU;4260557422038;0,51
SOLD_OUT_com_CrossSellReRank_Vegavero (Marketplace Seller)_VEGAVERO Beta Carotin Plus ?l;643094141;6.5.2026;cpc;0,31;;42;1;2,5;0;0,31;0;0;upmGPMUEM;4260557422427;0,31
it_MarketplaceBooster_Vegavero (Marketplace Seller)_VEGAVERO Elettroliti Complex;641629249;6.5.2026;cpc;0,51;;40;3;7,5;0;1,53;0;0;upmD23XCL;4260557422823;0,51
com_MarketplaceBooster_Vegavero (Marketplace Seller)_VEGAVERO Bockshornklee BIO;620539867;6.5.2026;cpc;0,51;;40;0;0;0;0;0;0;upm7AL3PG;4260557422977;0
it_CrossSellReRank_Vegavero (Marketplace Seller)_VEGAVERO Vitamina D3 + K2;649145192;6.5.2026;cpc;1,11;;44;0;0;0;0;0;0;upmKAXT9Y;4260557422915;0
SOLD_OUT_at_CrossSellReRank_Vegavero (Marketplace Seller)_VEGAVERO Beta Carotin Plus ?l;658280127;6.5.2026;cpc;0,31;;39;0;0;0;0;0;0;upmGPMUEM;4260557422427;0
it_CrossSellReRank_Vegavero (Marketplace Seller)_VEGAVERO Probiotici e Prebiotici BIO;658296371;6.5.2026;cpc;0,31;;47;0;0;0;0;0;0;14250976;4260557420034;0
it_MarketplaceBooster_Vegavero (Marketplace Seller)_VEGAVERO Light Legs Complex;658381501;6.5.2026;cpc;0,51;;38;3;7,894737;0;1,53;0;0;upmD7EWMP;4260557420454;0,51
com_MarketplaceBooster_Vegavero (Marketplace Seller)_VEGAVERO Leinsamen?l BIO;629497213;6.5.2026;cpc;0,51;;38;0;0;0;0;0;0;upmKU4FAU;4260557422038;0
at_MarketplaceBooster_Vegavero (Marketplace Seller)_VEGAVERO Colon Care Complex;625767929;6.5.2026;cpc;0,51;;38;1;2,631579;0;0,51;0;0;14250605;4260557420201;0,51
it_MarketplaceBooster_Vegavero (Marketplace Seller)_VEGAVERO Myo-Inositol Complex;658353199;6.5.2026;cpc;1,51;;37;2;5,405405;0;3,02;0;0;upm7PGM77;4260557421765;1,51
it_CrossSellReRank_Vegavero (Marketplace Seller)_VEGAVERO Biancospino BIO;649076903;6.5.2026;cpc;0,31;;40;0;0;0;0;0;0;upmXW7KXD;4260557420720;0
it_CrossSellReRank_Vegavero (Marketplace Seller)_VEGAVERO Serenity Complex;649145562;6.5.2026;cpc;0,31;;43;0;0;0;0;0;0;upmZFGPHR;4260557422830;0
com_MarketplaceBooster_Vegavero (Marketplace Seller)_VEGAVERO MSM Pulver;620565741;6.5.2026;cpc;1,21;;36;2;5,555556;0;2,42;0;0;upmWCKTTE;4260309481214;1,21
com_MarketplaceBooster_Vegavero (Marketplace Seller)_VEGAVERO Astaxanthin ?l;619716956;6.5.2026;cpc;0,51;;36;1;2,777778;0;0,51;0;0;upmYPTY2W;4260557421925;0,51
at_CrossSellReRank_Vegavero (Marketplace Seller)_VEGAVERO Sun Care Complex;658280012;6.5.2026;cpc;0,31;;36;0;0;0;0;0;0;upm7C9XR2;4260557420836;0
at_MarketplaceBooster_Vegavero (Marketplace Seller)_VEGAVERO Elektrolyte Plus;620596596;6.5.2026;cpc;0,51;;35;2;5,714286;0;1,02;0;0;upmD23XCL;4260557422823;0,51
com_MarketplaceBooster_Vegavero (Marketplace Seller)_VEGAVERO Vitamin D3 und K2 ?l;652853552;6.5.2026;cpc;1,31;;35;1;2,857143;0;1,31;0;0;upm7FHKKZ;4260557421437;1,31
SOLD_OUT_com_MarketplaceBooster_Vegavero (Marketplace Seller)_VEGAVERO Vegan Collagen+Hyaluronic Acid;620530762;6.5.2026;cpc;1,51;;35;0;0;0;0;0;0;upmK3CG99;4260557422656;0
com_CrossSellReRank_Vegavero (Marketplace Seller)_VEGAVERO Rosskastanie Plus BIO;643090783;6.5.2026;cpc;0,41;;38;1;2,857143;0;0,41;0;0;upmUR4ZK4;4260557421239;0,41
at_CrossSellReRank_Vegavero (Marketplace Seller)_VEGAVERO Female Harmony Complex;658279992;6.5.2026;cpc;0,31;;36;2;5,882353;0;0,62;0;0;upmUFEEWW;4260557420300;0,31
at_MarketplaceBooster_Vegavero (Marketplace Seller)_VEGAVERO Roter Reis Plus;626443344;6.5.2026;cpc;0,51;;34;1;2,941176;0;0,51;0;0;upmDFWTTT;4260557423110;0,51
com_CrossSellReRank_Vegavero (Marketplace Seller)_VEGAVERO Cholin Bitartrat;658347159;6.5.2026;cpc;0,31;;38;0;0;0;0;0;0;upmU9FP9M;4260557423325;0
at_MarketplaceBooster_Vegavero (Marketplace Seller)_VEGAVERO Pro Bio Kulturenkomplex;620609408;6.5.2026;cpc;0,51;;33;0;0;0;0;0;0;14250976;4260557420034;0
com_CrossSellReRank_Vegavero (Marketplace Seller)_VEGAVERO Beifu? Extrakt;643093976;6.5.2026;cpc;0,31;;33;0;0;0;0;0;0;upmWMGCRY;4260557422090;0
com_MarketplaceBooster_Vegavero (Marketplace Seller)_VEGAVERO Eisen Bisglycinat;620565118;6.5.2026;cpc;0,51;;33;2;6,060606;0;1,02;0;0;14250692;4260309483065;0,51
com_CrossSellReRank_Vegavero (Marketplace Seller)_VEGAVERO Venaflux Complex;643093981;6.5.2026;cpc;1,41;;36;0;0;0;0;0;0;upmKY422A;4260557422212;0
at_MarketplaceBooster_Vegavero (Marketplace Seller)_VEGAVERO D-Mannose Pulver;620609056;6.5.2026;cpc;0,51;;33;0;0;0;0;0;0;14250686;4260309481603;0
SOLD_OUT_com_MarketplaceBooster_Vegavero (Marketplace Seller)_VEGAVERO Pro Bio Kids BIO;618496726;6.5.2026;cpc;0,51;;33;1;3,030303;0;0,51;0;0;14250953;4260557420249;0,51
com_MarketplaceBooster_Vegavero (Marketplace Seller)_VEGAVERO BIO Astaxanthin ?l;618496738;6.5.2026;cpc;1,41;;32;1;3,125;0;1,41;0;0;upm7GZX42;4260557423165;1,41
at_CrossSellReRank_Vegavero (Marketplace Seller)_VEGAVERO Oregano ?l BIO;658280077;6.5.2026;cpc;0,31;;35;1;3,125;0;0,31;0;0;upmYCXAL7;4260557421932;0,31
it_CrossSellReRank_Vegavero (Marketplace Seller)_VEGAVERO Vitamina C Naturale BIO;649076562;6.5.2026;cpc;1,31;;35;1;3,125;0;1,31;0;0;upmFY9KW9;4260557420331;1,31
SOLD_OUT_com_MarketplaceBooster_Vegavero (Marketplace Seller)_VEGAVERO Taurin Plus;620551671;6.5.2026;cpc;0,51;;32;1;3,125;0;0,51;0;0;upmXXW9XA;4260557423059;0,51
it_CrossSellReRank_Vegavero (Marketplace Seller)_VEGAVERO Ippocastano BIO Plus;649084572;6.5.2026;cpc;0,31;;34;0;0;0;0;0;0;upmUR4ZK4;4260557421239;0
it_MarketplaceBooster_Vegavero (Marketplace Seller)_VEGAVERO Probiotici e Prebiotici BIO;658296369;6.5.2026;cpc;0,51;;32;2;6,25;0;1,02;0;0;14250976;4260557420034;0,51
at_MarketplaceBooster_Vegavero (Marketplace Seller)_VEGAVERO Vegan Essentials Complex;620605288;6.5.2026;cpc;0,51;1;31;2;6,451613;50;1,02;21,9;2147,058824;upmHHT433;4260557421390;0,51
com_MarketplaceBooster_Vegavero (Marketplace Seller)_VEGAVERO Mariendistel Plus;652868156;6.5.2026;cpc;1,01;;31;1;3,225806;0;1,01;0;0;upmR9H2HU;4260557422892;1,01
it_CrossSellReRank_Vegavero (Marketplace Seller)_VEGAVERO Moringa BIO;658388299;6.5.2026;cpc;0,31;;38;0;0;0;0;0;0;14250893;4260309481115;0
SOLD_OUT_it_CrossSellReRank_Vegavero (Marketplace Seller)_VEGAVERO Tribulus Terrestris;658296416;6.5.2026;cpc;0,31;;34;0;0;0;0;0;0;14251088;4260309481313;0
com_CrossSellReRank_Vegavero (Marketplace Seller)_VEGAVERO Magnesium Bisglycinat;643231145;6.5.2026;cpc;1,41;;32;1;3,333333;0;1,41;0;0;upmX4LT4H;4260557423257;1,41
com_MarketplaceBooster_Vegavero (Marketplace Seller)_VEGAVERO OPC Trio;620554337;6.5.2026;cpc;0,51;1;30;1;3,333333;100;0,51;25,9;5078,431373;upmWFGGMG;4260557423097;0,51
it_MarketplaceBooster_Vegavero (Marketplace Seller)_VEGAVERO Vitamina D3 + K2;641650857;6.5.2026;cpc;0,51;;30;2;6,666667;0;1,02;0;0;upmKAXT9Y;4260557422915;0,51
at_CrossSellReRank_Vegavero (Marketplace Seller)_VEGAVERO Lecithin BIO;658280090;6.5.2026;cpc;0,71;;32;0;0;0;0;0;0;upm2HFKPC;4260557422021;0
SOLD_OUT_com_CrossSellReRank_Vegavero (Marketplace Seller)_VEGAVERO L-Tyrosin Plus;643130826;6.5.2026;cpc;1,01;;40;0;0;0;0;0;0;upm2FC2LC;4260557422885;0
it_CrossSellReRank_Vegavero (Marketplace Seller)_VEGAVERO Ginseng Rosso Coreano;649076431;6.5.2026;cpc;0,31;;39;0;0;0;0;0;0;upm2CZXC9;4260557420140;0
com_MarketplaceBooster_Vegavero (Marketplace Seller)_VEGAVERO Nachtkerzen und Borretsch?l BIO;619715142;6.5.2026;cpc;0,51;;29;0;0;0;0;0;0;upm7KTFPH;4260557421420;0
at_CrossSellReRank_Vegavero (Marketplace Seller)_VEGAVERO Beifu? Extrakt;658280102;6.5.2026;cpc;0,41;;32;1;3,448276;0;0,41;0;0;upmWMGCRY;4260557422090;0,41
at_MarketplaceBooster_Vegavero (Marketplace Seller)_VEGAVERO Magnesium Bisglycinat;620592111;6.5.2026;cpc;1,71;;29;1;3,448276;0;1,71;0;0;upmX4LT4H;4260557423257;1,71
at_CrossSellReRank_Vegavero (Marketplace Seller)_VEGAVERO Eisen Bisglycinat;643050566;6.5.2026;cpc;0,31;;33;0;0;0;0;0;0;14250692;4260309483065;0
at_MarketplaceBooster_Vegavero (Marketplace Seller)_VEGAVERO Glycin Pulver;658280142;6.5.2026;cpc;0,51;;28;0;0;0;0;0;0;upmR9H4DE;4260557422595;0
it_CrossSellReRank_Vegavero (Marketplace Seller)_VEGAVERO Liver Active Complex;658445100;6.5.2026;cpc;0,31;;31;0;0;0;0;0;0;14250812;4260557420188;0
SOLD_OUT_at_MarketplaceBooster_Vegavero (Marketplace Seller)_VEGAVERO Pro Bio Kids BIO;620610302;6.5.2026;cpc;0,51;;27;1;3,703704;0;0,51;0;0;14250953;4260557420249;0,51
com_MarketplaceBooster_Vegavero (Marketplace Seller)_VEGAVERO Roter Reis Plus;620557805;6.5.2026;cpc;0,51;;27;0;0;0;0;0;0;upmDFWTTT;4260557423110;0
it_CrossSellReRank_Vegavero (Marketplace Seller)_VEGAVERO D Mannosio Complex;658381392;6.5.2026;cpc;0,3;;32;0;0;0;0;0;0;14250640;4260309482747;0
SOLD_OUT_it_MarketplaceBooster_Vegavero (Marketplace Seller)_VEGAVERO Guggul;641655761;6.5.2026;cpc;0,51;;27;0;0;0;0;0;0;upmT99EZK;4260557421123;0
com_MarketplaceBooster_Vegavero (Marketplace Seller)_VEGAVERO D-Mannose Pulver;619660673;6.5.2026;cpc;1,51;;26;0;0;0;0;0;0;14250686;4260309481603;0
com_CrossSellReRank_Vegavero (Marketplace Seller)_VEGAVERO K?rbiskern?l BIO;643093438;6.5.2026;cpc;0,31;;28;0;0;0;0;0;0;upmY7MX4C;4260557422014;0
at_MarketplaceBooster_Vegavero (Marketplace Seller)_VEGAVERO Rhodiola rosea Extrakt;620605153;6.5.2026;cpc;0,51;;26;1;3,846154;0;0,51;0;0;14251036;4260557420102;0,51
at_MarketplaceBooster_Vegavero (Marketplace Seller)_VEGAVERO K?rbiskern?l BIO;620605158;6.5.2026;cpc;0,51;;26;1;3,846154;0;0,51;0;0;upmY7MX4C;4260557422014;0,51
com_CrossSellReRank_Vegavero (Marketplace Seller)_VEGAVERO Eisen Bisglycinat;643077960;6.5.2026;cpc;0,31;;31;1;3,846154;0;0,31;0;0;14250692;4260309483065;0,31
SOLD_OUT_com_MarketplaceBooster_Vegavero (Marketplace Seller)_VEGAVERO Vitamin B12 Tropfen;619721768;6.5.2026;cpc;0,51;;26;0;0;0;0;0;0;upmYRCT9P;4260557422908;0
it_CrossSellReRank_Vegavero (Marketplace Seller)_VEGAVERO Glicina in Polvere;658334363;6.5.2026;cpc;0,31;;28;1;3,846154;0;0,31;0;0;upmR9H4DE;4260557422595;0,31
at_MarketplaceBooster_Vegavero (Marketplace Seller)_VEGAVERO Natural Jod BIO;625769489;6.5.2026;cpc;0,51;;26;0;0;0;0;0;0;14250769;4260557420256;0
it_CrossSellReRank_Vegavero (Marketplace Seller)_VEGAVERO Vegan Essentials Complex;649088044;6.5.2026;cpc;0,31;;34;0;0;0;0;0;0;upmHHT433;4260557421390;0
at_MarketplaceBooster_Vegavero (Marketplace Seller)_VEGAVERO Liver Active Complex;625768092;6.5.2026;cpc;0,51;;26;0;0;0;0;0;0;14250812;4260557420188;0
at_MarketplaceBooster_Vegavero (Marketplace Seller)_VEGAVERO Eisen Bisglycinat;620612855;6.5.2026;cpc;0,51;;25;2;8;0;1,02;0;0;14250692;4260309483065;0,51
com_CrossSellReRank_Vegavero (Marketplace Seller)_VEGAVERO Beta Carotin;643079421;6.5.2026;cpc;0,31;;31;1;4;0;0,31;0;0;14250551;4260309484208;0,31
it_CrossSellReRank_Vegavero (Marketplace Seller)_VEGAVERO Cardo Mariano Plus;649143954;6.5.2026;cpc;0,31;;30;0;0;0;0;0;0;upmR9H2HU;4260557422892;0
com_CrossSellReRank_Vegavero (Marketplace Seller)_VEGAVERO Brewers Yeast;658295768;6.5.2026;cpc;0,31;;25;1;4;0;0,31;0;0;upmKUKGHH;4260557423332;0,31
at_MarketplaceBooster_Vegavero (Marketplace Seller)_VEGAVERO Wild Yams + Zink;625763764;6.5.2026;cpc;0,51;;25;1;4;0;0,51;0;0;14251183;4260309481672;0,51
at_MarketplaceBooster_Vegavero (Marketplace Seller)_VEGAVERO MSM Pulver;620609038;6.5.2026;cpc;1,31;;26;2;8;0;2,62;0;0;upmWCKTTE;4260309481214;1,31
at_MarketplaceBooster_Vegavero (Marketplace Seller)_VEGAVERO Light Legs Complex;658347596;6.5.2026;cpc;0,51;;26;0;0;0;0;0;0;upmD7EWMP;4260557420454;0
it_CrossSellReRank_Vegavero (Marketplace Seller)_VEGAVERO Elettroliti Complex;649122256;6.5.2026;cpc;0,31;;27;0;0;0;0;0;0;upmD23XCL;4260557422823;0
it_MarketplaceBooster_Vegavero (Marketplace Seller)_VEGAVERO Biancospino BIO;620566747;6.5.2026;cpc;0,51;;24;1;4,166667;0;0,51;0;0;upmXW7KXD;4260557420720;0,51
at_MarketplaceBooster_Vegavero (Marketplace Seller)_VEGAVERO Magnesium + Kalium;620594279;6.5.2026;cpc;0,51;;24;1;4,166667;0;0,51;0;0;upm32MART;4260557420287;0,51
it_CrossSellReRank_Vegavero (Marketplace Seller)_VEGAVERO Vitamina B3 Nicotinamide;649112226;6.5.2026;cpc;0,31;;28;1;4,166667;0;0,31;0;0;upmKKE3R2;4260557422526;0,31
SOLD_OUT_at_CrossSellReRank_Vegavero (Marketplace Seller)_VEGAVERO L-Tyrosin Plus;658280164;6.5.2026;cpc;0,31;;27;0;0;0;0;0;0;upm2FC2LC;4260557422885;0
it_MarketplaceBooster_Vegavero (Marketplace Seller)_VEGAVERO Ginseng Rosso Coreano;620566091;6.5.2026;cpc;0,51;;23;2;8,695652;0;1,02;0;0;upm2CZXC9;4260557420140;0,51
SOLD_OUT_it_CrossSellReRank_Vegavero (Marketplace Seller)_VEGAVERO Probiotici e Prebiotici Bambini;658445102;6.5.2026;cpc;0,31;;31;0;0;0;0;0;0;14250953;4260557420249;0
com_MarketplaceBooster_Vegavero (Marketplace Seller)_VEGAVERO Elektrolyte Plus;617842699;6.5.2026;cpc;0,51;;23;2;8,695652;0;1,02;0;0;upmD23XCL;4260557422823;0,51
com_CrossSellReRank_Vegavero (Marketplace Seller)_VEGAVERO Oregano ?l BIO;643093284;6.5.2026;cpc;0,51;;27;0;0;0;0;0;0;upmYCXAL7;4260557421932;0
at_MarketplaceBooster_Vegavero (Marketplace Seller)_VEGAVERO Papaya BIO;658295837;6.5.2026;cpc;0,51;;23;0;0;0;0;0;0;upm9HWLUD;4260557421055;0
it_CrossSellReRank_Vegavero (Marketplace Seller)_VEGAVERO Glucosamin Complex;649076940;6.5.2026;cpc;0,31;;30;0;0;0;0;0;0;upmTYL3Y7;4260557420737;0
it_CrossSellReRank_Vegavero (Marketplace Seller)_VEGAVERO EAA - Aminoacidi Essenziali;649077110;6.5.2026;cpc;1,11;;25;0;0;0;0;0;0;upmGMXXY9;4260557420744;0
SOLD_OUT_at_MarketplaceBooster_Vegavero (Marketplace Seller)_VEGAVERO Taurin Plus;626442685;6.5.2026;cpc;0,51;;23;0;0;0;0;0;0;upmXXW9XA;4260557423059;0
com_MarketplaceBooster_Vegavero (Marketplace Seller)_VEGAVERO Venaflux Complex;629497502;6.5.2026;cpc;1,61;1;22;1;4,545455;100;1,61;26,9;1670,807453;upmKY422A;4260557422212;1,61
SOLD_OUT_it_MarketplaceBooster_Vegavero (Marketplace Seller)_VEGAVERO Tribulus Terrestris;658296415;6.5.2026;cpc;0,51;;22;3;13,636364;0;1,53;0;0;14251088;4260309481313;0,51
it_MarketplaceBooster_Vegavero (Marketplace Seller)_VEGAVERO Mushroom Mix Complex;641622719;6.5.2026;cpc;0,51;;22;0;0;0;0;0;0;upm4XDXPR;4260557422045;0
it_CrossSellReRank_Vegavero (Marketplace Seller)_VEGAVERO Salvia BIO;649077205;6.5.2026;cpc;0,31;;29;0;0;0;0;0;0;upmMMLDZE;4260557420966;0
at_MarketplaceBooster_Vegavero (Marketplace Seller)_VEGAVERO Griffonia Plus;658280152;6.5.2026;cpc;0,51;;22;0;0;0;0;0;0;upmHCULGA;4260557422755;0
com_MarketplaceBooster_Vegavero (Marketplace Seller)_VEGAVERO Sun Care Complex;620501459;6.5.2026;cpc;0,51;;23;2;9,090909;0;1,02;0;0;upm7C9XR2;4260557420836;0,51
at_CrossSellReRank_Vegavero (Marketplace Seller)_VEGAVERO L-Tryptophan;658279974;6.5.2026;cpc;0,31;;25;1;4,545455;0;0,31;0;0;14250841;4260309481108;0,31
it_CrossSellReRank_Vegavero (Marketplace Seller)_VEGAVERO Magnesio + Potassio;649076465;6.5.2026;cpc;0,31;;22;0;0;0;0;0;0;upm32MART;4260557420287;0
SOLD_OUT_at_CrossSellReRank_Vegavero (Marketplace Seller)_VEGAVERO Vegan Collagen+Hyaluronic Acid;658347624;6.5.2026;cpc;1,21;;23;0;0;0;0;0;0;upmK3CG99;4260557422656;0
com_MarketplaceBooster_Vegavero (Marketplace Seller)_VEGAVERO Prostaid Complex;658727268;6.5.2026;cpc;1,51;;21;0;0;0;0;0;0;upmCEE43U;4260557420515;0
it_CrossSellReRank_Vegavero (Marketplace Seller)_VEGAVERO Griffonia;658296092;6.5.2026;cpc;0,31;;25;0;0;0;0;0;0;upmG7RZLC;4260557423318;0
it_CrossSellReRank_Vegavero (Marketplace Seller)_VEGAVERO Cannella Ceylon BIO;649115454;6.5.2026;cpc;0,31;;22;0;0;0;0;0;0;upmW9KKTG;4260557422618;0
it_MarketplaceBooster_Vegavero (Marketplace Seller)_VEGAVERO Curcuma BIO;641629765;6.5.2026;cpc;0,51;;21;0;0;0;0;0;0;upm27X4XW;4260557422878;0
it_CrossSellReRank_Vegavero (Marketplace Seller)_VEGAVERO Colon Care Complex;658353192;6.5.2026;cpc;0,31;;24;0;0;0;0;0;0;14250605;4260557420201;0
at_MarketplaceBooster_Vegavero (Marketplace Seller)_VEGAVERO L-Tryptophan;625767437;6.5.2026;cpc;0,51;;21;0;0;0;0;0;0;14250841;4260309481108;0
com_CrossSellReRank_Vegavero (Marketplace Seller)_VEGAVERO Party Hero;653854384;6.5.2026;cpc;0,31;;29;0;0;0;0;0;0;upmFACEA7;4260557423356;0
SOLD_OUT_at_CrossSellReRank_Vegavero (Marketplace Seller)_VEGAVERO Pro Bio Kids BIO;658279986;6.5.2026;cpc;0,31;;21;0;0;0;0;0;0;14250953;4260557420249;0
com_CrossSellReRank_Vegavero (Marketplace Seller)_VEGAVERO Vitamin B3 (Nicotinamid);643089676;6.5.2026;cpc;0,51;;25;0;0;0;0;0;0;upmUEXHE2;4260557420850;0
com_MarketplaceBooster_Vegavero (Marketplace Seller)_VEGAVERO Moringa BIO;628844146;6.5.2026;cpc;1,31;;21;1;4,761905;0;1,31;0;0;14250893;4260309481115;1,31
it_CrossSellReRank_Vegavero (Marketplace Seller)_VEGAVERO Enzima della Papaya;658445112;6.5.2026;cpc;0,31;;27;0;0;0;0;0;0;14250930;4260309482648;0
it_CrossSellReRank_Vegavero (Marketplace Seller)_VEGAVERO Origano BIO;649094039;6.5.2026;cpc;0,31;;25;2;10;0;0,62;0;0;upmYCXAL7;4260557421932;0,31
it_CrossSellReRank_Vegavero (Marketplace Seller)_VEGAVERO D Mannosio in Polvere;658352462;6.5.2026;cpc;0,31;;22;0;0;0;0;0;0;14250686;4260309481603;0
it_CrossSellReRank_Vegavero (Marketplace Seller)_VEGAVERO Riso Rosso Plus;649150541;6.5.2026;cpc;0,31;;24;0;0;0;0;0;0;upmDFWTTT;4260557423110;0
at_CrossSellReRank_Vegavero (Marketplace Seller)_VEGAVERO Rhodiola rosea Extrakt;658279979;6.5.2026;cpc;0,31;;22;0;0;0;0;0;0;14251036;4260557420102;0
it_MarketplaceBooster_Vegavero (Marketplace Seller)_VEGAVERO Quercetina Complex;658381383;6.5.2026;cpc;0,51;;20;2;10;0;1,02;0;0;upmF2AFXC;4260557423509;0,51
at_CrossSellReRank_Vegavero (Marketplace Seller)_VEGAVERO Teufelskralle Plus;658280050;6.5.2026;cpc;0,31;;20;0;0;0;0;0;0;upmD3U322;4260557421192;0
com_CrossSellReRank_Vegavero (Marketplace Seller)_VEGAVERO Sun Care Complex;643089603;6.5.2026;cpc;0,31;;22;0;0;0;0;0;0;upm7C9XR2;4260557420836;0
at_MarketplaceBooster_Vegavero (Marketplace Seller)_VEGAVERO Vitamin B12 Spray Junior;625789014;6.5.2026;cpc;0,51;;20;1;5;0;0,51;0;0;upm3RXHUC;4260557422229;0,51
com_MarketplaceBooster_Vegavero (Marketplace Seller)_VEGAVERO Brewers Yeast;658295767;6.5.2026;cpc;0,51;;20;0;0;0;0;0;0;upmKUKGHH;4260557423332;0
at_MarketplaceBooster_Vegavero (Marketplace Seller)_VEGAVERO Lecithin BIO;620605162;6.5.2026;cpc;0,81;;20;3;15;0;2,43;0;0;upm2HFKPC;4260557422021;0,81
com_MarketplaceBooster_Vegavero (Marketplace Seller)_VEGAVERO L-Tryptophan;619660835;6.5.2026;cpc;2,02;;20;0;0;0;0;0;0;14250841;4260309481108;0
it_MarketplaceBooster_Vegavero (Marketplace Seller)_VEGAVERO Vegan Essentials Complex;641622696;6.5.2026;cpc;0,51;;20;0;0;0;0;0;0;upmHHT433;4260557421390;0
com_MarketplaceBooster_Vegavero (Marketplace Seller)_VEGAVERO Astragalus BIO;625748178;6.5.2026;cpc;1,01;;19;0;0;0;0;0;0;upmCGKMCH;4260557421222;0
SOLD_OUT_com_MarketplaceBooster_Vegavero (Marketplace Seller)_VEGAVERO L-Tyrosin Plus;620537391;6.5.2026;cpc;1,61;;19;3;15,789474;0;4,83;0;0;upm2FC2LC;4260557422885;1,61
SOLD_OUT_at_MarketplaceBooster_Vegavero (Marketplace Seller)_VEGAVERO Vitamin B12 Tropfen;620608016;6.5.2026;cpc;0,51;;19;0;0;0;0;0;0;upmYRCT9P;4260557422908;0
at_MarketplaceBooster_Vegavero (Marketplace Seller)_VEGAVERO Venaflux Complex;658280105;6.5.2026;cpc;1,61;;19;0;0;0;0;0;0;upmKY422A;4260557422212;0
at_MarketplaceBooster_Vegavero (Marketplace Seller)_VEGAVERO Vitamin B12 Spray Cherry;620611413;6.5.2026;cpc;0,51;;19;0;0;0;0;0;0;14251102;4260557420027;0
SOLD_OUT_at_MarketplaceBooster_Vegavero (Marketplace Seller)_VEGAVERO L-Tyrosin Plus;626440758;6.5.2026;cpc;0,81;;18;0;0;0;0;0;0;upm2FC2LC;4260557422885;0
com_MarketplaceBooster_Vegavero (Marketplace Seller)_VEGAVERO Echinacea Plus;620564961;6.5.2026;cpc;0,51;;18;0;0;0;0;0;0;upmPHKX9F;4260557423141;0
it_MarketplaceBooster_Vegavero (Marketplace Seller)_VEGAVERO Liver Active Complex;658445099;6.5.2026;cpc;1,01;;18;1;5,555556;0;1,01;0;0;14250812;4260557420188;1,01
com_MarketplaceBooster_Vegavero (Marketplace Seller)_VEGAVERO Pro Bio Kulturenkomplex;618496725;6.5.2026;cpc;0,51;;18;0;0;0;0;0;0;14250976;4260557420034;0
it_CrossSellReRank_Vegavero (Marketplace Seller)_VEGAVERO Zenzero BIO;658353197;6.5.2026;cpc;0,31;;20;0;0;0;0;0;0;upmPX4TPU;4260557420386;0
it_MarketplaceBooster_Vegavero (Marketplace Seller)_VEGAVERO Enzima della Papaya;658445110;6.5.2026;cpc;1,01;;18;0;0;0;0;0;0;14250930;4260309482648;0
at_CrossSellReRank_Vegavero (Marketplace Seller)_VEGAVERO MSM Pulver;658279946;6.5.2026;cpc;0,91;;19;0;0;0;0;0;0;upmWCKTTE;4260309481214;0
it_MarketplaceBooster_Vegavero (Marketplace Seller)_VEGAVERO Zenzero BIO;658353196;6.5.2026;cpc;0,51;;18;0;0;0;0;0;0;upmPX4TPU;4260557420386;0
it_MarketplaceBooster_Vegavero (Marketplace Seller)_VEGAVERO Glucomammano BIO;641643679;6.5.2026;cpc;0,51;;18;2;11,111111;0;1,02;0;0;upmLXEUT7;4260557423240;0,51
com_CrossSellReRank_Vegavero (Marketplace Seller)_VEGAVERO Vision Care Complex;658347575;6.5.2026;cpc;0,31;;19;0;0;0;0;0;0;upmWRPTR4;4260557420867;0
com_CrossSellReRank_Vegavero (Marketplace Seller)_VEGAVERO Bromelain 2500 GDU/g;658347577;6.5.2026;cpc;0,31;;19;0;0;0;0;0;0;upm43HM34;4260557421130;0
com_MarketplaceBooster_Vegavero (Marketplace Seller)_VEGAVERO Bromelain 2400 GDU/g;619684531;6.5.2026;cpc;0,51;;17;0;0;0;0;0;0;upm43HM34;4260557421130;0
it_CrossSellReRank_Vegavero (Marketplace Seller)_VEGAVERO Artiglio del Diavolo Plus;649082840;6.5.2026;cpc;0,31;;20;1;5,882353;0;0,31;0;0;upmD3U322;4260557421192;0,31
it_MarketplaceBooster_Vegavero (Marketplace Seller)_VEGAVERO Echinacea Purpurea;620565881;6.5.2026;cpc;0,51;;17;0;0;0;0;0;0;upmPZPD44;4260557420133;0
it_CrossSellReRank_Vegavero (Marketplace Seller)_VEGAVERO Echinacea Purpurea;649076430;6.5.2026;cpc;0,31;;19;0;0;0;0;0;0;upmPZPD44;4260557420133;0
at_MarketplaceBooster_Vegavero (Marketplace Seller)_VEGAVERO Teufelskralle Plus;620605271;6.5.2026;cpc;0,51;;17;1;5,882353;0;0,51;0;0;upmD3U322;4260557421192;0,51
it_CrossSellReRank_Vegavero (Marketplace Seller)_VEGAVERO L-Triptofano;658352473;6.5.2026;cpc;0,31;;21;0;0;0;0;0;0;14250841;4260309481108;0
com_MarketplaceBooster_Vegavero (Marketplace Seller)_VEGAVERO MSM Pulver DOSE;619660893;6.5.2026;cpc;1,01;;16;1;6,25;0;1,01;0;0;upmTLUPGT;4260309483881;1,01
it_MarketplaceBooster_Vegavero (Marketplace Seller)_VEGAVERO Femme Biotics;658445082;6.5.2026;cpc;1,01;;16;1;6,25;0;1,01;0;0;upm4AEDEP;4260557423455;1,01
at_MarketplaceBooster_Vegavero (Marketplace Seller)_VEGAVERO Boswellia Extrakt;626438065;6.5.2026;cpc;0,51;;16;1;6,25;0;0,51;0;0;upmEH2K74;4260557422588;0,51
it_MarketplaceBooster_Vegavero (Marketplace Seller)_VEGAVERO Vitamina C Naturale BIO;620566115;6.5.2026;cpc;1,51;;16;0;0;0;0;0;0;upmFY9KW9;4260557420331;0
com_CrossSellReRank_Vegavero (Marketplace Seller)_VEGAVERO Saccharomyces boulardii;643093285;6.5.2026;cpc;0,31;;17;0;0;0;0;0;0;upmWDER3T;4260557421949;0
at_CrossSellReRank_Vegavero (Marketplace Seller)_VEGAVERO Rosskastanie Plus BIO;658295841;6.5.2026;cpc;0,51;;18;1;6,25;0;0,51;0;0;upmUR4ZK4;4260557421239;0,51
at_MarketplaceBooster_Vegavero (Marketplace Seller)_VEGAVERO Female Harmony Complex;658279991;6.5.2026;cpc;0,51;;17;2;12,5;0;1,02;0;0;upmUFEEWW;4260557420300;0,51
it_MarketplaceBooster_Vegavero (Marketplace Seller)_VEGAVERO MSM;641622735;6.5.2026;cpc;1,01;;16;0;0;0;0;0;0;upmTLUPGT;4260309483881;0
it_MarketplaceBooster_Vegavero (Marketplace Seller)_VEGAVERO Astaxantina BIO;620574573;6.5.2026;cpc;0,71;;15;0;0;0;0;0;0;upm7GZX42;4260557423165;0
at_CrossSellReRank_Vegavero (Marketplace Seller)_VEGAVERO D-Mannose Complex;643049572;6.5.2026;cpc;0,31;;15;0;0;0;0;0;0;14250640;4260309482747;0
it_CrossSellReRank_Vegavero (Marketplace Seller)_VEGAVERO Colina Bitartrato;658296216;6.5.2026;cpc;0,31;;17;0;0;0;0;0;0;upmU9FP9M;4260557423325;0
com_MarketplaceBooster_Vegavero (Marketplace Seller)_VEGAVERO BCAA Pulver Mango;658445052;6.5.2026;cpc;2,01;;16;0;0;0;0;0;0;upmWWWMYX;4260557423523;0
at_MarketplaceBooster_Vegavero (Marketplace Seller)_VEGAVERO OPC Trio;626443283;6.5.2026;cpc;0,51;;15;1;6,666667;0;0,51;0;0;upmWFGGMG;4260557423097;0,51
at_MarketplaceBooster_Vegavero (Marketplace Seller)_VEGAVERO Vision Care Complex;658347599;6.5.2026;cpc;0,51;;15;0;0;0;0;0;0;upmWRPTR4;4260557420867;0
it_MarketplaceBooster_Vegavero (Marketplace Seller)_VEGAVERO Glicina in Polvere;658334361;6.5.2026;cpc;1,01;;15;1;6,666667;0;1,01;0;0;upmR9H4DE;4260557422595;1,01
at_MarketplaceBooster_Vegavero (Marketplace Seller)_VEGAVERO Sugar Balance Complex;658280124;6.5.2026;cpc;0,51;;17;0;0;0;0;0;0;upmAD4HK4;4260557422403;0
it_CrossSellReRank_Vegavero (Marketplace Seller)_VEGAVERO Drena Flux;649110222;6.5.2026;cpc;0,31;;15;0;0;0;0;0;0;upm2XGYDU;4260557422489;0
com_MarketplaceBooster_Vegavero (Marketplace Seller)_VEGAVERO Vitamin C liposomal;619662437;6.5.2026;cpc;0,51;1;15;2;13,333333;50;1,02;21,9;2147,058824;upm77WEEP;4260557422786;0,51
it_MarketplaceBooster_Vegavero (Marketplace Seller)_VEGAVERO Salvia BIO;641651421;6.5.2026;cpc;0,51;;15;0;0;0;0;0;0;upmMMLDZE;4260557420966;0
it_MarketplaceBooster_Vegavero (Marketplace Seller)_VEGAVERO Iodio naturale BIO;658445105;6.5.2026;cpc;1,01;;14;1;7,142857;0;1,01;0;0;14250769;4260557420256;1,01
at_MarketplaceBooster_Vegavero (Marketplace Seller)_VEGAVERO Resveratrol + Nicotinamid;625771680;6.5.2026;cpc;0,51;;14;0;0;0;0;0;0;upmGDDD7G;4260557420805;0
it_CrossSellReRank_Vegavero (Marketplace Seller)_VEGAVERO Lecitina BIO;649100827;6.5.2026;cpc;0,31;;18;0;0;0;0;0;0;upm2HFKPC;4260557422021;0
com_CrossSellReRank_Vegavero (Marketplace Seller)_VEGAVERO Vitamin B12 Spray Junior;643093986;6.5.2026;cpc;0,31;;17;0;0;0;0;0;0;upm3RXHUC;4260557422229;0
com_MarketplaceBooster_Vegavero (Marketplace Seller)_VEGAVERO Hagebutte BIO;619682810;6.5.2026;cpc;0,51;;14;0;0;0;0;0;0;upmWRWWCG;4260557421048;0
com_MarketplaceBooster_Vegavero (Marketplace Seller)_VEGAVERO K?rbiskern?l BIO;619721382;6.5.2026;cpc;0,51;;14;2;14,285714;0;1,02;0;0;upmY7MX4C;4260557422014;0,51
at_MarketplaceBooster_Vegavero (Marketplace Seller)_VEGAVERO Vitamin C liposomal;626439698;6.5.2026;cpc;0,51;;14;0;0;0;0;0;0;upm77WEEP;4260557422786;0
it_MarketplaceBooster_Vegavero (Marketplace Seller)_VEGAVERO Resveratrolo Plus;620567258;6.5.2026;cpc;0,51;;14;2;14,285714;0;1,02;0;0;upmGDDD7G;4260557420805;0,51
com_CrossSellReRank_Vegavero (Marketplace Seller)_VEGAVERO Myo-Inositol Complex;658295458;6.5.2026;cpc;1,11;;15;0;0;0;0;0;0;upm7PGM77;4260557421765;0
at_MarketplaceBooster_Vegavero (Marketplace Seller)_VEGAVERO Salbei BIO;658280029;6.5.2026;cpc;0,51;;14;0;0;0;0;0;0;upmMMLDZE;4260557420966;0
it_CrossSellReRank_Vegavero (Marketplace Seller)_VEGAVERO MSM;658352467;6.5.2026;cpc;0,61;;19;0;0;0;0;0;0;upmTLUPGT;4260309483881;0
at_MarketplaceBooster_Vegavero (Marketplace Seller)_VEGAVERO Serenity;658280178;6.5.2026;cpc;0,51;;14;0;0;0;0;0;0;upmZFGPHR;4260557422830;0
it_CrossSellReRank_Vegavero (Marketplace Seller)_VEGAVERO BCAA in Polvere;658381389;6.5.2026;cpc;0,61;;14;0;0;0;0;0;0;upmWWWMYX;4260557423523;0
it_CrossSellReRank_Vegavero (Marketplace Seller)_VEGAVERO Cordyceps Sinensis BIO;649146937;6.5.2026;cpc;0,31;;16;0;0;0;0;0;0;upmTG77MW;4260557422991;0
at_MarketplaceBooster_Vegavero (Marketplace Seller)_VEGAVERO L-Glutamin Pulver;626443805;6.5.2026;cpc;0,51;;14;0;0;0;0;0;0;upmUPTFMH;4260557423233;0
com_CrossSellReRank_Vegavero (Marketplace Seller)_VEGAVERO Hagebutte BIO;643089764;6.5.2026;cpc;0,31;;16;0;0;0;0;0;0;upmWRWWCG;4260557421048;0
at_CrossSellReRank_Vegavero (Marketplace Seller)_VEGAVERO Drenaflux Complex;658295889;6.5.2026;cpc;0,31;;17;0;0;0;0;0;0;upm2XGYDU;4260557422489;0
it_CrossSellReRank_Vegavero (Marketplace Seller)_VEGAVERO Olio di semi di Zucca BIO;649099614;6.5.2026;cpc;0,31;;16;0;0;0;0;0;0;upmY7MX4C;4260557422014;0
com_MarketplaceBooster_Vegavero (Marketplace Seller)_VEGAVERO Vitamin B3 (Nicotinamid);619677908;6.5.2026;cpc;1,51;;13;0;0;0;0;0;0;upmUEXHE2;4260557420850;0
com_MarketplaceBooster_Vegavero (Marketplace Seller)_VEGAVERO Zimt-Ceylon Extrakt;619660976;6.5.2026;cpc;0,51;;13;0;0;0;0;0;0;14251208;4260557420164;0
at_MarketplaceBooster_Vegavero (Marketplace Seller)_VEGAVERO Nattokinase;626443809;6.5.2026;cpc;0,51;;13;0;0;0;0;0;0;upm2ZL4CL;4260557423264;0
it_MarketplaceBooster_Vegavero (Marketplace Seller)_VEGAVERO MSM;620565773;6.5.2026;cpc;1,01;;13;0;0;0;0;0;0;upmWCKTTE;4260309481214;0
com_MarketplaceBooster_Vegavero (Marketplace Seller)_VEGAVERO Saccharomyces boulardii;619717397;6.5.2026;cpc;0,61;;13;1;7,692308;0;0,61;0;0;upmWDER3T;4260557421949;0,61
com_MarketplaceBooster_Vegavero (Marketplace Seller)_VEGAVERO Glycin Pulver;658347478;6.5.2026;cpc;1,51;;13;0;0;0;0;0;0;upmTGWG29;4260557423479;0
com_MarketplaceBooster_Vegavero (Marketplace Seller)_VEGAVERO Rapunzel;658295813;6.5.2026;cpc;0,51;;13;0;0;0;0;0;0;upmDUFHFK;4260557423134;0
it_CrossSellReRank_Vegavero (Marketplace Seller)_VEGAVERO Fieno Greco BIO;649146229;6.5.2026;cpc;0,31;;13;0;0;0;0;0;0;upm7AL3PG;4260557422977;0
com_CrossSellReRank_Vegavero (Marketplace Seller)_VEGAVERO MSM Pulver;643233362;6.5.2026;cpc;0,61;;13;0;0;0;0;0;0;upmWCKTTE;4260309481214;0
it_CrossSellReRank_Vegavero (Marketplace Seller)_VEGAVERO Ginkgo + Ginseng;649102509;6.5.2026;cpc;0,31;;13;0;0;0;0;0;0;upmF3XUHA;4260557422106;0
it_CrossSellReRank_Vegavero (Marketplace Seller)_VEGAVERO Nattokinase;649160527;6.5.2026;cpc;0,31;;17;0;0;0;0;0;0;upm2ZL4CL;4260557423264;0
it_MarketplaceBooster_Vegavero (Marketplace Seller)_VEGAVERO EAA - Aminoacidi Essenziali;620567252;6.5.2026;cpc;1,11;;12;0;0;0;0;0;0;upmGMXXY9;4260557420744;0
com_CrossSellReRank_Vegavero (Marketplace Seller)_VEGAVERO MSM Pulver;643233340;6.5.2026;cpc;0,31;;13;0;0;0;0;0;0;upmWCKTTE;4260309481214;0
it_MarketplaceBooster_Vegavero (Marketplace Seller)_VEGAVERO Cardo Mariano;620565790;6.5.2026;cpc;1,01;;12;0;0;0;0;0;0;upmGMGWYP;4260309481979;0
com_CrossSellReRank_Vegavero (Marketplace Seller)_VEGAVERO L-Tryptophan;643237471;6.5.2026;cpc;0,31;;13;0;0;0;0;0;0;14250841;4260309481108;0
it_MarketplaceBooster_Vegavero (Marketplace Seller)_VEGAVERO Cordyceps;658334300;6.5.2026;cpc;0,51;;12;0;0;0;0;0;0;14250611;4260309483218;0
it_MarketplaceBooster_Vegavero (Marketplace Seller)_VEGAVERO L-Glutammina in Polvere;649157245;6.5.2026;cpc;0,51;;12;0;0;0;0;0;0;upmUPTFMH;4260557423233;0
at_CrossSellReRank_Vegavero (Marketplace Seller)_VEGAVERO Glycin Pulver;658280145;6.5.2026;cpc;0,31;;12;1;8,333333;0;0,31;0;0;upmTGWG29;4260557423479;0,31
com_MarketplaceBooster_Vegavero (Marketplace Seller)_VEGAVERO Party Hero;653854277;6.5.2026;cpc;0,51;;12;1;8,333333;0;0,51;0;0;upmFACEA7;4260557423356;0,51
it_CrossSellReRank_Vegavero (Marketplace Seller)_VEGAVERO Creatina in Polvere;658331599;6.5.2026;cpc;0,31;;13;1;8,333333;0;0,31;0;0;upmFRZEFX;4260557423226;0,31
com_MarketplaceBooster_Vegavero (Marketplace Seller)_VEGAVERO Glycin Pulver;620530024;6.5.2026;cpc;1,01;;12;0;0;0;0;0;0;upmR9H4DE;4260557422595;0
it_MarketplaceBooster_Vegavero (Marketplace Seller)_VEGAVERO Ginkgo + Ginseng;620565878;6.5.2026;cpc;0,51;;12;0;0;0;0;0;0;upmF3XUHA;4260557422106;0
com_MarketplaceBooster_Vegavero (Marketplace Seller)_VEGAVERO L-Glutamin Pulver;620565039;6.5.2026;cpc;0,51;;12;0;0;0;0;0;0;upmUPTFMH;4260557423233;0
com_MarketplaceBooster_Vegavero (Marketplace Seller)_VEGAVERO Rosskastanie Plus BIO;619708788;6.5.2026;cpc;1,31;;11;0;0;0;0;0;0;upmUR4ZK4;4260557421239;0
at_CrossSellReRank_Vegavero (Marketplace Seller)_VEGAVERO BIO Astaxanthin ?l;658282827;6.5.2026;cpc;0,91;;11;0;0;0;0;0;0;upm7GZX42;4260557423165;0
com_MarketplaceBooster_Vegavero (Marketplace Seller)_VEGAVERO Salbei BIO;619682278;6.5.2026;cpc;0,51;;11;1;9,090909;0;0,51;0;0;upmMMLDZE;4260557420966;0,51
com_CrossSellReRank_Vegavero (Marketplace Seller)_VEGAVERO Rapunzel;658295814;6.5.2026;cpc;0,31;;14;0;0;0;0;0;0;upmDUFHFK;4260557423134;0
com_MarketplaceBooster_Vegavero (Marketplace Seller)_VEGAVERO Vitamin B12 Spray Junior;619721771;6.5.2026;cpc;0,51;;11;2;18,181818;0;1,02;0;0;upm3RXHUC;4260557422229;0,51
at_MarketplaceBooster_Vegavero (Marketplace Seller)_VEGAVERO BIO Astaxanthin ?l;620605149;6.5.2026;cpc;1,01;;11;0;0;0;0;0;0;upm7GZX42;4260557423165;0
SOLD_OUT_at_CrossSellReRank_Vegavero (Marketplace Seller)_VEGAVERO Taurin Plus;658282814;6.5.2026;cpc;0,31;;12;0;0;0;0;0;0;upmXXW9XA;4260557423059;0
at_MarketplaceBooster_Vegavero (Marketplace Seller)_VEGAVERO Sun Care Complex;658280011;6.5.2026;cpc;0,51;;11;2;18,181818;0;1,02;0;0;upm7C9XR2;4260557420836;0,51
at_MarketplaceBooster_Vegavero (Marketplace Seller)_VEGAVERO Youth Biotics;658445045;6.5.2026;cpc;1,01;;11;0;0;0;0;0;0;upmW7Y7DL;4260557423462;0
com_CrossSellReRank_Vegavero (Marketplace Seller)_VEGAVERO Moringa BIO;642560128;6.5.2026;cpc;1,41;;15;0;0;0;0;0;0;14250893;4260309481115;0
at_MarketplaceBooster_Vegavero (Marketplace Seller)_VEGAVERO MSM Pulver DOSE;658279977;6.5.2026;cpc;1,01;;12;0;0;0;0;0;0;upmTLUPGT;4260309483881;0
it_MarketplaceBooster_Vegavero (Marketplace Seller)_VEGAVERO Echinacea Plus;620565882;6.5.2026;cpc;1,01;;11;1;9,090909;0;1,01;0;0;upmPHKX9F;4260557423141;1,01
at_MarketplaceBooster_Vegavero (Marketplace Seller)_VEGAVERO Hagebutte BIO;658280037;6.5.2026;cpc;0,51;;11;0;0;0;0;0;0;upmWRWWCG;4260557421048;0
at_MarketplaceBooster_Vegavero (Marketplace Seller)_VEGAVERO Nachtkerzen und Borretsch?l BIO;625782152;6.5.2026;cpc;0,51;;11;1;9,090909;0;0,51;0;0;upm7KTFPH;4260557421420;0,51
at_CrossSellReRank_Vegavero (Marketplace Seller)_VEGAVERO Prostaid Complex;658727263;6.5.2026;cpc;1,31;;13;0;0;0;0;0;0;upmCEE43U;4260557420515;0
at_CrossSellReRank_Vegavero (Marketplace Seller)_VEGAVERO Chlorella BIO + Spirulina BIO;643057141;6.5.2026;cpc;0,31;;11;0;0;0;0;0;0;14250597;4260309484185;0
com_MarketplaceBooster_Vegavero (Marketplace Seller)_VEGAVERO Zimt Extrakt BIO;619661041;6.5.2026;cpc;0,51;;10;0;0;0;0;0;0;upmW9KKTG;4260557422618;0
com_CrossSellReRank_Vegavero (Marketplace Seller)_VEGAVERO Female Harmony Complex;643239568;6.5.2026;cpc;0,31;;13;0;0;0;0;0;0;upmUFEEWW;4260557420300;0
it_CrossSellReRank_Vegavero (Marketplace Seller)_VEGAVERO Olio di Semi di Chia;649117677;6.5.2026;cpc;0,31;;11;0;0;0;0;0;0;upmK7YWLD;4260557422649;0
com_MarketplaceBooster_Vegavero (Marketplace Seller)_VEGAVERO Vision Care Complex;619678178;6.5.2026;cpc;0,51;1;10;3;30;33,333333;1,53;33,9;2215,686275;upmWRPTR4;4260557420867;0,51
at_MarketplaceBooster_Vegavero (Marketplace Seller)_VEGAVERO Brahmi BIO;625785188;6.5.2026;cpc;0,51;;10;2;20;0;1,02;0;0;upmHFPDDK;4260557421956;0,51
at_CrossSellReRank_Vegavero (Marketplace Seller)_VEGAVERO Venaflux Complex;658280106;6.5.2026;cpc;1,41;;12;0;0;0;0;0;0;upmKY422A;4260557422212;0
com_MarketplaceBooster_Vegavero (Marketplace Seller)_VEGAVERO Lecithin BIO;652876638;6.5.2026;cpc;1,41;;10;3;30;0;4,23;0;0;upm2HFKPC;4260557422021;1,41
com_MarketplaceBooster_Vegavero (Marketplace Seller)_VEGAVERO Cholin Bitartrat;658347145;6.5.2026;cpc;1,01;;10;0;0;0;0;0;0;upmU9FP9M;4260557423325;0
it_MarketplaceBooster_Vegavero (Marketplace Seller)_VEGAVERO Spirulina BIO +  Clorella BIO;658331796;6.5.2026;cpc;0,51;;10;2;20;0;1,02;0;0;14250597;4260309484185;0,51
com_MarketplaceBooster_Vegavero (Marketplace Seller)_VEGAVERO Boswellia Extrakt;620528799;6.5.2026;cpc;0,51;;10;0;0;0;0;0;0;upmEH2K74;4260557422588;0
at_MarketplaceBooster_Vegavero (Marketplace Seller)_VEGAVERO Bockshornklee BIO;626442445;6.5.2026;cpc;0,51;;10;0;0;0;0;0;0;upm7AL3PG;4260557422977;0
SOLD_OUT_at_CrossSellReRank_Vegavero (Marketplace Seller)_VEGAVERO Vitamin B12 Tropfen;658280176;6.5.2026;cpc;0,31;;12;0;0;0;0;0;0;upmYRCT9P;4260557422908;0
it_CrossSellReRank_Vegavero (Marketplace Seller)_VEGAVERO Resveratrolo Plus;649077189;6.5.2026;cpc;0,31;;12;0;0;0;0;0;0;upmGDDD7G;4260557420805;0
com_CrossSellReRank_Vegavero (Marketplace Seller)_VEGAVERO Multivitamin Spray Junior;643089899;6.5.2026;cpc;0,31;;12;0;0;0;0;0;0;upm9ZTF3H;4260557421178;0
it_CrossSellReRank_Vegavero (Marketplace Seller)_VEGAVERO L-Glutammina in Polvere;649158096;6.5.2026;cpc;0,31;;12;0;0;0;0;0;0;upmUPTFMH;4260557423233;0
com_MarketplaceBooster_Vegavero (Marketplace Seller)_VEGAVERO Apple Cider Vinegar Gummies;620564989;6.5.2026;cpc;0,51;;10;0;0;0;0;0;0;upmF2EYPK;4260557423172;0
com_MarketplaceBooster_Vegavero (Marketplace Seller)_VEGAVERO BIO Mushroom Mix;620545551;6.5.2026;cpc;0,51;;10;0;0;0;0;0;0;upmALDCEH;4260557423028;0
com_MarketplaceBooster_Vegavero (Marketplace Seller)_VEGAVERO Psyllium BIO;658295759;6.5.2026;cpc;0,51;;10;0;0;0;0;0;0;upmERYMM3;4260557423295;0
it_CrossSellReRank_Vegavero (Marketplace Seller)_VEGAVERO Caffeina;649151028;6.5.2026;cpc;0,31;;9;0;0;0;0;0;0;upm4XZRWY;4260557423127;0
com_CrossSellReRank_Vegavero (Marketplace Seller)_VEGAVERO Schwarzk?mmel?l BIO;658295948;6.5.2026;cpc;0,71;;15;2;22,222222;0;1,42;0;0;upmEUZ9F7;4260557421376;0,71
SOLD_OUT_it_CrossSellReRank_Vegavero (Marketplace Seller)_VEGAVERO Guggul;649077297;6.5.2026;cpc;0,31;;11;0;0;0;0;0;0;upmT99EZK;4260557421123;0
at_MarketplaceBooster_Vegavero (Marketplace Seller)_VEGAVERO Mariendistel Plus;658280173;6.5.2026;cpc;0,51;;9;1;11,111111;0;0,51;0;0;upmR9H2HU;4260557422892;0,51
at_MarketplaceBooster_Vegavero (Marketplace Seller)_VEGAVERO Zimt Extrakt BIO;625767692;6.5.2026;cpc;0,51;;9;0;0;0;0;0;0;upmW9KKTG;4260557422618;0
it_MarketplaceBooster_Vegavero (Marketplace Seller)_VEGAVERO OPC Trio;641650064;6.5.2026;cpc;0,51;;9;1;11,111111;0;0,51;0;0;upmWFGGMG;4260557423097;0,51
com_MarketplaceBooster_Vegavero (Marketplace Seller)_VEGAVERO Serenity;620539276;6.5.2026;cpc;0,51;;9;0;0;0;0;0;0;upmZFGPHR;4260557422830;0
at_CrossSellReRank_Vegavero (Marketplace Seller)_VEGAVERO Light Legs Complex;658347598;6.5.2026;cpc;0,31;;10;0;0;0;0;0;0;upmD7EWMP;4260557420454;0
it_CrossSellReRank_Vegavero (Marketplace Seller)_VEGAVERO Boswellia;649114866;6.5.2026;cpc;0,31;;9;0;0;0;0;0;0;upmEH2K74;4260557422588;0
at_CrossSellReRank_Vegavero (Marketplace Seller)_VEGAVERO Strong Bones;658283006;6.5.2026;cpc;0,31;;11;0;0;0;0;0;0;upmAP9MLM;4260557423301;0
at_MarketplaceBooster_Vegavero (Marketplace Seller)_VEGAVERO Hyaluronsaeure;620609034;6.5.2026;cpc;0,51;;10;0;0;0;0;0;0;upmPMLEP9;4260557423103;0
com_MarketplaceBooster_Vegavero (Marketplace Seller)_VEGAVERO Ashwagandha BIO;619667906;6.5.2026;cpc;0,51;;9;0;0;0;0;0;0;upmUPLLZH;4260557420676;0
it_MarketplaceBooster_Vegavero (Marketplace Seller)_VEGAVERO Artemisia Vulgaris;649102355;6.5.2026;cpc;0,51;;9;0;0;0;0;0;0;upmWMGCRY;4260557422090;0
at_CrossSellReRank_Vegavero (Marketplace Seller)_VEGAVERO Nachtkerzen ?l;658283039;6.5.2026;cpc;0,61;;9;0;0;0;0;0;0;upm7DM474;4260557423448;0
at_CrossSellReRank_Vegavero (Marketplace Seller)_VEGAVERO Leinsamen?l BIO;658280093;6.5.2026;cpc;0,31;;9;0;0;0;0;0;0;upmKU4FAU;4260557422038;0
com_MarketplaceBooster_Vegavero (Marketplace Seller)_VEGAVERO Resveratrol + Nicotinamid;619676602;6.5.2026;cpc;0,51;;9;0;0;0;0;0;0;upmGDDD7G;4260557420805;0
it_MarketplaceBooster_Vegavero (Marketplace Seller)_VEGAVERO Shilajit Mumijo;626452031;6.5.2026;cpc;0,51;;9;0;0;0;0;0;0;upmR33A3P;4260557421406;0
com_MarketplaceBooster_Vegavero (Marketplace Seller)_VEGAVERO Nattokinase;620565077;6.5.2026;cpc;0,51;;9;0;0;0;0;0;0;upm2ZL4CL;4260557423264;0
it_MarketplaceBooster_Vegavero (Marketplace Seller)_VEGAVERO Maitake BIO;620567773;6.5.2026;cpc;0,51;;9;1;11,111111;0;0,51;0;0;upmW4TZYD;4260557420874;0,51
SOLD_OUT_at_MarketplaceBooster_Vegavero (Marketplace Seller)_VEGAVERO Guggul;658280040;6.5.2026;cpc;0,51;;9;0;0;0;0;0;0;upmT99EZK;4260557421123;0
it_CrossSellReRank_Vegavero (Marketplace Seller)_VEGAVERO Party Hero;658331705;6.5.2026;cpc;0,31;;11;0;0;0;0;0;0;upmFACEA7;4260557423356;0
it_MarketplaceBooster_Vegavero (Marketplace Seller)_VEGAVERO Caffeina;641650370;6.5.2026;cpc;0,51;;9;0;0;0;0;0;0;upm4XZRWY;4260557423127;0
com_MarketplaceBooster_Vegavero (Marketplace Seller)_VEGAVERO Youth Biotics;658469892;6.5.2026;cpc;1,01;;9;0;0;0;0;0;0;upmW7Y7DL;4260557423462;0
com_MarketplaceBooster_Vegavero (Marketplace Seller)_VEGAVERO Magnesium + Kalium;617842638;6.5.2026;cpc;1,01;;9;1;11,111111;0;1,01;0;0;upm32MART;4260557420287;1,01
com_CrossSellReRank_Vegavero (Marketplace Seller)_VEGAVERO Roter Reis Plus;643136807;6.5.2026;cpc;0,31;;9;0;0;0;0;0;0;upmDFWTTT;4260557423110;0
at_MarketplaceBooster_Vegavero (Marketplace Seller)_VEGAVERO Rosskastanie Plus BIO;658295840;6.5.2026;cpc;1,21;;8;0;0;0;0;0;0;upmUR4ZK4;4260557421239;0
com_MarketplaceBooster_Vegavero (Marketplace Seller)_VEGAVERO Quercetin Komplex;658469903;6.5.2026;cpc;1,01;;8;1;12,5;0;1,01;0;0;upmF2AFXC;4260557423509;1,01
com_MarketplaceBooster_Vegavero (Marketplace Seller)_VEGAVERO Chaga BIO;629497666;6.5.2026;cpc;0,51;;8;0;0;0;0;0;0;upmPYECDL;4260557422298;0
at_MarketplaceBooster_Vegavero (Marketplace Seller)_VEGAVERO Shiitake Extrakt;658280086;6.5.2026;cpc;0,51;;8;0;0;0;0;0;0;upmZ7P4AX;4260557421970;0
com_CrossSellReRank_Vegavero (Marketplace Seller)_VEGAVERO Nachtkerzen und Borretsch?l BIO;643092372;6.5.2026;cpc;0,31;;9;0;0;0;0;0;0;upm7KTFPH;4260557421420;0
com_CrossSellReRank_Vegavero (Marketplace Seller)_VEGAVERO Vitamin D3 und K2 ?l;652854756;6.5.2026;cpc;1,11;;8;0;0;0;0;0;0;upm7FHKKZ;4260557421437;0
at_MarketplaceBooster_Vegavero (Marketplace Seller)_VEGAVERO Quercetin Komplex;658445034;6.5.2026;cpc;1,01;;8;1;12,5;0;1,01;0;0;upmF2AFXC;4260557423509;1,01
at_MarketplaceBooster_Vegavero (Marketplace Seller)_VEGAVERO Hyaluronsaeure;620609033;6.5.2026;cpc;0,51;;9;0;0;0;0;0;0;upmKMAH3F;4260557420539;0
com_MarketplaceBooster_Vegavero (Marketplace Seller)_VEGAVERO Koffein;620560659;6.5.2026;cpc;0,51;;8;0;0;0;0;0;0;upm4XZRWY;4260557423127;0
it_MarketplaceBooster_Vegavero (Marketplace Seller)_VEGAVERO Rhodiola Rosea;658445090;6.5.2026;cpc;1,01;;8;0;0;0;0;0;0;14251036;4260557420102;0
at_MarketplaceBooster_Vegavero (Marketplace Seller)_VEGAVERO Zimt-Ceylon Extrakt;625767691;6.5.2026;cpc;0,51;;8;0;0;0;0;0;0;14251208;4260557420164;0
at_CrossSellReRank_Vegavero (Marketplace Seller)_VEGAVERO K?rbiskern?l BIO;658280089;6.5.2026;cpc;0,31;;8;0;0;0;0;0;0;upmY7MX4C;4260557422014;0
it_CrossSellReRank_Vegavero (Marketplace Seller)_VEGAVERO Enotera e Borragine  BIO;649091296;6.5.2026;cpc;0,31;;9;0;0;0;0;0;0;upm7KTFPH;4260557421420;0
at_MarketplaceBooster_Vegavero (Marketplace Seller)_VEGAVERO BIO Mushroom Mix;625774145;6.5.2026;cpc;0,51;;8;0;0;0;0;0;0;upmALDCEH;4260557423028;0
com_CrossSellReRank_Vegavero (Marketplace Seller)_VEGAVERO Vitamin D3+K2 Tropfen;643133550;6.5.2026;cpc;1,21;;14;1;12,5;0;1,21;0;0;upmKAXT9Y;4260557422915;1,21
at_CrossSellReRank_Vegavero (Marketplace Seller)_VEGAVERO Moringa BIO;658725473;6.5.2026;cpc;1,01;;10;1;12,5;0;1,01;0;0;14250893;4260309481115;1,01
it_CrossSellReRank_Vegavero (Marketplace Seller)_VEGAVERO Glucomammano BIO;649158747;6.5.2026;cpc;0,31;;9;0;0;0;0;0;0;upmLXEUT7;4260557423240;0
at_MarketplaceBooster_Vegavero (Marketplace Seller)_VEGAVERO Cholin Trio;658280067;6.5.2026;cpc;1,01;;8;2;25;0;2,02;0;0;upm97PFY9;4260557421826;1,01
it_MarketplaceBooster_Vegavero (Marketplace Seller)_VEGAVERO Cysti-Aid Complex;641622752;6.5.2026;cpc;0,51;;8;2;25;0;1,02;0;0;upmTZFCGA;4260557422199;0,51
SOLD_OUT_it_CrossSellReRank_Vegavero (Marketplace Seller)_VEGAVERO Vitamina B12 gocce;649144392;6.5.2026;cpc;0,31;;10;0;0;0;0;0;0;upmYRCT9P;4260557422908;0
at_MarketplaceBooster_Vegavero (Marketplace Seller)_VEGAVERO Apple Cider Vinegar;626443800;6.5.2026;cpc;0,51;;9;0;0;0;0;0;0;upmUTDZP9;4260557423158;0
SOLD_OUT_com_CrossSellReRank_Vegavero (Marketplace Seller)_VEGAVERO Vegan Collagen+Hyaluronic Acid;658347591;6.5.2026;cpc;1,21;;9;0;0;0;0;0;0;upmK3CG99;4260557422656;0
com_MarketplaceBooster_Vegavero (Marketplace Seller)_VEGAVERO Shilajit Mumijo;619715133;6.5.2026;cpc;0,51;;8;1;12,5;0;0,51;0;0;upmR33A3P;4260557421406;0,51
at_CrossSellReRank_Vegavero (Marketplace Seller)_VEGAVERO Cholin Bitartrat;658283014;6.5.2026;cpc;0,31;;10;0;0;0;0;0;0;upmU9FP9M;4260557423325;0
com_MarketplaceBooster_Vegavero (Marketplace Seller)_VEGAVERO Psyllium BIO;658295766;6.5.2026;cpc;0,51;;8;0;0;0;0;0;0;upmERYMM3;4260557423295;0
com_MarketplaceBooster_Vegavero (Marketplace Seller)_VEGAVERO Glucomannan BIO;658283040;6.5.2026;cpc;0,51;;7;0;0;0;0;0;0;upmLXEUT7;4260557423240;0
com_CrossSellReRank_Vegavero (Marketplace Seller)_VEGAVERO Papaya BIO;643089807;6.5.2026;cpc;0,31;;7;0;0;0;0;0;0;upm9HWLUD;4260557421055;0
com_MarketplaceBooster_Vegavero (Marketplace Seller)_VEGAVERO Light Legs Complex;658347560;6.5.2026;cpc;1,01;;7;1;14,285714;0;1,01;0;0;upmD7EWMP;4260557420454;1,01
it_MarketplaceBooster_Vegavero (Marketplace Seller)_VEGAVERO Ippocastano BIO Plus;620572890;6.5.2026;cpc;0,51;;7;0;0;0;0;0;0;upmUR4ZK4;4260557421239;0
it_MarketplaceBooster_Vegavero (Marketplace Seller)_VEGAVERO BCAA in Polvere;658381388;6.5.2026;cpc;1,01;;7;1;14,285714;0;1,01;0;0;upmWWWMYX;4260557423523;1,01
com_MarketplaceBooster_Vegavero (Marketplace Seller)_VEGAVERO Mushroom Mix Complex;620546918;6.5.2026;cpc;0,51;;7;0;0;0;0;0;0;upm4XDXPR;4260557422045;0
at_MarketplaceBooster_Vegavero (Marketplace Seller)_VEGAVERO Bromelain 2400 GDU/g;625775688;6.5.2026;cpc;0,51;;7;0;0;0;0;0;0;upm43HM34;4260557421130;0
com_MarketplaceBooster_Vegavero (Marketplace Seller)_VEGAVERO Chlorella BIO + Spirulina BIO;619667808;6.5.2026;cpc;1,01;;7;0;0;0;0;0;0;14250597;4260309484185;0
at_CrossSellReRank_Vegavero (Marketplace Seller)_VEGAVERO Glycin Pulver;658280144;6.5.2026;cpc;0,31;;8;0;0;0;0;0;0;upmR9H4DE;4260557422595;0
it_CrossSellReRank_Vegavero (Marketplace Seller)_VEGAVERO Cumino Nero BIO;658352478;6.5.2026;cpc;0,31;;7;1;14,285714;0;0,31;0;0;upmEUZ9F7;4260557421376;0,31
com_CrossSellReRank_Vegavero (Marketplace Seller)_VEGAVERO Elektrolyte Plus;643130058;6.5.2026;cpc;0,31;;7;0;0;0;0;0;0;upmD23XCL;4260557422823;0
at_MarketplaceBooster_Vegavero (Marketplace Seller)_VEGAVERO Chlorella BIO + Spirulina BIO;620611807;6.5.2026;cpc;0,51;;7;0;0;0;0;0;0;14250597;4260309484185;0
it_MarketplaceBooster_Vegavero (Marketplace Seller)_VEGAVERO Cordyceps Sinensis BIO;626451122;6.5.2026;cpc;0,51;;7;1;14,285714;0;0,51;0;0;upmTG77MW;4260557422991;0,51
com_MarketplaceBooster_Vegavero (Marketplace Seller)_VEGAVERO Taurin Pulver;658347271;6.5.2026;cpc;1,51;;7;1;14,285714;0;1,51;0;0;upmHULHZD;4260557423370;1,51
com_CrossSellReRank_Vegavero (Marketplace Seller)_VEGAVERO Sugar Balance Complex;652861490;6.5.2026;cpc;0,31;;10;0;0;0;0;0;0;upmAD4HK4;4260557422403;0
at_CrossSellReRank_Vegavero (Marketplace Seller)_VEGAVERO Bockshornklee BIO;658280184;6.5.2026;cpc;0,31;;7;0;0;0;0;0;0;upm7AL3PG;4260557422977;0
at_MarketplaceBooster_Vegavero (Marketplace Seller)_VEGAVERO Echinacea Plus;658282823;6.5.2026;cpc;0,31;;7;0;0;0;0;0;0;upmPHKX9F;4260557423141;0
com_MarketplaceBooster_Vegavero (Marketplace Seller)_VEGAVERO Beta-Alanin Pulver;658295769;6.5.2026;cpc;0,51;;7;0;0;0;0;0;0;upmFKHFRA;4260557423431;0
com_CrossSellReRank_Vegavero (Marketplace Seller)_VEGAVERO Shilajit Mumijo;643092358;6.5.2026;cpc;0,31;;7;0;0;0;0;0;0;upmR33A3P;4260557421406;0
com_MarketplaceBooster_Vegavero (Marketplace Seller)_VEGAVERO Chrom Plus;627595667;6.5.2026;cpc;0,51;;7;0;0;0;0;0;0;upmL7ZDD2;4260557422946;0
it_MarketplaceBooster_Vegavero (Marketplace Seller)_VEGAVERO L-Triptofano;658352472;6.5.2026;cpc;0,51;;7;0;0;0;0;0;0;14250841;4260309481108;0
com_MarketplaceBooster_Vegavero (Marketplace Seller)_VEGAVERO Hyaluronsaeure;620565218;6.5.2026;cpc;1,51;;7;0;0;0;0;0;0;upmPMLEP9;4260557423103;0
it_MarketplaceBooster_Vegavero (Marketplace Seller)_VEGAVERO Cannella Ceylon BIO;641627330;6.5.2026;cpc;0,51;;7;0;0;0;0;0;0;upmW9KKTG;4260557422618;0
com_MarketplaceBooster_Vegavero (Marketplace Seller)_VEGAVERO Curcuma BIO;618496721;6.5.2026;cpc;0,51;;7;1;14,285714;0;0,51;0;0;upm27X4XW;4260557422878;0,51
at_CrossSellReRank_Vegavero (Marketplace Seller)_VEGAVERO Party Hero;658283021;6.5.2026;cpc;0,31;;7;3;42,857143;0;0,93;0;0;upmFACEA7;4260557423356;0,31
com_CrossSellReRank_Vegavero (Marketplace Seller)_VEGAVERO Magnesium + Kalium;643084952;6.5.2026;cpc;0,31;;10;0;0;0;0;0;0;upm32MART;4260557420287;0
it_CrossSellReRank_Vegavero (Marketplace Seller)_VEGAVERO Strong Bones;658296089;6.5.2026;cpc;0,31;;10;0;0;0;0;0;0;upmAP9MLM;4260557423301;0
com_MarketplaceBooster_Vegavero (Marketplace Seller)_VEGAVERO Apple Cider Vinegar;620564988;6.5.2026;cpc;0,51;;7;0;0;0;0;0;0;upmUTDZP9;4260557423158;0
at_CrossSellReRank_Vegavero (Marketplace Seller)_VEGAVERO Magnesium + Kalium;658279990;6.5.2026;cpc;0,31;;8;0;0;0;0;0;0;upm32MART;4260557420287;0
it_CrossSellReRank_Vegavero (Marketplace Seller)_VEGAVERO Shiitake;649097667;6.5.2026;cpc;0,31;;7;0;0;0;0;0;0;upmZ7P4AX;4260557421970;0
it_MarketplaceBooster_Vegavero (Marketplace Seller)_VEGAVERO Boswellia;641624237;6.5.2026;cpc;0,51;;6;0;0;0;0;0;0;upmEH2K74;4260557422588;0
com_MarketplaceBooster_Vegavero (Marketplace Seller)_VEGAVERO Wild Yams + Zink;619660532;6.5.2026;cpc;0,51;;6;0;0;0;0;0;0;14251183;4260309481672;0
at_CrossSellReRank_Vegavero (Marketplace Seller)_VEGAVERO Resveratrol + Nicotinamid;658280009;6.5.2026;cpc;0,31;;6;0;0;0;0;0;0;upmGDDD7G;4260557420805;0
it_MarketplaceBooster_Vegavero (Marketplace Seller)_VEGAVERO Astaxantina;620574476;6.5.2026;cpc;1,11;;6;1;16,666667;0;1,11;0;0;upmYPTY2W;4260557421925;1,11
at_CrossSellReRank_Vegavero (Marketplace Seller)_VEGAVERO Papaya BIO;658295838;6.5.2026;cpc;0,31;;6;0;0;0;0;0;0;upm9HWLUD;4260557421055;0
it_MarketplaceBooster_Vegavero (Marketplace Seller)_VEGAVERO Origano BIO;641622706;6.5.2026;cpc;0,51;;6;2;33,333333;0;1,02;0;0;upmYCXAL7;4260557421932;0,51
it_CrossSellReRank_Vegavero (Marketplace Seller)_VEGAVERO Triphala BIO;649077190;6.5.2026;cpc;0,31;;8;0;0;0;0;0;0;upmGL239Y;4260557420812;0
it_CrossSellReRank_Vegavero (Marketplace Seller)_VEGAVERO Maitake BIO;649077201;6.5.2026;cpc;0,31;;7;0;0;0;0;0;0;upmW4TZYD;4260557420874;0
com_CrossSellReRank_Vegavero (Marketplace Seller)_VEGAVERO Natural Jod BIO;643084951;6.5.2026;cpc;0,31;;8;0;0;0;0;0;0;14250769;4260557420256;0
it_MarketplaceBooster_Vegavero (Marketplace Seller)_VEGAVERO Reishi;658296411;6.5.2026;cpc;0,51;;6;0;0;0;0;0;0;14251013;4260309481665;0
com_CrossSellReRank_Vegavero (Marketplace Seller)_VEGAVERO Griffonia Plus;643128060;6.5.2026;cpc;0,31;;6;0;0;0;0;0;0;upmHCULGA;4260557422755;0
com_CrossSellReRank_Vegavero (Marketplace Seller)_VEGAVERO Echinacea Plus;643137759;6.5.2026;cpc;0,31;;8;0;0;0;0;0;0;upmPHKX9F;4260557423141;0
at_MarketplaceBooster_Vegavero (Marketplace Seller)_VEGAVERO Triphala BIO;625772285;6.5.2026;cpc;0,51;;6;0;0;0;0;0;0;upmGL239Y;4260557420812;0
com_CrossSellReRank_Vegavero (Marketplace Seller)_VEGAVERO MSM Pulver DOSE;643236175;6.5.2026;cpc;0,61;;9;1;16,666667;0;0,61;0;0;upmTLUPGT;4260309483881;0,61
com_CrossSellReRank_Vegavero (Marketplace Seller)_VEGAVERO Vitamin B12 Spray Cherry;643079936;6.5.2026;cpc;0,31;;9;0;0;0;0;0;0;14251102;4260557420027;0
com_CrossSellReRank_Vegavero (Marketplace Seller)_VEGAVERO Brahmi BIO;643093286;6.5.2026;cpc;0,31;;7;1;16,666667;0;0,31;0;0;upmHFPDDK;4260557421956;0,31
com_CrossSellReRank_Vegavero (Marketplace Seller)_VEGAVERO Ackerschachtelhalm BIO;643090788;6.5.2026;cpc;0,31;;8;0;0;0;0;0;0;upmDKAWH3;4260557421307;0
at_MarketplaceBooster_Vegavero (Marketplace Seller)_VEGAVERO Cordyceps Extrakt;658347645;6.5.2026;cpc;0,51;;6;1;16,666667;0;0,51;0;0;14250611;4260309483218;0,51
at_MarketplaceBooster_Vegavero (Marketplace Seller)_VEGAVERO BCAA Pulver Mango;658445037;6.5.2026;cpc;1,01;;6;0;0;0;0;0;0;upmWWWMYX;4260557423523;0
com_CrossSellReRank_Vegavero (Marketplace Seller)_VEGAVERO Mariendistel Plus;652868608;6.5.2026;cpc;0,31;;10;0;0;0;0;0;0;upmR9H2HU;4260557422892;0
it_MarketplaceBooster_Vegavero (Marketplace Seller)_VEGAVERO Youth Biotics;658445086;6.5.2026;cpc;1,01;;6;1;16,666667;0;1,01;0;0;upmW7Y7DL;4260557423462;1,01
at_MarketplaceBooster_Vegavero (Marketplace Seller)_VEGAVERO Mushroom Mix Complex;625773721;6.5.2026;cpc;0,51;;6;0;0;0;0;0;0;upm4XDXPR;4260557422045;0
at_MarketplaceBooster_Vegavero (Marketplace Seller)_VEGAVERO Ashwagandha BIO;625771655;6.5.2026;cpc;0,51;;6;1;16,666667;0;0,51;0;0;upmUPLLZH;4260557420676;0,51
at_MarketplaceBooster_Vegavero (Marketplace Seller)_VEGAVERO Chrom Plus;626442427;6.5.2026;cpc;0,51;;6;0;0;0;0;0;0;upmL7ZDD2;4260557422946;0
it_CrossSellReRank_Vegavero (Marketplace Seller)_VEGAVERO Echinacea Plus;649151902;6.5.2026;cpc;0,31;;12;0;0;0;0;0;0;upmPHKX9F;4260557423141;0
at_CrossSellReRank_Vegavero (Marketplace Seller)_VEGAVERO OPC Trio;658282816;6.5.2026;cpc;0,31;;6;1;16,666667;0;0,31;0;0;upmWFGGMG;4260557423097;0,31
at_CrossSellReRank_Vegavero (Marketplace Seller)_VEGAVERO Vision Care Complex;658347600;6.5.2026;cpc;0,31;;6;0;0;0;0;0;0;upmWRPTR4;4260557420867;0
it_CrossSellReRank_Vegavero (Marketplace Seller)_VEGAVERO Multivitamino Spray per Bambini;649081621;6.5.2026;cpc;0,31;;13;0;0;0;0;0;0;upm9ZTF3H;4260557421178;0
at_CrossSellReRank_Vegavero (Marketplace Seller)_VEGAVERO Myo-Inositol Complex;658280066;6.5.2026;cpc;1,21;;7;0;0;0;0;0;0;upm7PGM77;4260557421765;0
com_CrossSellReRank_Vegavero (Marketplace Seller)_VEGAVERO Glucosamin Complex;643088059;6.5.2026;cpc;0,31;;8;0;0;0;0;0;0;upmTYL3Y7;4260557420737;0
at_CrossSellReRank_Vegavero (Marketplace Seller)_VEGAVERO Koffein;658282821;6.5.2026;cpc;0,31;;10;0;0;0;0;0;0;upm4XZRWY;4260557423127;0
at_CrossSellReRank_Vegavero (Marketplace Seller)_VEGAVERO Papaya Enzym;658280137;6.5.2026;cpc;0,31;;6;0;0;0;0;0;0;14250930;4260309482648;0
it_MarketplaceBooster_Vegavero (Marketplace Seller)_VEGAVERO Nattokinase;649159872;6.5.2026;cpc;0,51;;6;1;16,666667;0;0,51;0;0;upm2ZL4CL;4260557423264;0,51
at_MarketplaceBooster_Vegavero (Marketplace Seller)_VEGAVERO Echinacea Plus;626443785;6.5.2026;cpc;0,51;;6;0;0;0;0;0;0;upmPHKX9F;4260557423141;0
it_MarketplaceBooster_Vegavero (Marketplace Seller)_VEGAVERO Acido Ialuronico;626451040;6.5.2026;cpc;0,51;;6;0;0;0;0;0;0;upmKMAH3F;4260557420539;0
at_CrossSellReRank_Vegavero (Marketplace Seller)_VEGAVERO Ashwagandha BIO;658280005;6.5.2026;cpc;0,31;;6;0;0;0;0;0;0;upmUPLLZH;4260557420676;0
at_CrossSellReRank_Vegavero (Marketplace Seller)_VEGAVERO Griffonia Plus;658280154;6.5.2026;cpc;0,31;;5;0;0;0;0;0;0;upmHCULGA;4260557422755;0
com_CrossSellReRank_Vegavero (Marketplace Seller)_VEGAVERO Quercetin Komplex;658469905;6.5.2026;cpc;0,61;;5;0;0;0;0;0;0;upmF2AFXC;4260557423509;0
it_CrossSellReRank_Vegavero (Marketplace Seller)_VEGAVERO Astragalo BIO;649084562;6.5.2026;cpc;0,31;;8;0;0;0;0;0;0;upmCGKMCH;4260557421222;0
it_MarketplaceBooster_Vegavero (Marketplace Seller)_VEGAVERO Serenity Complex;641646664;6.5.2026;cpc;0,51;;5;2;40;0;1,02;0;0;upmZFGPHR;4260557422830;0,51
com_CrossSellReRank_Vegavero (Marketplace Seller)_VEGAVERO Vegan Essentials Complex;643092356;6.5.2026;cpc;0,31;;5;0;0;0;0;0;0;upmHHT433;4260557421390;0
com_CrossSellReRank_Vegavero (Marketplace Seller)_VEGAVERO Griffonia;658283048;6.5.2026;cpc;1,41;;5;0;0;0;0;0;0;upmG7RZLC;4260557423318;0
at_CrossSellReRank_Vegavero (Marketplace Seller)_VEGAVERO Glucosamin Complex;658280006;6.5.2026;cpc;0,31;;11;0;0;0;0;0;0;upmTYL3Y7;4260557420737;0
at_CrossSellReRank_Vegavero (Marketplace Seller)_VEGAVERO Brahmi BIO;658280083;6.5.2026;cpc;0,31;;5;0;0;0;0;0;0;upmHFPDDK;4260557421956;0
com_CrossSellReRank_Vegavero (Marketplace Seller)_VEGAVERO Leinsamen?l BIO;643093628;6.5.2026;cpc;0,31;;6;0;0;0;0;0;0;upmKU4FAU;4260557422038;0
com_MarketplaceBooster_Vegavero (Marketplace Seller)_VEGAVERO Griffonia;658283046;6.5.2026;cpc;1,51;;5;0;0;0;0;0;0;upmG7RZLC;4260557423318;0
at_CrossSellReRank_Vegavero (Marketplace Seller)_VEGAVERO Roter Reis Plus;658282817;6.5.2026;cpc;0,31;;5;0;0;0;0;0;0;upmDFWTTT;4260557423110;0
at_MarketplaceBooster_Vegavero (Marketplace Seller)_VEGAVERO Astaxanthin ?l;620605150;6.5.2026;cpc;0,51;;5;0;0;0;0;0;0;upmYPTY2W;4260557421925;0
at_MarketplaceBooster_Vegavero (Marketplace Seller)_VEGAVERO Tribulus terrestris Extrakt;658279972;6.5.2026;cpc;0,51;;5;0;0;0;0;0;0;14251088;4260309481313;0
com_MarketplaceBooster_Vegavero (Marketplace Seller)_VEGAVERO EAA Pulver Pfirsich;658445060;6.5.2026;cpc;2,01;;5;0;0;0;0;0;0;upmP94YR7;4260557423530;0
com_MarketplaceBooster_Vegavero (Marketplace Seller)_VEGAVERO Triphala BIO;619677150;6.5.2026;cpc;0,51;;5;0;0;0;0;0;0;upmGL239Y;4260557420812;0
SOLD_OUT_com_CrossSellReRank_Vegavero (Marketplace Seller)_VEGAVERO Pro Bio Kids BIO;643084950;6.5.2026;cpc;0,31;;5;0;0;0;0;0;0;14250953;4260557420249;0
it_CrossSellReRank_Vegavero (Marketplace Seller)_VEGAVERO Colina;649091299;6.5.2026;cpc;0,31;;6;0;0;0;0;0;0;upm97PFY9;4260557421826;0
com_CrossSellReRank_Vegavero (Marketplace Seller)_VEGAVERO Vitamin C liposomal;643129759;6.5.2026;cpc;0,31;;7;0;0;0;0;0;0;upm77WEEP;4260557422786;0
at_CrossSellReRank_Vegavero (Marketplace Seller)_VEGAVERO Boswellia Extrakt;658280140;6.5.2026;cpc;0,31;;5;0;0;0;0;0;0;upmEH2K74;4260557422588;0
at_CrossSellReRank_Vegavero (Marketplace Seller)_VEGAVERO Saccharomyces boulardii;658347619;6.5.2026;cpc;0,81;;5;1;20;0;0,81;0;0;upmWDER3T;4260557421949;0,81
at_MarketplaceBooster_Vegavero (Marketplace Seller)_VEGAVERO Beifu? Extrakt;658280100;6.5.2026;cpc;0,61;;5;0;0;0;0;0;0;upmWMGCRY;4260557422090;0
com_MarketplaceBooster_Vegavero (Marketplace Seller)_VEGAVERO Shiitake Extrakt;619721567;6.5.2026;cpc;0,51;;5;0;0;0;0;0;0;upmZ7P4AX;4260557421970;0
at_CrossSellReRank_Vegavero (Marketplace Seller)_VEGAVERO Griffonia;658283010;6.5.2026;cpc;1,51;;5;0;0;0;0;0;0;upmG7RZLC;4260557423318;0
at_MarketplaceBooster_Vegavero (Marketplace Seller)_VEGAVERO Saccharomyces boulardii;658347617;6.5.2026;cpc;0,51;;5;1;20;0;0,51;0;0;upmWDER3T;4260557421949;0,51
com_MarketplaceBooster_Vegavero (Marketplace Seller)_VEGAVERO Keto Power;658283042;6.5.2026;cpc;0,51;;5;0;0;0;0;0;0;upmP77L3M;4260557423288;0
com_CrossSellReRank_Vegavero (Marketplace Seller)_VEGAVERO Bockshornklee BIO;643134873;6.5.2026;cpc;0,31;;6;0;0;0;0;0;0;upm7AL3PG;4260557422977;0
it_CrossSellReRank_Vegavero (Marketplace Seller)_VEGAVERO Ferro;658331759;6.5.2026;cpc;0,31;;6;0;0;0;0;0;0;14250692;4260309483065;0
SOLD_OUT_com_MarketplaceBooster_Vegavero (Marketplace Seller)_VEGAVERO Guggul;652847799;6.5.2026;cpc;0,51;;5;0;0;0;0;0;0;upmT99EZK;4260557421123;0
at_MarketplaceBooster_Vegavero (Marketplace Seller)_VEGAVERO Curcuma BIO;626440031;6.5.2026;cpc;0,51;;5;0;0;0;0;0;0;upm27X4XW;4260557422878;0
at_MarketplaceBooster_Vegavero (Marketplace Seller)_VEGAVERO Nachtkerzen und Borretsch?l BIO;658295855;6.5.2026;cpc;0,51;;5;0;0;0;0;0;0;upm7KTFPH;4260557421420;0
at_MarketplaceBooster_Vegavero (Marketplace Seller)_VEGAVERO Papaya Enzym;625793359;6.5.2026;cpc;0,51;;5;0;0;0;0;0;0;14250930;4260309482648;0
com_CrossSellReRank_Vegavero (Marketplace Seller)_VEGAVERO Cordyceps sinensis BIO;658295815;6.5.2026;cpc;0,31;;7;0;0;0;0;0;0;upmTG77MW;4260557422991;0
SOLD_OUT_com_CrossSellReRank_Vegavero (Marketplace Seller)_VEGAVERO Taurin Plus;643136001;6.5.2026;cpc;0,31;;5;0;0;0;0;0;0;upmXXW9XA;4260557423059;0
at_CrossSellReRank_Vegavero (Marketplace Seller)_VEGAVERO Multivitamin Spray Junior;658280046;6.5.2026;cpc;0,31;;6;0;0;0;0;0;0;upm9ZTF3H;4260557421178;0
com_CrossSellReRank_Vegavero (Marketplace Seller)_VEGAVERO Glycin Pulver;658347520;6.5.2026;cpc;0,31;;4;0;0;0;0;0;0;upmTGWG29;4260557423479;0
it_CrossSellReRank_Vegavero (Marketplace Seller)_VEGAVERO Shilajit Mumijo;649090838;6.5.2026;cpc;0,31;;4;0;0;0;0;0;0;upmR33A3P;4260557421406;0
com_CrossSellReRank_Vegavero (Marketplace Seller)_VEGAVERO Chia ?l BIO;643127528;6.5.2026;cpc;0,31;;4;1;25;0;0,31;0;0;upmK7YWLD;4260557422649;0,31
com_CrossSellReRank_Vegavero (Marketplace Seller)_VEGAVERO Omega-3 ?l;643091125;6.5.2026;cpc;1,31;;5;0;0;0;0;0;0;upm9KDWAZ;4260557421383;0
com_MarketplaceBooster_Vegavero (Marketplace Seller)_VEGAVERO Papaya Enzym;620527421;6.5.2026;cpc;0,51;;4;0;0;0;0;0;0;14250930;4260309482648;0
it_CrossSellReRank_Vegavero (Marketplace Seller)_VEGAVERO Keto Power;658295963;6.5.2026;cpc;0,31;;4;0;0;0;0;0;0;upmP77L3M;4260557423288;0
at_MarketplaceBooster_Vegavero (Marketplace Seller)_VEGAVERO EAA;625771660;6.5.2026;cpc;0,51;;4;0;0;0;0;0;0;upmGMXXY9;4260557420744;0
it_MarketplaceBooster_Vegavero (Marketplace Seller)_VEGAVERO Triphala BIO;620567265;6.5.2026;cpc;0,51;;4;0;0;0;0;0;0;upmGL239Y;4260557420812;0
at_MarketplaceBooster_Vegavero (Marketplace Seller)_VEGAVERO Vitamin B3 (Nicotinamid);625772385;6.5.2026;cpc;0,81;;4;0;0;0;0;0;0;upmUEXHE2;4260557420850;0
at_CrossSellReRank_Vegavero (Marketplace Seller)_VEGAVERO Nattokinase;658282838;6.5.2026;cpc;0,31;;5;0;0;0;0;0;0;upm2ZL4CL;4260557423264;0
com_CrossSellReRank_Vegavero (Marketplace Seller)_VEGAVERO L-Glutamin Pulver;643141362;6.5.2026;cpc;0,31;;4;0;0;0;0;0;0;upmUPTFMH;4260557423233;0
com_MarketplaceBooster_Vegavero (Marketplace Seller)_VEGAVERO Tribulus terrestris Extrakt;619660805;6.5.2026;cpc;0,51;;4;2;50;0;1,02;0;0;14251088;4260309481313;0,51
at_CrossSellReRank_Vegavero (Marketplace Seller)_VEGAVERO Natural Jod BIO;658279988;6.5.2026;cpc;0,31;;6;0;0;0;0;0;0;14250769;4260557420256;0
com_CrossSellReRank_Vegavero (Marketplace Seller)_VEGAVERO Salbei BIO;643089690;6.5.2026;cpc;0,31;;5;0;0;0;0;0;0;upmMMLDZE;4260557420966;0
it_CrossSellReRank_Vegavero (Marketplace Seller)_VEGAVERO MSM;658296418;6.5.2026;cpc;0,61;;6;0;0;0;0;0;0;upmWCKTTE;4260309481214;0
com_CrossSellReRank_Vegavero (Marketplace Seller)_VEGAVERO Astaxanthin ?l;643093279;6.5.2026;cpc;0,31;;6;0;0;0;0;0;0;upmYPTY2W;4260557421925;0
com_MarketplaceBooster_Vegavero (Marketplace Seller)_VEGAVERO Hyaluronsaeure;620565217;6.5.2026;cpc;1,51;;4;0;0;0;0;0;0;upmKMAH3F;4260557420539;0
it_MarketplaceBooster_Vegavero (Marketplace Seller)_VEGAVERO Chrom Plus;641642728;6.5.2026;cpc;0,51;;4;0;0;0;0;0;0;upmL7ZDD2;4260557422946;0
com_CrossSellReRank_Vegavero (Marketplace Seller)_VEGAVERO Light Legs Complex;658347562;6.5.2026;cpc;0,31;;4;0;0;0;0;0;0;upmD7EWMP;4260557420454;0
it_CrossSellReRank_Vegavero (Marketplace Seller)_VEGAVERO Papaya BIO;649077206;6.5.2026;cpc;0,31;;6;0;0;0;0;0;0;upm9HWLUD;4260557421055;0
it_MarketplaceBooster_Vegavero (Marketplace Seller)_VEGAVERO Fieno Greco BIO;641649770;6.5.2026;cpc;0,51;;4;1;25;0;0,51;0;0;upm7AL3PG;4260557422977;0,51
it_MarketplaceBooster_Vegavero (Marketplace Seller)_VEGAVERO Lecitina BIO;626459035;6.5.2026;cpc;0,51;;4;0;0;0;0;0;0;upm2HFKPC;4260557422021;0
at_CrossSellReRank_Vegavero (Marketplace Seller)_VEGAVERO Serenity;658280179;6.5.2026;cpc;0,31;;6;0;0;0;0;0;0;upmZFGPHR;4260557422830;0
at_CrossSellReRank_Vegavero (Marketplace Seller)_VEGAVERO Brewers Yeast;658347644;6.5.2026;cpc;0,31;;4;0;0;0;0;0;0;upmKUKGHH;4260557423332;0
at_CrossSellReRank_Vegavero (Marketplace Seller)_VEGAVERO Tribulus terrestris Extrakt;658279971;6.5.2026;cpc;0,31;;4;0;0;0;0;0;0;14251088;4260309481313;0
at_CrossSellReRank_Vegavero (Marketplace Seller)_VEGAVERO Vitamin B12 Spray Junior;658280108;6.5.2026;cpc;0,31;;4;0;0;0;0;0;0;upm3RXHUC;4260557422229;0
at_CrossSellReRank_Vegavero (Marketplace Seller)_VEGAVERO Cordyceps sinensis BIO;658282808;6.5.2026;cpc;0,31;;5;1;25;0;0,31;0;0;upmTG77MW;4260557422991;0,31
at_CrossSellReRank_Vegavero (Marketplace Seller)_VEGAVERO EAA;658280007;6.5.2026;cpc;0,31;;3;0;0;0;0;0;0;upmGMXXY9;4260557420744;0
at_CrossSellReRank_Vegavero (Marketplace Seller)_VEGAVERO Vitamin K2;658295904;6.5.2026;cpc;0,31;;4;0;0;0;0;0;0;upmFYFHAU;4260557423424;0
at_MarketplaceBooster_Vegavero (Marketplace Seller)_VEGAVERO Moringa BIO;620604770;6.5.2026;cpc;1,41;;3;0;0;0;0;0;0;14250893;4260309481115;0
at_CrossSellReRank_Vegavero (Marketplace Seller)_VEGAVERO Chrom Plus;658280180;6.5.2026;cpc;0,31;;3;0;0;0;0;0;0;upmL7ZDD2;4260557422946;0
com_CrossSellReRank_Vegavero (Marketplace Seller)_VEGAVERO Taurin Pulver;658347286;6.5.2026;cpc;0,31;;6;0;0;0;0;0;0;upmHULHZD;4260557423370;0
it_CrossSellReRank_Vegavero (Marketplace Seller)_VEGAVERO Iodio naturale BIO;658445106;6.5.2026;cpc;0,31;;4;0;0;0;0;0;0;14250769;4260557420256;0
at_CrossSellReRank_Vegavero (Marketplace Seller)_VEGAVERO Brennnessel BIO;658280036;6.5.2026;cpc;0,31;;3;0;0;0;0;0;0;upm9RX43T;4260557421031;0
SOLD_OUT_com_CrossSellReRank_Vegavero (Marketplace Seller)_VEGAVERO Guggul;652847887;6.5.2026;cpc;0,31;;4;0;0;0;0;0;0;upmT99EZK;4260557421123;0
com_CrossSellReRank_Vegavero (Marketplace Seller)_VEGAVERO Psyllium BIO;658295762;6.5.2026;cpc;0,31;;4;0;0;0;0;0;0;upmERYMM3;4260557423295;0
com_MarketplaceBooster_Vegavero (Marketplace Seller)_VEGAVERO Brennnessel BIO;619682703;6.5.2026;cpc;0,51;;3;0;0;0;0;0;0;upm9RX43T;4260557421031;0
com_CrossSellReRank_Vegavero (Marketplace Seller)_VEGAVERO Strong Bones;658283045;6.5.2026;cpc;0,31;;4;0;0;0;0;0;0;upmAP9MLM;4260557423301;0
com_CrossSellReRank_Vegavero (Marketplace Seller)_VEGAVERO Astragalus BIO;643090713;6.5.2026;cpc;0,31;;3;0;0;0;0;0;0;upmCGKMCH;4260557421222;0
SOLD_OUT_it_CrossSellReRank_Vegavero (Marketplace Seller)_VEGAVERO Taurina Plus;649149719;6.5.2026;cpc;0,31;;8;0;0;0;0;0;0;upmXXW9XA;4260557423059;0
at_MarketplaceBooster_Vegavero (Marketplace Seller)_VEGAVERO Ackerschachtelhalm BIO;658347603;6.5.2026;cpc;0,51;;3;0;0;0;0;0;0;upmDKAWH3;4260557421307;0
at_CrossSellReRank_Vegavero (Marketplace Seller)_VEGAVERO Vitamin D3 und K2 ?l;658280065;6.5.2026;cpc;1,11;;3;0;0;0;0;0;0;upm7FHKKZ;4260557421437;0
at_CrossSellReRank_Vegavero (Marketplace Seller)_VEGAVERO Quercetin Komplex;658445035;6.5.2026;cpc;0,61;;4;0;0;0;0;0;0;upmF2AFXC;4260557423509;0
com_CrossSellReRank_Vegavero (Marketplace Seller)_VEGAVERO Vitamin K2;658347334;6.5.2026;cpc;0,31;;3;0;0;0;0;0;0;upmFYFHAU;4260557423424;0
it_CrossSellReRank_Vegavero (Marketplace Seller)_VEGAVERO Olio di semi di Lino BIO;649102015;6.5.2026;cpc;0,31;;8;0;0;0;0;0;0;upmKU4FAU;4260557422038;0
com_MarketplaceBooster_Vegavero (Marketplace Seller)_VEGAVERO Cordyceps Extrakt;658347556;6.5.2026;cpc;1,01;;3;0;0;0;0;0;0;14250611;4260309483218;0
com_CrossSellReRank_Vegavero (Marketplace Seller)_VEGAVERO Zimt-Ceylon Extrakt;643084475;6.5.2026;cpc;0,31;;4;0;0;0;0;0;0;14251208;4260557420164;0
com_MarketplaceBooster_Vegavero (Marketplace Seller)_VEGAVERO EAA;619674321;6.5.2026;cpc;0,51;;3;0;0;0;0;0;0;upmGMXXY9;4260557420744;0
at_CrossSellReRank_Vegavero (Marketplace Seller)_VEGAVERO Salbei BIO;658280032;6.5.2026;cpc;0,31;;5;0;0;0;0;0;0;upmMMLDZE;4260557420966;0
com_CrossSellReRank_Vegavero (Marketplace Seller)_VEGAVERO Pro Bio Kulturenkomplex;643080114;6.5.2026;cpc;0,31;;3;0;0;0;0;0;0;14250976;4260557420034;0
it_MarketplaceBooster_Vegavero (Marketplace Seller)_VEGAVERO Magnesio + Potassio;620566099;6.5.2026;cpc;0,51;;3;2;66,666667;0;1,02;0;0;upm32MART;4260557420287;0,51
at_CrossSellReRank_Vegavero (Marketplace Seller)_VEGAVERO Bromelain 2500 GDU/g;658280042;6.5.2026;cpc;0,31;;5;0;0;0;0;0;0;upm43HM34;4260557421130;0
at_MarketplaceBooster_Vegavero (Marketplace Seller)_VEGAVERO Ingwer BIO;625770334;6.5.2026;cpc;0,51;;3;0;0;0;0;0;0;upmPX4TPU;4260557420386;0
at_CrossSellReRank_Vegavero (Marketplace Seller)_VEGAVERO Vitamin B3 (Nicotinamid);658280014;6.5.2026;cpc;0,51;;4;0;0;0;0;0;0;upmUEXHE2;4260557420850;0
it_MarketplaceBooster_Vegavero (Marketplace Seller)_VEGAVERO Acido Ialuronico;626451010;6.5.2026;cpc;0,51;;3;1;33,333333;0;0,51;0;0;upmPMLEP9;4260557423103;0,51
it_CrossSellReRank_Vegavero (Marketplace Seller)_VEGAVERO Femme Biotics;658445084;6.5.2026;cpc;0,61;;3;0;0;0;0;0;0;upm4AEDEP;4260557423455;0
com_CrossSellReRank_Vegavero (Marketplace Seller)_VEGAVERO Hyaluronsaeure;643078405;6.5.2026;cpc;0,31;;3;0;0;0;0;0;0;upmPMLEP9;4260557423103;0
it_CrossSellReRank_Vegavero (Marketplace Seller)_VEGAVERO Bacopa BIO;649096403;6.5.2026;cpc;0,31;;6;0;0;0;0;0;0;upmHFPDDK;4260557421956;0
com_CrossSellReRank_Vegavero (Marketplace Seller)_VEGAVERO Reishi Extrakt;643082721;6.5.2026;cpc;0,31;;3;0;0;0;0;0;0;14251013;4260309481665;0
com_CrossSellReRank_Vegavero (Marketplace Seller)_VEGAVERO Cordyceps Extrakt;658347557;6.5.2026;cpc;0,31;;5;0;0;0;0;0;0;14250611;4260309483218;0
com_MarketplaceBooster_Vegavero (Marketplace Seller)_VEGAVERO Beifu? Extrakt;658295464;6.5.2026;cpc;0,61;;3;1;33,333333;0;0,61;0;0;upmWMGCRY;4260557422090;0,61
com_MarketplaceBooster_Vegavero (Marketplace Seller)_VEGAVERO Cordyceps sinensis BIO;620541534;6.5.2026;cpc;0,51;;3;0;0;0;0;0;0;upmTG77MW;4260557422991;0
at_CrossSellReRank_Vegavero (Marketplace Seller)_VEGAVERO Zimt Extrakt BIO;658280146;6.5.2026;cpc;0,31;;5;0;0;0;0;0;0;upmW9KKTG;4260557422618;0
com_MarketplaceBooster_Vegavero (Marketplace Seller)_VEGAVERO Reishi Extrakt;619660758;6.5.2026;cpc;0,51;;3;0;0;0;0;0;0;14251013;4260309481665;0
com_CrossSellReRank_Vegavero (Marketplace Seller)_VEGAVERO Glucosamin Plus;658347224;6.5.2026;cpc;0,31;;2;0;0;0;0;0;0;upmKWW3MD;4260557423349;0
at_CrossSellReRank_Vegavero (Marketplace Seller)_VEGAVERO Pro Bio Kulturenkomplex;643057502;6.5.2026;cpc;0,31;;2;0;0;0;0;0;0;14250976;4260557420034;0
com_CrossSellReRank_Vegavero (Marketplace Seller)_VEGAVERO Glycin Pulver;658295818;6.5.2026;cpc;0,31;;4;0;0;0;0;0;0;upmR9H4DE;4260557422595;0
com_CrossSellReRank_Vegavero (Marketplace Seller)_VEGAVERO Apple Cider Vinegar;643138167;6.5.2026;cpc;0,31;;3;0;0;0;0;0;0;upmUTDZP9;4260557423158;0
at_CrossSellReRank_Vegavero (Marketplace Seller)_VEGAVERO Astaxanthin ?l;658280070;6.5.2026;cpc;0,31;;2;0;0;0;0;0;0;upmYPTY2W;4260557421925;0
com_MarketplaceBooster_Vegavero (Marketplace Seller)_VEGAVERO Brahmi BIO;619717869;6.5.2026;cpc;0,51;;2;1;50;0;0,51;0;0;upmHFPDDK;4260557421956;0,51
it_CrossSellReRank_Vegavero (Marketplace Seller)_VEGAVERO Curcuma BIO;649142586;6.5.2026;cpc;0,31;;3;0;0;0;0;0;0;upm27X4XW;4260557422878;0
com_CrossSellReRank_Vegavero (Marketplace Seller)_VEGAVERO Wild Yams + Zink;643234437;6.5.2026;cpc;0,31;;2;0;0;0;0;0;0;14251183;4260309481672;0
at_CrossSellReRank_Vegavero (Marketplace Seller)_VEGAVERO Wild Yams + Zink;658279949;6.5.2026;cpc;0,31;;2;0;0;0;0;0;0;14251183;4260309481672;0
it_MarketplaceBooster_Vegavero (Marketplace Seller)_VEGAVERO Papaya BIO;641643600;6.5.2026;cpc;0,51;;2;0;0;0;0;0;0;upm9HWLUD;4260557421055;0
it_CrossSellReRank_Vegavero (Marketplace Seller)_VEGAVERO Vitamina C Liposomiale;649120758;6.5.2026;cpc;0,61;;3;0;0;0;0;0;0;upm77WEEP;4260557422786;0
at_MarketplaceBooster_Vegavero (Marketplace Seller)_VEGAVERO Maitake BIO;658295833;6.5.2026;cpc;0,51;;2;0;0;0;0;0;0;upmW4TZYD;4260557420874;0
at_CrossSellReRank_Vegavero (Marketplace Seller)_VEGAVERO Hyaluronsaeure;643052787;6.5.2026;cpc;0,31;;2;0;0;0;0;0;0;upmPMLEP9;4260557423103;0
it_CrossSellReRank_Vegavero (Marketplace Seller)_VEGAVERO Chaga BIO;649104196;6.5.2026;cpc;0,31;;2;0;0;0;0;0;0;upmPYECDL;4260557422298;0
com_CrossSellReRank_Vegavero (Marketplace Seller)_VEGAVERO D-Mannose Complex;643077907;6.5.2026;cpc;0,31;;3;0;0;0;0;0;0;14250640;4260309482747;0
com_CrossSellReRank_Vegavero (Marketplace Seller)_VEGAVERO Zimt Extrakt BIO;643084936;6.5.2026;cpc;0,31;;2;0;0;0;0;0;0;upmW9KKTG;4260557422618;0
it_CrossSellReRank_Vegavero (Marketplace Seller)_VEGAVERO Lievito di Birra;658296221;6.5.2026;cpc;0,31;;4;0;0;0;0;0;0;upmKUKGHH;4260557423332;0
SOLD_OUT_com_CrossSellReRank_Vegavero (Marketplace Seller)_VEGAVERO Vitamin B12 Tropfen;643132496;6.5.2026;cpc;0,31;;4;0;0;0;0;0;0;upmYRCT9P;4260557422908;0
at_MarketplaceBooster_Vegavero (Marketplace Seller)_VEGAVERO Koffein;626443345;6.5.2026;cpc;0,51;;2;0;0;0;0;0;0;upm4XZRWY;4260557423127;0
at_CrossSellReRank_Vegavero (Marketplace Seller)_VEGAVERO Psyllium BIO;658282986;6.5.2026;cpc;0,31;;2;0;0;0;0;0;0;upmERYMM3;4260557423295;0
it_CrossSellReRank_Vegavero (Marketplace Seller)_VEGAVERO EAA in Polvere;658381331;6.5.2026;cpc;0,61;;3;0;0;0;0;0;0;upmP94YR7;4260557423530;0
com_CrossSellReRank_Vegavero (Marketplace Seller)_VEGAVERO Papaya Enzym;643094177;6.5.2026;cpc;0,31;;2;0;0;0;0;0;0;14250930;4260309482648;0
at_MarketplaceBooster_Vegavero (Marketplace Seller)_VEGAVERO Cordyceps sinensis BIO;620609037;6.5.2026;cpc;0,51;;2;0;0;0;0;0;0;upmTG77MW;4260557422991;0
com_CrossSellReRank_Vegavero (Marketplace Seller)_VEGAVERO Colon Care Complex;643084949;6.5.2026;cpc;0,31;;2;0;0;0;0;0;0;14250605;4260557420201;0
at_CrossSellReRank_Vegavero (Marketplace Seller)_VEGAVERO D-Mannose Pulver;658295900;6.5.2026;cpc;0,31;;3;0;0;0;0;0;0;14250686;4260309481603;0
com_CrossSellReRank_Vegavero (Marketplace Seller)_VEGAVERO Prostaid Complex;658727269;6.5.2026;cpc;1,31;;6;0;0;0;0;0;0;upmCEE43U;4260557420515;0
it_CrossSellReRank_Vegavero (Marketplace Seller)_VEGAVERO Sugar Balance Complex;649105321;6.5.2026;cpc;0,31;;2;0;0;0;0;0;0;upmAD4HK4;4260557422403;0
it_CrossSellReRank_Vegavero (Marketplace Seller)_VEGAVERO Chrom Plus;649145953;6.5.2026;cpc;0,31;;3;0;0;0;0;0;0;upmL7ZDD2;4260557422946;0
at_MarketplaceBooster_Vegavero (Marketplace Seller)_VEGAVERO Chaga BIO;625789278;6.5.2026;cpc;0,51;;2;0;0;0;0;0;0;upmPYECDL;4260557422298;0
com_CrossSellReRank_Vegavero (Marketplace Seller)_VEGAVERO Beta-Alanin Pulver;658295770;6.5.2026;cpc;0,31;;3;0;0;0;0;0;0;upmFKHFRA;4260557423431;0
at_MarketplaceBooster_Vegavero (Marketplace Seller)_VEGAVERO EAA Pulver Pfirsich;658445040;6.5.2026;cpc;1,01;;2;0;0;0;0;0;0;upmP94YR7;4260557423530;0
at_CrossSellReRank_Vegavero (Marketplace Seller)_VEGAVERO MSM Pulver DOSE;658279976;6.5.2026;cpc;0,61;;2;0;0;0;0;0;0;upmTLUPGT;4260309483881;0
at_CrossSellReRank_Vegavero (Marketplace Seller)_VEGAVERO Astragalus BIO;658280053;6.5.2026;cpc;0,31;;2;0;0;0;0;0;0;upmCGKMCH;4260557421222;0
at_MarketplaceBooster_Vegavero (Marketplace Seller)_VEGAVERO Astragalus BIO;625778112;6.5.2026;cpc;1,01;;2;0;0;0;0;0;0;upmCGKMCH;4260557421222;0
it_CrossSellReRank_Vegavero (Marketplace Seller)_VEGAVERO Igname Selvatico +  Zinco;658353188;6.5.2026;cpc;0,31;;2;0;0;0;0;0;0;14251183;4260309481672;0
com_MarketplaceBooster_Vegavero (Marketplace Seller)_VEGAVERO Ackerschachtelhalm BIO;653634560;6.5.2026;cpc;0,51;;2;0;0;0;0;0;0;upmDKAWH3;4260557421307;0
com_CrossSellReRank_Vegavero (Marketplace Seller)_VEGAVERO Tribulus terrestris Extrakt;643082758;6.5.2026;cpc;0,31;;1;0;0;0;0;0;0;14251088;4260309481313;0
com_CrossSellReRank_Vegavero (Marketplace Seller)_VEGAVERO Shiitake Extrakt;643093288;6.5.2026;cpc;0,31;;2;0;0;0;0;0;0;upmZ7P4AX;4260557421970;0
com_CrossSellReRank_Vegavero (Marketplace Seller)_VEGAVERO BCAA Pulver Mango;658445062;6.5.2026;cpc;0,31;;1;0;0;0;0;0;0;upmWWWMYX;4260557423523;0
com_CrossSellReRank_Vegavero (Marketplace Seller)_VEGAVERO Brennnessel BIO;643089721;6.5.2026;cpc;0,31;;1;0;0;0;0;0;0;upm9RX43T;4260557421031;0
it_MarketplaceBooster_Vegavero (Marketplace Seller)_VEGAVERO EAA in Polvere;658381330;6.5.2026;cpc;1,01;;1;1;100;0;1,01;0;0;upmP94YR7;4260557423530;1,01
com_CrossSellReRank_Vegavero (Marketplace Seller)_VEGAVERO Chaga BIO;643093999;6.5.2026;cpc;0,31;;2;0;0;0;0;0;0;upmPYECDL;4260557422298;0
at_MarketplaceBooster_Vegavero (Marketplace Seller)_VEGAVERO Reishi Extrakt;625763780;6.5.2026;cpc;0,51;;1;0;0;0;0;0;0;14251013;4260309481665;0
com_CrossSellReRank_Vegavero (Marketplace Seller)_VEGAVERO Ingwer BIO;643085613;6.5.2026;cpc;0,31;;1;0;0;0;0;0;0;upmPX4TPU;4260557420386;0
at_CrossSellReRank_Vegavero (Marketplace Seller)_VEGAVERO Apple Cider Vinegar;658282824;6.5.2026;cpc;0,31;;1;0;0;0;0;0;0;upmUTDZP9;4260557423158;0
at_CrossSellReRank_Vegavero (Marketplace Seller)_VEGAVERO Ingwer BIO;658280001;6.5.2026;cpc;0,31;;1;0;0;0;0;0;0;upmPX4TPU;4260557420386;0
com_CrossSellReRank_Vegavero (Marketplace Seller)_VEGAVERO Keto Power;658283043;6.5.2026;cpc;0,31;;3;0;0;0;0;0;0;upmP77L3M;4260557423288;0
com_MarketplaceBooster_Vegavero (Marketplace Seller)_VEGAVERO Maitake BIO;629496632;6.5.2026;cpc;0,51;;1;1;100;0;0,51;0;0;upmW4TZYD;4260557420874;0,51
it_CrossSellReRank_Vegavero (Marketplace Seller)_VEGAVERO OPC Trio;649150121;6.5.2026;cpc;0,31;;3;0;0;0;0;0;0;upmWFGGMG;4260557423097;0
it_CrossSellReRank_Vegavero (Marketplace Seller)_VEGAVERO Beta-Alanina in Polvere;658296317;6.5.2026;cpc;0,61;;2;0;0;0;0;0;0;upmFKHFRA;4260557423431;0
com_CrossSellReRank_Vegavero (Marketplace Seller)_VEGAVERO Koffein;643137040;6.5.2026;cpc;0,31;;1;0;0;0;0;0;0;upm4XZRWY;4260557423127;0
com_MarketplaceBooster_Vegavero (Marketplace Seller)_VEGAVERO Sugar Balance Complex;652859174;6.5.2026;cpc;0,51;;1;0;0;0;0;0;0;upmAD4HK4;4260557422403;0
at_CrossSellReRank_Vegavero (Marketplace Seller)_VEGAVERO Hagebutte BIO;658280038;6.5.2026;cpc;0,31;;1;0;0;0;0;0;0;upmWRWWCG;4260557421048;0
com_CrossSellReRank_Vegavero (Marketplace Seller)_VEGAVERO Curcuma BIO;643130748;6.5.2026;cpc;0,31;;1;0;0;0;0;0;0;upm27X4XW;4260557422878;0
it_CrossSellReRank_Vegavero (Marketplace Seller)_VEGAVERO Vitamina B12 Spray Junior;649103717;6.5.2026;cpc;0,31;;1;0;0;0;0;0;0;upm3RXHUC;4260557422229;0
at_CrossSellReRank_Vegavero (Marketplace Seller)_VEGAVERO Liver Active Complex;658279984;6.5.2026;cpc;0,31;;2;0;0;0;0;0;0;14250812;4260557420188;0
it_CrossSellReRank_Vegavero (Marketplace Seller)_VEGAVERO Acido Ialuronico;649164301;6.5.2026;cpc;0,31;;2;0;0;0;0;0;0;upmPMLEP9;4260557423103;0
it_CrossSellReRank_Vegavero (Marketplace Seller)_VEGAVERO Enotera;658296335;6.5.2026;cpc;0,61;;2;0;0;0;0;0;0;upm7DM474;4260557423448;0
at_CrossSellReRank_Vegavero (Marketplace Seller)_VEGAVERO Colon Care Complex;658279985;6.5.2026;cpc;0,31;;1;0;0;0;0;0;0;14250605;4260557420201;0
at_CrossSellReRank_Vegavero (Marketplace Seller)_VEGAVERO Glucomannan BIO;658347640;6.5.2026;cpc;0,31;;1;0;0;0;0;0;0;upmLXEUT7;4260557423240;0
com_MarketplaceBooster_Vegavero (Marketplace Seller)_VEGAVERO Ingwer BIO;619663942;6.5.2026;cpc;0,51;;1;0;0;0;0;0;0;upmPX4TPU;4260557420386;0
at_CrossSellReRank_Vegavero (Marketplace Seller)_VEGAVERO Sugar Balance Complex;658280126;6.5.2026;cpc;0,31;;2;0;0;0;0;0;0;upmAD4HK4;4260557422403;0
at_CrossSellReRank_Vegavero (Marketplace Seller)_VEGAVERO Mariendistel Plus;658280174;6.5.2026;cpc;0,31;;1;0;0;0;0;0;0;upmR9H2HU;4260557422892;0
com_CrossSellReRank_Vegavero (Marketplace Seller)_VEGAVERO OPC Trio;643136197;6.5.2026;cpc;0,31;;2;0;0;0;0;0;0;upmWFGGMG;4260557423097;0
com_CrossSellReRank_Vegavero (Marketplace Seller)_VEGAVERO EAA Pulver Pfirsich;658445056;6.5.2026;cpc;0,31;;3;0;0;0;0;0;0;upmP94YR7;4260557423530;0
it_CrossSellReRank_Vegavero (Marketplace Seller)_VEGAVERO Vitamina D3 + K2;649091298;6.5.2026;cpc;1,11;;2;0;0;0;0;0;0;upm7FHKKZ;4260557421437;0
at_CrossSellReRank_Vegavero (Marketplace Seller)_VEGAVERO Vegan Essentials Complex;658280060;6.5.2026;cpc;0,31;;1;0;0;0;0;0;0;upmHHT433;4260557421390;0
com_CrossSellReRank_Vegavero (Marketplace Seller)_VEGAVERO BIO Astaxanthin ?l;643093116;6.5.2026;cpc;0,91;;1;0;0;0;0;0;0;upm7GZX42;4260557423165;0
at_CrossSellReRank_Vegavero (Marketplace Seller)_VEGAVERO Cholin Trio;658280068;6.5.2026;cpc;0,31;;1;0;0;0;0;0;0;upm97PFY9;4260557421826;0
it_MarketplaceBooster_Vegavero (Marketplace Seller)_VEGAVERO Boswellia;649114805;6.5.2026;cpc;0,51;;1;0;0;0;0;0;0;upmEH2K74;4260557422588;0
at_CrossSellReRank_Vegavero (Marketplace Seller)_VEGAVERO BCAA Pulver Mango;658445038;6.5.2026;cpc;0,61;;1;0;0;0;0;0;0;upmWWWMYX;4260557423523;0
at_CrossSellReRank_Vegavero (Marketplace Seller)_VEGAVERO Vitamin B12 Spray Cherry;643057333;6.5.2026;cpc;0,31;;1;0;0;0;0;0;0;14251102;4260557420027;0
it_CrossSellReRank_Vegavero (Marketplace Seller)_VEGAVERO Taurina;658296231;6.5.2026;cpc;0,31;;3;0;0;0;0;0;0;upmHULHZD;4260557423370;0
at_MarketplaceBooster_Vegavero (Marketplace Seller)_VEGAVERO Glucomannan BIO;658347634;6.5.2026;cpc;0,51;;1;0;0;0;0;0;0;upmLXEUT7;4260557423240;0
com_MarketplaceBooster_Vegavero (Marketplace Seller)_VEGAVERO Vitamin K2;658347316;6.5.2026;cpc;1,01;;0;0;0;0;0;0;0;upmFYFHAU;4260557423424;0
at_MarketplaceBooster_Vegavero (Marketplace Seller)_VEGAVERO Cholin Bitartrat;658283012;6.5.2026;cpc;0,51;;0;0;0;0;0;0;0;upmU9FP9M;4260557423325;0
it_MarketplaceBooster_Vegavero (Marketplace Seller)_VEGAVERO Lievito di Birra;658296220;6.5.2026;cpc;0,51;;0;0;0;0;0;0;0;upmKUKGHH;4260557423332;0
com_CrossSellReRank_Vegavero (Marketplace Seller)_VEGAVERO Hyaluronsaeure;643078378;6.5.2026;cpc;0,31;;0;0;0;0;0;0;0;upmKMAH3F;4260557420539;0
it_MarketplaceBooster_Vegavero (Marketplace Seller)_VEGAVERO Griffonia;658296090;6.5.2026;cpc;0,51;;0;0;0;0;0;0;0;upmG7RZLC;4260557423318;0
at_MarketplaceBooster_Vegavero (Marketplace Seller)_VEGAVERO Shilajit Mumijo;625779482;6.5.2026;cpc;0,51;;0;0;0;0;0;0;0;upmR33A3P;4260557421406;0
at_MarketplaceBooster_Vegavero (Marketplace Seller)_VEGAVERO Psyllium BIO;658282984;6.5.2026;cpc;0,51;;0;0;0;0;0;0;0;upmERYMM3;4260557423295;0
com_MarketplaceBooster_Vegavero (Marketplace Seller)_VEGAVERO Nachtkerzen ?l;658291478;6.5.2026;cpc;1,01;;0;0;0;0;0;0;0;upm7DM474;4260557423448;0
at_MarketplaceBooster_Vegavero (Marketplace Seller)_VEGAVERO Party Hero;658283016;6.5.2026;cpc;0,51;;0;0;0;0;0;0;0;upmFACEA7;4260557423356;0
it_MarketplaceBooster_Vegavero (Marketplace Seller)_VEGAVERO Taurina;658296229;6.5.2026;cpc;0,51;;0;0;0;0;0;0;0;upmHULHZD;4260557423370;0
at_CrossSellReRank_Vegavero (Marketplace Seller)_VEGAVERO Nachtkerzen und Borretsch?l BIO;658295856;6.5.2026;cpc;0,31;;1;0;0;0;0;0;0;upm7KTFPH;4260557421420;0
com_CrossSellReRank_Vegavero (Marketplace Seller)_VEGAVERO Nattokinase;643231278;6.5.2026;cpc;0,31;;2;0;0;0;0;0;0;upm2ZL4CL;4260557423264;0
it_MarketplaceBooster_Vegavero (Marketplace Seller)_VEGAVERO Beta-Alanina in Polvere;658296313;6.5.2026;cpc;1,01;;0;0;0;0;0;0;0;upmFKHFRA;4260557423431;0
com_MarketplaceBooster_Vegavero (Marketplace Seller)_VEGAVERO Glucosamin Plus;658347207;6.5.2026;cpc;1,01;;0;0;0;0;0;0;0;upmKWW3MD;4260557423349;0
at_CrossSellReRank_Vegavero (Marketplace Seller)_VEGAVERO Chaga BIO;658280111;6.5.2026;cpc;0,31;;0;0;0;0;0;0;0;upmPYECDL;4260557422298;0
com_CrossSellReRank_Vegavero (Marketplace Seller)_VEGAVERO Youth Biotics;658469896;6.5.2026;cpc;0,61;;0;0;0;0;0;0;0;upmW7Y7DL;4260557423462;0
com_CrossSellReRank_Vegavero (Marketplace Seller)_VEGAVERO Mushroom Mix Complex;643093879;6.5.2026;cpc;0,31;;2;0;0;0;0;0;0;upm4XDXPR;4260557422045;0
at_MarketplaceBooster_Vegavero (Marketplace Seller)_VEGAVERO Keto Power;658282839;6.5.2026;cpc;0,51;;0;0;0;0;0;0;0;upmP77L3M;4260557423288;0
it_MarketplaceBooster_Vegavero (Marketplace Seller)_VEGAVERO Strong Bones;658296086;6.5.2026;cpc;0,51;;0;0;0;0;0;0;0;upmAP9MLM;4260557423301;0
it_MarketplaceBooster_Vegavero (Marketplace Seller)_VEGAVERO Glicina in Polvere;658296346;6.5.2026;cpc;1,01;;0;0;0;0;0;0;0;upmTGWG29;4260557423479;0
at_MarketplaceBooster_Vegavero (Marketplace Seller)_VEGAVERO Glycin Pulver;658280143;6.5.2026;cpc;1,01;;0;0;0;0;0;0;0;upmTGWG29;4260557423479;0
at_CrossSellReRank_Vegavero (Marketplace Seller)_VEGAVERO Curcuma BIO;658280163;6.5.2026;cpc;0,31;;1;0;0;0;0;0;0;upm27X4XW;4260557422878;0
com_CrossSellReRank_Vegavero (Marketplace Seller)_VEGAVERO Liver Active Complex;643084947;6.5.2026;cpc;0,31;;1;0;0;0;0;0;0;14250812;4260557420188;0
at_MarketplaceBooster_Vegavero (Marketplace Seller)_VEGAVERO Strong Bones;658283003;6.5.2026;cpc;0,51;;0;0;0;0;0;0;0;upmAP9MLM;4260557423301;0
at_MarketplaceBooster_Vegavero (Marketplace Seller)_VEGAVERO Griffonia;658283007;6.5.2026;cpc;1,61;;0;0;0;0;0;0;0;upmG7RZLC;4260557423318;0
it_MarketplaceBooster_Vegavero (Marketplace Seller)_VEGAVERO Vitamina K2;658296232;6.5.2026;cpc;0,51;;0;0;0;0;0;0;0;upmFYFHAU;4260557423424;0
it_MarketplaceBooster_Vegavero (Marketplace Seller)_VEGAVERO Enotera;658296331;6.5.2026;cpc;1,01;;0;0;0;0;0;0;0;upm7DM474;4260557423448;0
it_MarketplaceBooster_Vegavero (Marketplace Seller)_VEGAVERO Party Hero;658331695;6.5.2026;cpc;0,51;;0;0;0;0;0;0;0;upmFACEA7;4260557423356;0
at_MarketplaceBooster_Vegavero (Marketplace Seller)_VEGAVERO Brennnessel BIO;625775256;6.5.2026;cpc;0,51;;0;0;0;0;0;0;0;upm9RX43T;4260557421031;0
at_CrossSellReRank_Vegavero (Marketplace Seller)_VEGAVERO Triphala BIO;658280010;6.5.2026;cpc;0,31;;1;0;0;0;0;0;0;upmGL239Y;4260557420812;0
com_CrossSellReRank_Vegavero (Marketplace Seller)_VEGAVERO Ashwagandha BIO;643088001;6.5.2026;cpc;0,31;;1;0;0;0;0;0;0;upmUPLLZH;4260557420676;0
SOLD_OUT_at_CrossSellReRank_Vegavero (Marketplace Seller)_VEGAVERO Guggul;658280041;6.5.2026;cpc;0,31;;0;0;0;0;0;0;0;upmT99EZK;4260557421123;0
at_MarketplaceBooster_Vegavero (Marketplace Seller)_VEGAVERO Taurin Pulver;658283030;6.5.2026;cpc;0,51;;0;0;0;0;0;0;0;upmHULHZD;4260557423370;0
com_CrossSellReRank_Vegavero (Marketplace Seller)_VEGAVERO Resveratrol + Nicotinamid;643088593;6.5.2026;cpc;0,31;;0;0;0;0;0;0;0;upmGDDD7G;4260557420805;0
it_MarketplaceBooster_Vegavero (Marketplace Seller)_VEGAVERO Colina Bitartrato;658296180;6.5.2026;cpc;0,51;;0;0;0;0;0;0;0;upmU9FP9M;4260557423325;0
com_MarketplaceBooster_Vegavero (Marketplace Seller)_VEGAVERO Strong Bones;658283044;6.5.2026;cpc;0,51;;0;0;0;0;0;0;0;upmAP9MLM;4260557423301;0
at_MarketplaceBooster_Vegavero (Marketplace Seller)_VEGAVERO Beta-Alanin Pulver;658283036;6.5.2026;cpc;1,01;;0;0;0;0;0;0;0;upmFKHFRA;4260557423431;0
at_CrossSellReRank_Vegavero (Marketplace Seller)_VEGAVERO Magnesium Bisglycinat;658282836;6.5.2026;cpc;1,61;;1;0;0;0;0;0;0;upmX4LT4H;4260557423257;0
at_MarketplaceBooster_Vegavero (Marketplace Seller)_VEGAVERO Apple Cider Vinegar Gummies;626443801;6.5.2026;cpc;0,51;;0;0;0;0;0;0;0;upmF2EYPK;4260557423172;0
at_MarketplaceBooster_Vegavero (Marketplace Seller)_VEGAVERO Brewers Yeast;658347642;6.5.2026;cpc;0,51;;0;0;0;0;0;0;0;upmKUKGHH;4260557423332;0
com_CrossSellReRank_Vegavero (Marketplace Seller)_VEGAVERO Apple Cider Vinegar Gummies;643140412;6.5.2026;cpc;0,31;;0;0;0;0;0;0;0;upmF2EYPK;4260557423172;0
it_MarketplaceBooster_Vegavero (Marketplace Seller)_VEGAVERO Creatina in Polvere;658331593;6.5.2026;cpc;0,51;;0;0;0;0;0;0;0;upmFRZEFX;4260557423226;0
com_CrossSellReRank_Vegavero (Marketplace Seller)_VEGAVERO Boswellia Extrakt;643094189;6.5.2026;cpc;0,31;;0;0;0;0;0;0;0;upmEH2K74;4260557422588;0
at_MarketplaceBooster_Vegavero (Marketplace Seller)_VEGAVERO Glucosamin Plus;658295895;6.5.2026;cpc;0,51;;0;0;0;0;0;0;0;upmKWW3MD;4260557423349;0
it_CrossSellReRank_Vegavero (Marketplace Seller)_VEGAVERO Youth Biotics;658445087;6.5.2026;cpc;0,61;;0;0;0;0;0;0;0;upmW7Y7DL;4260557423462;0
com_CrossSellReRank_Vegavero (Marketplace Seller)_VEGAVERO D-Mannose Pulver;643235044;6.5.2026;cpc;0,31;;0;0;0;0;0;0;0;14250686;4260309481603;0
at_MarketplaceBooster_Vegavero (Marketplace Seller)_VEGAVERO Vitamin K2;658295902;6.5.2026;cpc;0,51;;0;0;0;0;0;0;0;upmFYFHAU;4260557423424;0
it_MarketplaceBooster_Vegavero (Marketplace Seller)_VEGAVERO Keto Power;658295962;6.5.2026;cpc;0,51;;0;0;0;0;0;0;0;upmP77L3M;4260557423288;0
it_CrossSellReRank_Vegavero (Marketplace Seller)_VEGAVERO Acido Ialuronico;649164412;6.5.2026;cpc;0,31;;0;0;0;0;0;0;0;upmKMAH3F;4260557420539;0
at_MarketplaceBooster_Vegavero (Marketplace Seller)_VEGAVERO Nachtkerzen ?l;658283038;6.5.2026;cpc;1,01;;0;0;0;0;0;0;0;upm7DM474;4260557423448;0
it_MarketplaceBooster_Vegavero (Marketplace Seller)_VEGAVERO Omega 3;626451248;7.5.2026;cpc;0,81;;426;6;1,408451;0;4,86;0;0;upm9KDWAZ;4260557421383;0,81
it_CrossSellReRank_Vegavero (Marketplace Seller)_VEGAVERO Mushroom Mix Complex;649102044;7.5.2026;cpc;0,31;;270;1;0,380228;0;0,31;0;0;upm4XDXPR;4260557422045;0,31
it_CrossSellReRank_Vegavero (Marketplace Seller)_VEGAVERO Ashwagandha BIO;649076814;7.5.2026;cpc;0,31;;248;0;0;0;0;0;0;upmUPLLZH;4260557420676;0
it_MarketplaceBooster_Vegavero (Marketplace Seller)_VEGAVERO Magnesio Complex;620566101;7.5.2026;cpc;0,51;;204;7;3,431373;0;3,57;0;0;upmUZUHTT;4260557421888;0,51
it_CrossSellReRank_Vegavero (Marketplace Seller)_VEGAVERO Omega 3;658752940;7.5.2026;cpc;0,81;;214;2;1,052632;0;1,62;0;0;upm9KDWAZ;4260557421383;0,81
it_CrossSellReRank_Vegavero (Marketplace Seller)_VEGAVERO Astaxantina BIO;649155147;7.5.2026;cpc;0,61;;181;0;0;0;0;0;0;upm7GZX42;4260557423165;0
at_CrossSellReRank_Vegavero (Marketplace Seller)_VEGAVERO Female Balance Complex;658280004;7.5.2026;cpc;0,91;;159;3;2,112676;0;2,73;0;0;upmUX2FW3;4260557420638;0,91
it_MarketplaceBooster_Vegavero (Marketplace Seller)_VEGAVERO Olio di Semi di Chia;641627926;7.5.2026;cpc;0,51;;128;2;1,5625;0;1,02;0;0;upmK7YWLD;4260557422649;0,51
it_MarketplaceBooster_Vegavero (Marketplace Seller)_VEGAVERO Vitamina D3 + K2;641650859;7.5.2026;cpc;1,21;;125;3;2,4;0;3,63;0;0;upm7FHKKZ;4260557421437;1,21
at_MarketplaceBooster_Vegavero (Marketplace Seller)_VEGAVERO Vitamin D3 und K2 ?l;658280064;7.5.2026;cpc;1,31;;125;4;3,252033;0;5,24;0;0;upm7FHKKZ;4260557421437;1,31
at_CrossSellReRank_Vegavero (Marketplace Seller)_VEGAVERO Beta Carotin;643057199;7.5.2026;cpc;0,31;;136;1;0,847458;0;0,31;0;0;14250551;4260309484208;0,31
SOLD_OUT_it_CrossSellReRank_Vegavero (Marketplace Seller)_VEGAVERO Betacarotene Plus;649106236;7.5.2026;cpc;0,31;;112;0;0;0;0;0;0;upmGPMUEM;4260557422427;0
it_CrossSellReRank_Vegavero (Marketplace Seller)_VEGAVERO Prosta-X;658381379;7.5.2026;cpc;0,61;;113;0;0;0;0;0;0;upmKYYZM4;4260557423486;0
com_CrossSellReRank_Vegavero (Marketplace Seller)_VEGAVERO Lecithin BIO;643093526;7.5.2026;cpc;0,61;1;126;2;1,869159;50;1,22;51,8;4245,901639;upm2HFKPC;4260557422021;0,61
it_CrossSellReRank_Vegavero (Marketplace Seller)_VEGAVERO Vitamina B12 Spray;658334267;7.5.2026;cpc;0,31;;111;0;0;0;0;0;0;14251102;4260557420027;0
it_CrossSellReRank_Vegavero (Marketplace Seller)_VEGAVERO Venaflux Complex;649103716;7.5.2026;cpc;0,31;;111;0;0;0;0;0;0;upmKY422A;4260557422212;0
it_MarketplaceBooster_Vegavero (Marketplace Seller)_VEGAVERO Ferro;658331730;7.5.2026;cpc;0,51;;98;1;1,020408;0;0,51;0;0;14250692;4260309483065;0,51
it_MarketplaceBooster_Vegavero (Marketplace Seller)_VEGAVERO Riso Rosso Plus;641644118;7.5.2026;cpc;0,51;;97;1;1,030928;0;0,51;0;0;upmDFWTTT;4260557423110;0,51
at_MarketplaceBooster_Vegavero (Marketplace Seller)_VEGAVERO Elektrolyte Plus;620596596;7.5.2026;cpc;0,51;;95;1;1,052632;0;0,51;0;0;upmD23XCL;4260557422823;0,51
at_MarketplaceBooster_Vegavero (Marketplace Seller)_VEGAVERO Omega-3 ?l;625779008;7.5.2026;cpc;1,71;;95;2;2,105263;0;3,42;0;0;upm9KDWAZ;4260557421383;1,71
com_MarketplaceBooster_Vegavero (Marketplace Seller)_VEGAVERO Natural Jod BIO;619661620;7.5.2026;cpc;0,51;;94;2;2,12766;0;1,02;0;0;14250769;4260557420256;0,51
it_MarketplaceBooster_Vegavero (Marketplace Seller)_VEGAVERO Serenity Complex;641646664;7.5.2026;cpc;0,51;;89;1;1,123596;0;0,51;0;0;upmZFGPHR;4260557422830;0,51
SOLD_OUT_it_MarketplaceBooster_Vegavero (Marketplace Seller)_VEGAVERO Betacarotene Plus;641622772;7.5.2026;cpc;0,51;;88;1;1,136364;0;0,51;0;0;upmGPMUEM;4260557422427;0,51
it_CrossSellReRank_Vegavero (Marketplace Seller)_VEGAVERO Magnesio Complex;649091773;7.5.2026;cpc;0,31;;107;0;0;0;0;0;0;upmUZUHTT;4260557421888;0
com_MarketplaceBooster_Vegavero (Marketplace Seller)_VEGAVERO Female Balance Complex;629496626;7.5.2026;cpc;1,21;;84;0;0;0;0;0;0;upmUX2FW3;4260557420638;0
it_CrossSellReRank_Vegavero (Marketplace Seller)_VEGAVERO Light Legs Complex;658381503;7.5.2026;cpc;0,31;;90;0;0;0;0;0;0;upmD7EWMP;4260557420454;0
com_CrossSellReRank_Vegavero (Marketplace Seller)_VEGAVERO Rhodiola rosea Extrakt;643082833;7.5.2026;cpc;0,31;;90;2;2,439024;0;0,62;0;0;14251036;4260557420102;0,31
SOLD_OUT_it_MarketplaceBooster_Vegavero (Marketplace Seller)_VEGAVERO Collagene Vegano + Acido Ialuronico;658334348;7.5.2026;cpc;1,21;;78;2;2,564103;0;2,42;0;0;upmK3CG99;4260557422656;1,21
com_MarketplaceBooster_Vegavero (Marketplace Seller)_VEGAVERO Vegan Essentials Complex;627592060;7.5.2026;cpc;0,51;;76;1;1,315789;0;0,51;0;0;upmHHT433;4260557421390;0,51
at_CrossSellReRank_Vegavero (Marketplace Seller)_VEGAVERO Vitamin D3+K2 Tropfen;658280177;7.5.2026;cpc;1,41;;87;3;3,947368;0;4,23;0;0;upmKAXT9Y;4260557422915;1,41
it_CrossSellReRank_Vegavero (Marketplace Seller)_VEGAVERO Cordyceps;658334303;7.5.2026;cpc;0,31;;78;0;0;0;0;0;0;14250611;4260309483218;0
it_MarketplaceBooster_Vegavero (Marketplace Seller)_VEGAVERO Light Legs Complex;658381501;7.5.2026;cpc;0,51;;74;1;1,351351;0;0,51;0;0;upmD7EWMP;4260557420454;0,51
it_CrossSellReRank_Vegavero (Marketplace Seller)_VEGAVERO Cysti-Aid Complex;649102998;7.5.2026;cpc;0,31;;81;0;0;0;0;0;0;upmTZFCGA;4260557422199;0
it_MarketplaceBooster_Vegavero (Marketplace Seller)_VEGAVERO Vitamina D3 + K2;649145075;7.5.2026;cpc;0,91;;72;2;2,777778;0;1,82;0;0;upmKAXT9Y;4260557422915;0,91
com_MarketplaceBooster_Vegavero (Marketplace Seller)_VEGAVERO Magnesium Bisglycinat;617842637;7.5.2026;cpc;2,11;;72;3;4,166667;0;6,33;0;0;upmX4LT4H;4260557423257;2,11
it_MarketplaceBooster_Vegavero (Marketplace Seller)_VEGAVERO Vitamina B12 Spray;658334266;7.5.2026;cpc;0,51;;71;0;0;0;0;0;0;14251102;4260557420027;0
com_MarketplaceBooster_Vegavero (Marketplace Seller)_VEGAVERO Sun Care Complex;620501459;7.5.2026;cpc;0,51;;68;1;1,470588;0;0,51;0;0;upm7C9XR2;4260557420836;0,51
it_MarketplaceBooster_Vegavero (Marketplace Seller)_VEGAVERO Female Balance Complex;658381497;7.5.2026;cpc;0,51;;68;2;2,941176;0;1,02;0;0;upmUX2FW3;4260557420638;0,51
SOLD_OUT_it_MarketplaceBooster_Vegavero (Marketplace Seller)_VEGAVERO Vitamina B12 gocce;641629767;7.5.2026;cpc;0,51;;68;1;1,470588;0;0,51;0;0;upmYRCT9P;4260557422908;0,51
SOLD_OUT_at_MarketplaceBooster_Vegavero (Marketplace Seller)_VEGAVERO Beta Carotin Plus ?l;620605197;7.5.2026;cpc;0,51;;67;0;0;0;0;0;0;upmGPMUEM;4260557422427;0
com_MarketplaceBooster_Vegavero (Marketplace Seller)_VEGAVERO Omega-3 ?l;620545279;7.5.2026;cpc;1,71;;66;1;1,515152;0;1,71;0;0;upm9KDWAZ;4260557421383;1,71
it_CrossSellReRank_Vegavero (Marketplace Seller)_VEGAVERO Astaxantina;649092862;7.5.2026;cpc;0,41;;71;0;0;0;0;0;0;upmYPTY2W;4260557421925;0
it_MarketplaceBooster_Vegavero (Marketplace Seller)_VEGAVERO Glucosamin Complex;620567054;7.5.2026;cpc;0,51;;66;1;1,515152;0;0,51;0;0;upmTYL3Y7;4260557420737;0,51
it_MarketplaceBooster_Vegavero (Marketplace Seller)_VEGAVERO Cumino Nero BIO;658352477;7.5.2026;cpc;0,51;;63;0;0;0;0;0;0;upmEUZ9F7;4260557421376;0
SOLD_OUT_it_MarketplaceBooster_Vegavero (Marketplace Seller)_VEGAVERO Probiotici e Prebiotici Bambini;658445101;7.5.2026;cpc;1,01;;62;0;0;0;0;0;0;14250953;4260557420249;0
it_CrossSellReRank_Vegavero (Marketplace Seller)_VEGAVERO Female Balance Complex;658381499;7.5.2026;cpc;0,31;;77;1;1,639344;0;0,31;0;0;upmUX2FW3;4260557420638;0,31
com_MarketplaceBooster_Vegavero (Marketplace Seller)_VEGAVERO Drenaflux Complex;629500801;7.5.2026;cpc;1,01;;60;2;3,333333;0;2,02;0;0;upm2XGYDU;4260557422489;1,01
it_MarketplaceBooster_Vegavero (Marketplace Seller)_VEGAVERO Griffonia Plus;641628925;7.5.2026;cpc;0,51;;59;0;0;0;0;0;0;upmHCULGA;4260557422755;0
it_CrossSellReRank_Vegavero (Marketplace Seller)_VEGAVERO Glicina in Polvere;658296353;7.5.2026;cpc;0,31;;77;0;0;0;0;0;0;upmTGWG29;4260557423479;0
com_CrossSellReRank_Vegavero (Marketplace Seller)_VEGAVERO Teufelskralle Plus;643090107;7.5.2026;cpc;0,31;1;68;2;3,389831;50;0,62;19,9;3209,677419;upmD3U322;4260557421192;0,31
com_MarketplaceBooster_Vegavero (Marketplace Seller)_VEGAVERO Rhodiola rosea Extrakt;619660946;7.5.2026;cpc;1,01;;58;4;6,896552;0;4,04;0;0;14251036;4260557420102;1,01
it_MarketplaceBooster_Vegavero (Marketplace Seller)_VEGAVERO Sun Care Complex;649077191;7.5.2026;cpc;0,51;;58;0;0;0;0;0;0;upm7C9XR2;4260557420836;0
it_MarketplaceBooster_Vegavero (Marketplace Seller)_VEGAVERO Venaflux Complex;649103715;7.5.2026;cpc;0,51;;57;2;3,508772;0;1,02;0;0;upmKY422A;4260557422212;0,51
it_MarketplaceBooster_Vegavero (Marketplace Seller)_VEGAVERO Bromelina;620571075;7.5.2026;cpc;0,51;;56;2;3,571429;0;1,02;0;0;upm43HM34;4260557421130;0,51
it_CrossSellReRank_Vegavero (Marketplace Seller)_VEGAVERO Magnesio Bisglicinato;649159286;7.5.2026;cpc;1,31;;66;1;1,785714;0;1,31;0;0;upmX4LT4H;4260557423257;1,31
it_MarketplaceBooster_Vegavero (Marketplace Seller)_VEGAVERO Prosta-X;658381378;7.5.2026;cpc;1,01;;56;5;8,928571;0;5,05;0;0;upmKYYZM4;4260557423486;1,01
SOLD_OUT_it_CrossSellReRank_Vegavero (Marketplace Seller)_VEGAVERO Collagene Vegano + Acido Ialuronico;658334350;7.5.2026;cpc;0,81;;75;3;5,357143;0;2,43;0;0;upmK3CG99;4260557422656;0,81
com_MarketplaceBooster_Vegavero (Marketplace Seller)_VEGAVERO Vitamin B12 Spray Junior;619721771;7.5.2026;cpc;0,51;;55;0;0;0;0;0;0;upm3RXHUC;4260557422229;0
at_CrossSellReRank_Vegavero (Marketplace Seller)_VEGAVERO Elektrolyte Plus;658280160;7.5.2026;cpc;0,31;;58;0;0;0;0;0;0;upmD23XCL;4260557422823;0
com_MarketplaceBooster_Vegavero (Marketplace Seller)_VEGAVERO Vitamin B12 Spray Cherry;629516457;7.5.2026;cpc;0,51;;54;0;0;0;0;0;0;14251102;4260557420027;0
com_MarketplaceBooster_Vegavero (Marketplace Seller)_VEGAVERO Papaya BIO;620527447;7.5.2026;cpc;0,51;;53;0;0;0;0;0;0;upm9HWLUD;4260557421055;0
com_MarketplaceBooster_Vegavero (Marketplace Seller)_VEGAVERO Vitamin D3+K2 Tropfen;620538813;7.5.2026;cpc;1,51;;53;3;5,660377;0;4,53;0;0;upmKAXT9Y;4260557422915;1,51
it_MarketplaceBooster_Vegavero (Marketplace Seller)_VEGAVERO Vitamina D3 + K2;641650857;7.5.2026;cpc;0,51;;53;1;1,886792;0;0,51;0;0;upmKAXT9Y;4260557422915;0,51
com_MarketplaceBooster_Vegavero (Marketplace Seller)_VEGAVERO MSM Pulver;620565741;7.5.2026;cpc;1,21;;52;1;1,923077;0;1,21;0;0;upmWCKTTE;4260309481214;1,21
com_MarketplaceBooster_Vegavero (Marketplace Seller)_VEGAVERO Eisen Bisglycinat;620565118;7.5.2026;cpc;0,51;;52;1;1,923077;0;0,51;0;0;14250692;4260309483065;0,51
com_MarketplaceBooster_Vegavero (Marketplace Seller)_VEGAVERO Myo-Inositol Complex;658295457;7.5.2026;cpc;1,71;;52;1;1,923077;0;1,71;0;0;upm7PGM77;4260557421765;1,71
at_MarketplaceBooster_Vegavero (Marketplace Seller)_VEGAVERO Myo-Inositol Complex;625786532;7.5.2026;cpc;1,01;;52;3;5,769231;0;3,03;0;0;upm7PGM77;4260557421765;1,01
it_CrossSellReRank_Vegavero (Marketplace Seller)_VEGAVERO Cardo Mariano;658352468;7.5.2026;cpc;0,31;;53;0;0;0;0;0;0;upmGMGWYP;4260309481979;0
at_MarketplaceBooster_Vegavero (Marketplace Seller)_VEGAVERO Prostaid Complex;658727261;7.5.2026;cpc;1,31;;50;1;2;0;1,31;0;0;upmCEE43U;4260557420515;1,31
it_MarketplaceBooster_Vegavero (Marketplace Seller)_VEGAVERO Artiglio del Diavolo Plus;620572756;7.5.2026;cpc;0,51;;50;1;2;0;0,51;0;0;upmD3U322;4260557421192;0,51
at_MarketplaceBooster_Vegavero (Marketplace Seller)_VEGAVERO Schwarzk?mmel?l BIO;625778996;7.5.2026;cpc;0,81;;51;2;4;0;1,62;0;0;upmEUZ9F7;4260557421376;0,81
it_CrossSellReRank_Vegavero (Marketplace Seller)_VEGAVERO Betacarotene;653866107;7.5.2026;cpc;0,31;;55;1;2;0;0,31;0;0;14250551;4260309484208;0,31
SOLD_OUT_com_MarketplaceBooster_Vegavero (Marketplace Seller)_VEGAVERO Beta Carotin Plus ?l;620501456;7.5.2026;cpc;0,51;;51;1;2;0;0,51;0;0;upmGPMUEM;4260557422427;0,51
SOLD_OUT_it_CrossSellReRank_Vegavero (Marketplace Seller)_VEGAVERO L-Tirosina Plus;649143283;7.5.2026;cpc;0,31;;53;0;0;0;0;0;0;upm2FC2LC;4260557422885;0
at_CrossSellReRank_Vegavero (Marketplace Seller)_VEGAVERO Schwarzk?mmel?l BIO;658280057;7.5.2026;cpc;0,61;;60;0;0;0;0;0;0;upmEUZ9F7;4260557421376;0
SOLD_OUT_at_MarketplaceBooster_Vegavero (Marketplace Seller)_VEGAVERO Vegan Collagen+Hyaluronic Acid;658347622;7.5.2026;cpc;1,41;;48;1;2,083333;0;1,41;0;0;upmK3CG99;4260557422656;1,41
at_MarketplaceBooster_Vegavero (Marketplace Seller)_VEGAVERO Multivitamin Spray Junior;625777201;7.5.2026;cpc;0,51;;48;0;0;0;0;0;0;upm9ZTF3H;4260557421178;0
it_CrossSellReRank_Vegavero (Marketplace Seller)_VEGAVERO Sun Care Complex;649077192;7.5.2026;cpc;0,31;;51;0;0;0;0;0;0;upm7C9XR2;4260557420836;0
at_MarketplaceBooster_Vegavero (Marketplace Seller)_VEGAVERO Glucosamin Complex;620608017;7.5.2026;cpc;0,51;;47;0;0;0;0;0;0;upmTYL3Y7;4260557420737;0
it_MarketplaceBooster_Vegavero (Marketplace Seller)_VEGAVERO Igname Selvatico +  Zinco;658353187;7.5.2026;cpc;0,51;;44;0;0;0;0;0;0;14251183;4260309481672;0
it_MarketplaceBooster_Vegavero (Marketplace Seller)_VEGAVERO Spirulina BIO +  Clorella BIO;658331796;7.5.2026;cpc;0,51;;44;2;4,545455;0;1,02;0;0;14250597;4260309484185;0,51
it_MarketplaceBooster_Vegavero (Marketplace Seller)_VEGAVERO Iodio naturale BIO;658445105;7.5.2026;cpc;1,01;;43;0;0;0;0;0;0;14250769;4260557420256;0
at_MarketplaceBooster_Vegavero (Marketplace Seller)_VEGAVERO D-Mannose Complex;620609091;7.5.2026;cpc;0,51;;43;0;0;0;0;0;0;14250640;4260309482747;0
it_MarketplaceBooster_Vegavero (Marketplace Seller)_VEGAVERO Liver Active Complex;658445099;7.5.2026;cpc;1,01;;43;0;0;0;0;0;0;14250812;4260557420188;0
it_CrossSellReRank_Vegavero (Marketplace Seller)_VEGAVERO Reishi;658296413;7.5.2026;cpc;0,31;;50;0;0;0;0;0;0;14251013;4260309481665;0
it_CrossSellReRank_Vegavero (Marketplace Seller)_VEGAVERO D Mannosio Complex;658381392;7.5.2026;cpc;0,3;;49;0;0;0;0;0;0;14250640;4260309482747;0
it_CrossSellReRank_Vegavero (Marketplace Seller)_VEGAVERO Rhodiola Rosea;658445094;7.5.2026;cpc;0,31;;48;0;0;0;0;0;0;14251036;4260557420102;0
com_CrossSellReRank_Vegavero (Marketplace Seller)_VEGAVERO Rosskastanie Plus BIO;643090783;7.5.2026;cpc;0,41;;47;1;2,380952;0;0,41;0;0;upmUR4ZK4;4260557421239;0,41
it_MarketplaceBooster_Vegavero (Marketplace Seller)_VEGAVERO Elettroliti Complex;641629249;7.5.2026;cpc;0,51;;42;0;0;0;0;0;0;upmD23XCL;4260557422823;0
at_MarketplaceBooster_Vegavero (Marketplace Seller)_VEGAVERO Vitamin D3+K2 Tropfen;626442372;7.5.2026;cpc;1,51;;41;0;0;0;0;0;0;upmKAXT9Y;4260557422915;0
it_CrossSellReRank_Vegavero (Marketplace Seller)_VEGAVERO Glicina in Polvere;658334363;7.5.2026;cpc;0,31;;45;1;2,439024;0;0,31;0;0;upmR9H4DE;4260557422595;0,31
it_CrossSellReRank_Vegavero (Marketplace Seller)_VEGAVERO Quercetina Complex;658381384;7.5.2026;cpc;0,31;;45;0;0;0;0;0;0;upmF2AFXC;4260557423509;0
com_CrossSellReRank_Vegavero (Marketplace Seller)_VEGAVERO Cholin Trio;643092529;7.5.2026;cpc;0,31;;49;0;0;0;0;0;0;upm97PFY9;4260557421826;0
at_MarketplaceBooster_Vegavero (Marketplace Seller)_VEGAVERO Beta Carotin;620605193;7.5.2026;cpc;1,01;;40;0;0;0;0;0;0;14250551;4260309484208;0
it_MarketplaceBooster_Vegavero (Marketplace Seller)_VEGAVERO Vitamina C Liposomiale;620566158;7.5.2026;cpc;0,81;;40;2;5;0;1,62;0;0;upm77WEEP;4260557422786;0,81
it_CrossSellReRank_Vegavero (Marketplace Seller)_VEGAVERO Elettroliti Complex;649122256;7.5.2026;cpc;0,31;;51;0;0;0;0;0;0;upmD23XCL;4260557422823;0
at_MarketplaceBooster_Vegavero (Marketplace Seller)_VEGAVERO Vegan Essentials Complex;620605288;7.5.2026;cpc;0,51;;40;1;2,564103;0;0,51;0;0;upmHHT433;4260557421390;0,51
at_MarketplaceBooster_Vegavero (Marketplace Seller)_VEGAVERO Papaya BIO;658295837;7.5.2026;cpc;0,51;;39;0;0;0;0;0;0;upm9HWLUD;4260557421055;0
com_MarketplaceBooster_Vegavero (Marketplace Seller)_VEGAVERO BIO Astaxanthin ?l;618496738;7.5.2026;cpc;1,41;;39;0;0;0;0;0;0;upm7GZX42;4260557423165;0
com_MarketplaceBooster_Vegavero (Marketplace Seller)_VEGAVERO Multivitamin Spray Junior;649171519;7.5.2026;cpc;0,51;;39;1;2,564103;0;0,51;0;0;upm9ZTF3H;4260557421178;0,51
com_MarketplaceBooster_Vegavero (Marketplace Seller)_VEGAVERO Beta Carotin;620501440;7.5.2026;cpc;1,01;;40;2;5,128205;0;2,02;0;0;14250551;4260309484208;1,01
it_CrossSellReRank_Vegavero (Marketplace Seller)_VEGAVERO Vitamina D3 + K2;649145192;7.5.2026;cpc;1,11;;45;0;0;0;0;0;0;upmKAXT9Y;4260557422915;0
it_MarketplaceBooster_Vegavero (Marketplace Seller)_VEGAVERO Cardo Mariano Plus;641649766;7.5.2026;cpc;0,51;;39;2;5,128205;0;1,02;0;0;upmR9H2HU;4260557422892;0,51
it_CrossSellReRank_Vegavero (Marketplace Seller)_VEGAVERO Maca Nera Plus;649149549;7.5.2026;cpc;0,81;;52;0;0;0;0;0;0;upmG4PKUG;4260557423042;0
it_CrossSellReRank_Vegavero (Marketplace Seller)_VEGAVERO Myo-Inositol Complex;658353200;7.5.2026;cpc;0,61;;47;0;0;0;0;0;0;upm7PGM77;4260557421765;0
com_CrossSellReRank_Vegavero (Marketplace Seller)_VEGAVERO Drenaflux Complex;643094174;7.5.2026;cpc;0,31;;42;0;0;0;0;0;0;upm2XGYDU;4260557422489;0
com_CrossSellReRank_Vegavero (Marketplace Seller)_VEGAVERO Beta Carotin;643079421;7.5.2026;cpc;0,31;;39;1;2,702703;0;0,31;0;0;14250551;4260309484208;0,31
SOLD_OUT_com_MarketplaceBooster_Vegavero (Marketplace Seller)_VEGAVERO Vegan Collagen+Hyaluronic Acid;620530762;7.5.2026;cpc;1,51;;37;2;5,405405;0;3,02;0;0;upmK3CG99;4260557422656;1,51
it_MarketplaceBooster_Vegavero (Marketplace Seller)_VEGAVERO Probiotici e Prebiotici BIO;658296369;7.5.2026;cpc;0,51;;37;0;0;0;0;0;0;14250976;4260557420034;0
it_MarketplaceBooster_Vegavero (Marketplace Seller)_VEGAVERO Moringa BIO;658388273;7.5.2026;cpc;0,71;;36;2;5,555556;0;1,42;0;0;14250893;4260309481115;0,71
it_CrossSellReRank_Vegavero (Marketplace Seller)_VEGAVERO Spirulina BIO +  Clorella BIO;658331804;7.5.2026;cpc;0,31;;41;0;0;0;0;0;0;14250597;4260309484185;0
it_MarketplaceBooster_Vegavero (Marketplace Seller)_VEGAVERO Resveratrolo Plus;620567258;7.5.2026;cpc;0,51;;36;0;0;0;0;0;0;upmGDDD7G;4260557420805;0
at_MarketplaceBooster_Vegavero (Marketplace Seller)_VEGAVERO Light Legs Complex;658347596;7.5.2026;cpc;0,51;;36;1;2,777778;0;0,51;0;0;upmD7EWMP;4260557420454;0,51
com_MarketplaceBooster_Vegavero (Marketplace Seller)_VEGAVERO Leinsamen?l BIO;629497213;7.5.2026;cpc;0,51;;35;1;2,857143;0;0,51;0;0;upmKU4FAU;4260557422038;0,51
it_MarketplaceBooster_Vegavero (Marketplace Seller)_VEGAVERO Biancospino BIO;620566747;7.5.2026;cpc;0,51;;34;0;0;0;0;0;0;upmXW7KXD;4260557420720;0
it_CrossSellReRank_Vegavero (Marketplace Seller)_VEGAVERO Riso Rosso Plus;649150541;7.5.2026;cpc;0,31;;37;1;2,941176;0;0,31;0;0;upmDFWTTT;4260557423110;0,31
at_CrossSellReRank_Vegavero (Marketplace Seller)_VEGAVERO Female Harmony Complex;658279992;7.5.2026;cpc;0,31;;34;1;2,941176;0;0,31;0;0;upmUFEEWW;4260557420300;0,31
it_MarketplaceBooster_Vegavero (Marketplace Seller)_VEGAVERO Quercetina Complex;658381383;7.5.2026;cpc;0,51;;34;2;5,882353;0;1,02;0;0;upmF2AFXC;4260557423509;0,51
it_MarketplaceBooster_Vegavero (Marketplace Seller)_VEGAVERO Ashwagandha BIO;620566536;7.5.2026;cpc;0,51;;34;1;2,941176;0;0,51;0;0;upmUPLLZH;4260557420676;0,51
com_MarketplaceBooster_Vegavero (Marketplace Seller)_VEGAVERO Schwarzk?mmel?l BIO;658295946;7.5.2026;cpc;0,91;;34;0;0;0;0;0;0;upmEUZ9F7;4260557421376;0
at_MarketplaceBooster_Vegavero (Marketplace Seller)_VEGAVERO Magnesium + Kalium;620594279;7.5.2026;cpc;0,51;;34;1;2,941176;0;0,51;0;0;upm32MART;4260557420287;0,51
SOLD_OUT_com_CrossSellReRank_Vegavero (Marketplace Seller)_VEGAVERO Beta Carotin Plus ?l;643094141;7.5.2026;cpc;0,31;;39;1;2,941176;0;0,31;0;0;upmGPMUEM;4260557422427;0,31
SOLD_OUT_com_MarketplaceBooster_Vegavero (Marketplace Seller)_VEGAVERO Taurin Plus;620551671;7.5.2026;cpc;0,51;;34;0;0;0;0;0;0;upmXXW9XA;4260557423059;0
it_CrossSellReRank_Vegavero (Marketplace Seller)_VEGAVERO D Mannosio in Polvere;658352462;7.5.2026;cpc;0,31;;35;1;3,030303;0;0,31;0;0;14250686;4260309481603;0,31
it_MarketplaceBooster_Vegavero (Marketplace Seller)_VEGAVERO Maca Nera Plus;641623120;7.5.2026;cpc;1,01;;33;0;0;0;0;0;0;upmG4PKUG;4260557423042;0
SOLD_OUT_it_MarketplaceBooster_Vegavero (Marketplace Seller)_VEGAVERO Guggul;641655761;7.5.2026;cpc;0,51;;33;0;0;0;0;0;0;upmT99EZK;4260557421123;0
SOLD_OUT_com_CrossSellReRank_Vegavero (Marketplace Seller)_VEGAVERO L-Tyrosin Plus;643130826;7.5.2026;cpc;1,01;;53;0;0;0;0;0;0;upm2FC2LC;4260557422885;0
at_MarketplaceBooster_Vegavero (Marketplace Seller)_VEGAVERO Sun Care Complex;658280011;7.5.2026;cpc;0,51;;32;2;6,25;0;1,02;0;0;upm7C9XR2;4260557420836;0,51
com_CrossSellReRank_Vegavero (Marketplace Seller)_VEGAVERO Venaflux Complex;643093981;7.5.2026;cpc;1,41;;39;0;0;0;0;0;0;upmKY422A;4260557422212;0
at_MarketplaceBooster_Vegavero (Marketplace Seller)_VEGAVERO Oregano ?l BIO;658280076;7.5.2026;cpc;0,51;;32;1;3,125;0;0,51;0;0;upmYCXAL7;4260557421932;0,51
at_MarketplaceBooster_Vegavero (Marketplace Seller)_VEGAVERO Roter Reis Plus;626443344;7.5.2026;cpc;0,51;;31;0;0;0;0;0;0;upmDFWTTT;4260557423110;0
at_CrossSellReRank_Vegavero (Marketplace Seller)_VEGAVERO Oregano ?l BIO;658280077;7.5.2026;cpc;0,31;;35;1;3,225806;0;0,31;0;0;upmYCXAL7;4260557421932;0,31
at_CrossSellReRank_Vegavero (Marketplace Seller)_VEGAVERO Sun Care Complex;658280012;7.5.2026;cpc;0,31;;34;0;0;0;0;0;0;upm7C9XR2;4260557420836;0
com_MarketplaceBooster_Vegavero (Marketplace Seller)_VEGAVERO Liver Active Complex;619661159;7.5.2026;cpc;0,51;;30;0;0;0;0;0;0;14250812;4260557420188;0
SOLD_OUT_com_MarketplaceBooster_Vegavero (Marketplace Seller)_VEGAVERO Vitamin B12 Tropfen;619721768;7.5.2026;cpc;0,51;;30;0;0;0;0;0;0;upmYRCT9P;4260557422908;0
SOLD_OUT_at_CrossSellReRank_Vegavero (Marketplace Seller)_VEGAVERO L-Tyrosin Plus;658280164;7.5.2026;cpc;0,31;;34;0;0;0;0;0;0;upm2FC2LC;4260557422885;0
SOLD_OUT_at_MarketplaceBooster_Vegavero (Marketplace Seller)_VEGAVERO Pro Bio Kids BIO;620610302;7.5.2026;cpc;0,51;;29;0;0;0;0;0;0;14250953;4260557420249;0
at_MarketplaceBooster_Vegavero (Marketplace Seller)_VEGAVERO Eisen Bisglycinat;620612855;7.5.2026;cpc;0,51;;29;2;6,896552;0;1,02;0;0;14250692;4260309483065;0,51
it_MarketplaceBooster_Vegavero (Marketplace Seller)_VEGAVERO Mushroom Mix Complex;641622719;7.5.2026;cpc;0,51;;29;1;3,448276;0;0,51;0;0;upm4XDXPR;4260557422045;0,51
com_CrossSellReRank_Vegavero (Marketplace Seller)_VEGAVERO Eisen Bisglycinat;643077960;7.5.2026;cpc;0,31;;34;1;3,448276;0;0,31;0;0;14250692;4260309483065;0,31
SOLD_OUT_at_MarketplaceBooster_Vegavero (Marketplace Seller)_VEGAVERO Taurin Plus;626442685;7.5.2026;cpc;0,51;;29;0;0;0;0;0;0;upmXXW9XA;4260557423059;0
at_MarketplaceBooster_Vegavero (Marketplace Seller)_VEGAVERO Colon Care Complex;625767929;7.5.2026;cpc;0,51;;29;1;3,448276;0;0,51;0;0;14250605;4260557420201;0,51
at_MarketplaceBooster_Vegavero (Marketplace Seller)_VEGAVERO Magnesium Bisglycinat;620592111;7.5.2026;cpc;1,71;;29;2;6,896552;0;3,42;0;0;upmX4LT4H;4260557423257;1,71
SOLD_OUT_at_CrossSellReRank_Vegavero (Marketplace Seller)_VEGAVERO Beta Carotin Plus ?l;658280127;7.5.2026;cpc;0,31;;31;0;0;0;0;0;0;upmGPMUEM;4260557422427;0
it_CrossSellReRank_Vegavero (Marketplace Seller)_VEGAVERO Probiotici e Prebiotici BIO;658296371;7.5.2026;cpc;0,31;;38;0;0;0;0;0;0;14250976;4260557420034;0
it_CrossSellReRank_Vegavero (Marketplace Seller)_VEGAVERO Moringa BIO;658388299;7.5.2026;cpc;0,31;;39;0;0;0;0;0;0;14250893;4260309481115;0
com_MarketplaceBooster_Vegavero (Marketplace Seller)_VEGAVERO D-Mannose Complex;619660802;7.5.2026;cpc;1,51;;28;0;0;0;0;0;0;14250640;4260309482747;0
at_CrossSellReRank_Vegavero (Marketplace Seller)_VEGAVERO Omega-3 ?l;658280058;7.5.2026;cpc;1,31;;32;0;0;0;0;0;0;upm9KDWAZ;4260557421383;0
it_CrossSellReRank_Vegavero (Marketplace Seller)_VEGAVERO Liver Active Complex;658445100;7.5.2026;cpc;0,31;;34;0;0;0;0;0;0;14250812;4260557420188;0
com_MarketplaceBooster_Vegavero (Marketplace Seller)_VEGAVERO D-Mannose Pulver;619660673;7.5.2026;cpc;1,51;;27;0;0;0;0;0;0;14250686;4260309481603;0
it_CrossSellReRank_Vegavero (Marketplace Seller)_VEGAVERO Serenity Complex;649145562;7.5.2026;cpc;0,31;;35;0;0;0;0;0;0;upmZFGPHR;4260557422830;0
com_MarketplaceBooster_Vegavero (Marketplace Seller)_VEGAVERO Keto Power;658283042;7.5.2026;cpc;0,51;;27;1;3,703704;0;0,51;0;0;upmP77L3M;4260557423288;0,51
at_CrossSellReRank_Vegavero (Marketplace Seller)_VEGAVERO Lecithin BIO;658280090;7.5.2026;cpc;0,71;;29;1;3,703704;0;0,71;0;0;upm2HFKPC;4260557422021;0,71
it_MarketplaceBooster_Vegavero (Marketplace Seller)_VEGAVERO Echinacea Plus;620565882;7.5.2026;cpc;1,01;;27;0;0;0;0;0;0;upmPHKX9F;4260557423141;0
SOLD_OUT_it_CrossSellReRank_Vegavero (Marketplace Seller)_VEGAVERO Tribulus Terrestris;658296416;7.5.2026;cpc;0,31;;32;0;0;0;0;0;0;14251088;4260309481313;0
com_MarketplaceBooster_Vegavero (Marketplace Seller)_VEGAVERO Bockshornklee BIO;620539867;7.5.2026;cpc;0,51;1;27;2;7,692308;50;1,02;20,9;2049,019608;upm7AL3PG;4260557422977;0,51
com_CrossSellReRank_Vegavero (Marketplace Seller)_VEGAVERO Female Balance Complex;643085982;7.5.2026;cpc;0,71;;34;0;0;0;0;0;0;upmUX2FW3;4260557420638;0
at_CrossSellReRank_Vegavero (Marketplace Seller)_VEGAVERO Eisen Bisglycinat;643050566;7.5.2026;cpc;0,31;;32;2;7,692308;0;0,62;0;0;14250692;4260309483065;0,31
it_MarketplaceBooster_Vegavero (Marketplace Seller)_VEGAVERO Youth Biotics;658445086;7.5.2026;cpc;1,01;;26;1;3,846154;0;1,01;0;0;upmW7Y7DL;4260557423462;1,01
it_CrossSellReRank_Vegavero (Marketplace Seller)_VEGAVERO Ginseng Rosso Coreano;649076431;7.5.2026;cpc;0,31;;28;1;3,846154;0;0,31;0;0;upm2CZXC9;4260557420140;0,31
at_MarketplaceBooster_Vegavero (Marketplace Seller)_VEGAVERO Natural Jod BIO;625769489;7.5.2026;cpc;0,51;;26;0;0;0;0;0;0;14250769;4260557420256;0
com_MarketplaceBooster_Vegavero (Marketplace Seller)_VEGAVERO Mariendistel Plus;652868156;7.5.2026;cpc;1,01;;25;0;0;0;0;0;0;upmR9H2HU;4260557422892;0
at_CrossSellReRank_Vegavero (Marketplace Seller)_VEGAVERO Beifu? Extrakt;658280102;7.5.2026;cpc;0,41;;30;0;0;0;0;0;0;upmWMGCRY;4260557422090;0
it_MarketplaceBooster_Vegavero (Marketplace Seller)_VEGAVERO Glucomammano BIO;641643679;7.5.2026;cpc;0,51;;25;0;0;0;0;0;0;upmLXEUT7;4260557423240;0
com_CrossSellReRank_Vegavero (Marketplace Seller)_VEGAVERO Bromelain 2500 GDU/g;658347577;7.5.2026;cpc;0,31;;27;0;0;0;0;0;0;upm43HM34;4260557421130;0
it_CrossSellReRank_Vegavero (Marketplace Seller)_VEGAVERO Glucosamin Complex;649076940;7.5.2026;cpc;0,31;;27;1;4,166667;0;0,31;0;0;upmTYL3Y7;4260557420737;0,31
at_MarketplaceBooster_Vegavero (Marketplace Seller)_VEGAVERO Female Harmony Complex;658279991;7.5.2026;cpc;0,51;;24;2;8,333333;0;1,02;0;0;upmUFEEWW;4260557420300;0,51
at_MarketplaceBooster_Vegavero (Marketplace Seller)_VEGAVERO Glycin Pulver;658280142;7.5.2026;cpc;0,51;;24;0;0;0;0;0;0;upmR9H4DE;4260557422595;0
it_CrossSellReRank_Vegavero (Marketplace Seller)_VEGAVERO Magnesio + Potassio;649076465;7.5.2026;cpc;0,31;;29;0;0;0;0;0;0;upm32MART;4260557420287;0
at_MarketplaceBooster_Vegavero (Marketplace Seller)_VEGAVERO Rhodiola rosea Extrakt;620605153;7.5.2026;cpc;0,51;;23;3;13,043478;0;1,53;0;0;14251036;4260557420102;0,51
it_CrossSellReRank_Vegavero (Marketplace Seller)_VEGAVERO Griffonia;658296092;7.5.2026;cpc;0,31;;31;0;0;0;0;0;0;upmG7RZLC;4260557423318;0
it_CrossSellReRank_Vegavero (Marketplace Seller)_VEGAVERO Salvia BIO;649077205;7.5.2026;cpc;0,31;;30;0;0;0;0;0;0;upmMMLDZE;4260557420966;0
at_MarketplaceBooster_Vegavero (Marketplace Seller)_VEGAVERO Boswellia Extrakt;626438065;7.5.2026;cpc;0,51;;23;0;0;0;0;0;0;upmEH2K74;4260557422588;0
com_MarketplaceBooster_Vegavero (Marketplace Seller)_VEGAVERO Vitamin D3 und K2 ?l;652853552;7.5.2026;cpc;1,31;;23;1;4,347826;0;1,31;0;0;upm7FHKKZ;4260557421437;1,31
com_CrossSellReRank_Vegavero (Marketplace Seller)_VEGAVERO Magnesium Bisglycinat;643231145;7.5.2026;cpc;1,41;;26;0;0;0;0;0;0;upmX4LT4H;4260557423257;0
at_MarketplaceBooster_Vegavero (Marketplace Seller)_VEGAVERO Wild Yams + Zink;625763764;7.5.2026;cpc;0,51;;23;0;0;0;0;0;0;14251183;4260309481672;0
com_MarketplaceBooster_Vegavero (Marketplace Seller)_VEGAVERO Glycin Pulver;658347478;7.5.2026;cpc;1,51;;23;0;0;0;0;0;0;upmTGWG29;4260557423479;0
com_MarketplaceBooster_Vegavero (Marketplace Seller)_VEGAVERO Magnesium + Kalium;617842638;7.5.2026;cpc;1,01;;23;1;4,347826;0;1,01;0;0;upm32MART;4260557420287;1,01
at_CrossSellReRank_Vegavero (Marketplace Seller)_VEGAVERO Prostaid Complex;658727263;7.5.2026;cpc;1,31;;23;0;0;0;0;0;0;upmCEE43U;4260557420515;0
com_MarketplaceBooster_Vegavero (Marketplace Seller)_VEGAVERO MSM Pulver DOSE;619660893;7.5.2026;cpc;1,01;;22;0;0;0;0;0;0;upmTLUPGT;4260309483881;0
at_CrossSellReRank_Vegavero (Marketplace Seller)_VEGAVERO Rhodiola rosea Extrakt;658279979;7.5.2026;cpc;0,31;;23;1;4,545455;0;0,31;0;0;14251036;4260557420102;0,31
it_CrossSellReRank_Vegavero (Marketplace Seller)_VEGAVERO Olio di Semi di Chia;649117677;7.5.2026;cpc;0,31;;25;0;0;0;0;0;0;upmK7YWLD;4260557422649;0
com_CrossSellReRank_Vegavero (Marketplace Seller)_VEGAVERO Cholin Bitartrat;658347159;7.5.2026;cpc;0,31;;23;1;4,545455;0;0,31;0;0;upmU9FP9M;4260557423325;0,31
com_CrossSellReRank_Vegavero (Marketplace Seller)_VEGAVERO Oregano ?l BIO;643093284;7.5.2026;cpc;0,51;;31;0;0;0;0;0;0;upmYCXAL7;4260557421932;0
com_MarketplaceBooster_Vegavero (Marketplace Seller)_VEGAVERO Brewers Yeast;658295767;7.5.2026;cpc;0,51;;22;1;4,545455;0;0,51;0;0;upmKUKGHH;4260557423332;0,51
at_MarketplaceBooster_Vegavero (Marketplace Seller)_VEGAVERO MSM Pulver;620609038;7.5.2026;cpc;1,31;;22;0;0;0;0;0;0;upmWCKTTE;4260309481214;0
at_MarketplaceBooster_Vegavero (Marketplace Seller)_VEGAVERO D-Mannose Pulver;620609056;7.5.2026;cpc;0,51;;22;0;0;0;0;0;0;14250686;4260309481603;0
com_MarketplaceBooster_Vegavero (Marketplace Seller)_VEGAVERO Cholin Trio;618496729;7.5.2026;cpc;1,01;;22;1;4,545455;0;1,01;0;0;upm97PFY9;4260557421826;1,01
com_MarketplaceBooster_Vegavero (Marketplace Seller)_VEGAVERO Light Legs Complex;658347560;7.5.2026;cpc;1,01;;21;1;4,761905;0;1,01;0;0;upmD7EWMP;4260557420454;1,01
SOLD_OUT_com_MarketplaceBooster_Vegavero (Marketplace Seller)_VEGAVERO L-Tyrosin Plus;620537391;7.5.2026;cpc;1,61;;23;1;4,761905;0;1,61;0;0;upm2FC2LC;4260557422885;1,61
com_MarketplaceBooster_Vegavero (Marketplace Seller)_VEGAVERO Nachtkerzen und Borretsch?l BIO;619715142;7.5.2026;cpc;0,51;;21;1;4,761905;0;0,51;0;0;upm7KTFPH;4260557421420;0,51
at_MarketplaceBooster_Vegavero (Marketplace Seller)_VEGAVERO L-Tryptophan;625767437;7.5.2026;cpc;0,51;;21;0;0;0;0;0;0;14250841;4260309481108;0
com_MarketplaceBooster_Vegavero (Marketplace Seller)_VEGAVERO OPC Trio;620554337;7.5.2026;cpc;0,51;;21;0;0;0;0;0;0;upmWFGGMG;4260557423097;0
SOLD_OUT_com_MarketplaceBooster_Vegavero (Marketplace Seller)_VEGAVERO Pro Bio Kids BIO;618496726;7.5.2026;cpc;0,51;;21;0;0;0;0;0;0;14250953;4260557420249;0
at_MarketplaceBooster_Vegavero (Marketplace Seller)_VEGAVERO Vitamin B12 Spray Cherry;620611413;7.5.2026;cpc;0,51;;21;0;0;0;0;0;0;14251102;4260557420027;0
at_MarketplaceBooster_Vegavero (Marketplace Seller)_VEGAVERO Pro Bio Kulturenkomplex;620609408;7.5.2026;cpc;0,51;;20;0;0;0;0;0;0;14250976;4260557420034;0
com_CrossSellReRank_Vegavero (Marketplace Seller)_VEGAVERO Beifu? Extrakt;643093976;7.5.2026;cpc;0,31;;23;0;0;0;0;0;0;upmWMGCRY;4260557422090;0
SOLD_OUT_at_MarketplaceBooster_Vegavero (Marketplace Seller)_VEGAVERO Vitamin B12 Tropfen;620608016;7.5.2026;cpc;0,51;;20;0;0;0;0;0;0;upmYRCT9P;4260557422908;0
at_CrossSellReRank_Vegavero (Marketplace Seller)_VEGAVERO MSM Pulver;658279946;7.5.2026;cpc;0,91;;24;0;0;0;0;0;0;upmWCKTTE;4260309481214;0
com_MarketplaceBooster_Vegavero (Marketplace Seller)_VEGAVERO K?rbiskern?l BIO;619721382;7.5.2026;cpc;0,51;;20;2;10;0;1,02;0;0;upmY7MX4C;4260557422014;0,51
it_MarketplaceBooster_Vegavero (Marketplace Seller)_VEGAVERO Betacarotene;653864224;7.5.2026;cpc;0,51;;20;2;10;0;1,02;0;0;14250551;4260309484208;0,51
at_MarketplaceBooster_Vegavero (Marketplace Seller)_VEGAVERO Venaflux Complex;658280105;7.5.2026;cpc;1,61;;20;0;0;0;0;0;0;upmKY422A;4260557422212;0
com_CrossSellReRank_Vegavero (Marketplace Seller)_VEGAVERO K?rbiskern?l BIO;643093438;7.5.2026;cpc;0,31;;22;0;0;0;0;0;0;upmY7MX4C;4260557422014;0
com_MarketplaceBooster_Vegavero (Marketplace Seller)_VEGAVERO Venaflux Complex;629497502;7.5.2026;cpc;1,61;;19;0;0;0;0;0;0;upmKY422A;4260557422212;0
at_MarketplaceBooster_Vegavero (Marketplace Seller)_VEGAVERO Chlorella BIO + Spirulina BIO;620611807;7.5.2026;cpc;0,51;;19;1;5,263158;0;0,51;0;0;14250597;4260309484185;0,51
it_MarketplaceBooster_Vegavero (Marketplace Seller)_VEGAVERO Cardo Mariano;620565790;7.5.2026;cpc;1,01;;19;0;0;0;0;0;0;upmGMGWYP;4260309481979;0
com_MarketplaceBooster_Vegavero (Marketplace Seller)_VEGAVERO Astaxanthin ?l;619716956;7.5.2026;cpc;0,51;;20;0;0;0;0;0;0;upmYPTY2W;4260557421925;0
com_CrossSellReRank_Vegavero (Marketplace Seller)_VEGAVERO Party Hero;653854384;7.5.2026;cpc;0,31;;25;0;0;0;0;0;0;upmFACEA7;4260557423356;0
it_CrossSellReRank_Vegavero (Marketplace Seller)_VEGAVERO Ippocastano BIO Plus;649084572;7.5.2026;cpc;0,31;;20;0;0;0;0;0;0;upmUR4ZK4;4260557421239;0
com_CrossSellReRank_Vegavero (Marketplace Seller)_VEGAVERO Nachtkerzen ?l;658291480;7.5.2026;cpc;0,61;;30;2;10,526316;0;1,22;0;0;upm7DM474;4260557423448;0,61
at_MarketplaceBooster_Vegavero (Marketplace Seller)_VEGAVERO K?rbiskern?l BIO;620605158;7.5.2026;cpc;0,51;1;18;1;5,555556;100;0,51;53,8;10549,019608;upmY7MX4C;4260557422014;0,51
it_MarketplaceBooster_Vegavero (Marketplace Seller)_VEGAVERO Artemisia Vulgaris;649102355;7.5.2026;cpc;0,51;;18;0;0;0;0;0;0;upmWMGCRY;4260557422090;0
com_CrossSellReRank_Vegavero (Marketplace Seller)_VEGAVERO Brahmi BIO;643093286;7.5.2026;cpc;0,31;;20;0;0;0;0;0;0;upmHFPDDK;4260557421956;0
it_CrossSellReRank_Vegavero (Marketplace Seller)_VEGAVERO Cardo Mariano Plus;649143954;7.5.2026;cpc;0,31;;23;0;0;0;0;0;0;upmR9H2HU;4260557422892;0
it_CrossSellReRank_Vegavero (Marketplace Seller)_VEGAVERO Cordyceps Sinensis BIO;649146937;7.5.2026;cpc;0,31;;18;0;0;0;0;0;0;upmTG77MW;4260557422991;0
at_MarketplaceBooster_Vegavero (Marketplace Seller)_VEGAVERO Liver Active Complex;625768092;7.5.2026;cpc;0,51;;18;0;0;0;0;0;0;14250812;4260557420188;0
com_MarketplaceBooster_Vegavero (Marketplace Seller)_VEGAVERO Rapunzel;658295813;7.5.2026;cpc;0,51;;18;0;0;0;0;0;0;upmDUFHFK;4260557423134;0
com_MarketplaceBooster_Vegavero (Marketplace Seller)_VEGAVERO Vitamin C liposomal;619662437;7.5.2026;cpc;0,51;;18;0;0;0;0;0;0;upm77WEEP;4260557422786;0
com_MarketplaceBooster_Vegavero (Marketplace Seller)_VEGAVERO Teufelskralle Plus;619697372;7.5.2026;cpc;0,51;;17;2;11,764706;0;1,02;0;0;upmD3U322;4260557421192;0,51
com_CrossSellReRank_Vegavero (Marketplace Seller)_VEGAVERO Schwarzk?mmel?l BIO;658295948;7.5.2026;cpc;0,71;;24;1;5,882353;0;0,71;0;0;upmEUZ9F7;4260557421376;0,71
it_MarketplaceBooster_Vegavero (Marketplace Seller)_VEGAVERO Ippocastano BIO Plus;620572890;7.5.2026;cpc;0,51;;17;1;5,882353;0;0,51;0;0;upmUR4ZK4;4260557421239;0,51
com_MarketplaceBooster_Vegavero (Marketplace Seller)_VEGAVERO Pro Bio Kulturenkomplex;618496725;7.5.2026;cpc;0,51;;17;0;0;0;0;0;0;14250976;4260557420034;0
com_CrossSellReRank_Vegavero (Marketplace Seller)_VEGAVERO Sun Care Complex;643089603;7.5.2026;cpc;0,31;;18;1;5,882353;0;0,31;0;0;upm7C9XR2;4260557420836;0,31
com_CrossSellReRank_Vegavero (Marketplace Seller)_VEGAVERO Vitamin B12 Spray Cherry;643079936;7.5.2026;cpc;0,31;;18;0;0;0;0;0;0;14251102;4260557420027;0
at_MarketplaceBooster_Vegavero (Marketplace Seller)_VEGAVERO Sugar Balance Complex;658280124;7.5.2026;cpc;0,51;;17;0;0;0;0;0;0;upmAD4HK4;4260557422403;0
it_CrossSellReRank_Vegavero (Marketplace Seller)_VEGAVERO Vegan Essentials Complex;649088044;7.5.2026;cpc;0,31;;20;0;0;0;0;0;0;upmHHT433;4260557421390;0
at_MarketplaceBooster_Vegavero (Marketplace Seller)_VEGAVERO Teufelskralle Plus;620605271;7.5.2026;cpc;0,51;;17;1;5,882353;0;0,51;0;0;upmD3U322;4260557421192;0,51
com_MarketplaceBooster_Vegavero (Marketplace Seller)_VEGAVERO Colon Care Complex;627014864;7.5.2026;cpc;0,51;;17;2;11,764706;0;1,02;0;0;14250605;4260557420201;0,51
it_MarketplaceBooster_Vegavero (Marketplace Seller)_VEGAVERO Astaxantina BIO;620574573;7.5.2026;cpc;0,71;;16;0;0;0;0;0;0;upm7GZX42;4260557423165;0
it_MarketplaceBooster_Vegavero (Marketplace Seller)_VEGAVERO Echinacea Purpurea;620565881;7.5.2026;cpc;0,51;;16;1;6,25;0;0,51;0;0;upmPZPD44;4260557420133;0,51
at_CrossSellReRank_Vegavero (Marketplace Seller)_VEGAVERO D-Mannose Complex;643049572;7.5.2026;cpc;0,31;;18;0;0;0;0;0;0;14250640;4260309482747;0
it_MarketplaceBooster_Vegavero (Marketplace Seller)_VEGAVERO Origano BIO;641622706;7.5.2026;cpc;0,51;;16;1;6,25;0;0,51;0;0;upmYCXAL7;4260557421932;0,51
at_MarketplaceBooster_Vegavero (Marketplace Seller)_VEGAVERO OPC Trio;626443283;7.5.2026;cpc;0,51;;16;0;0;0;0;0;0;upmWFGGMG;4260557423097;0
com_MarketplaceBooster_Vegavero (Marketplace Seller)_VEGAVERO Lecithin BIO;652876638;7.5.2026;cpc;1,41;;16;1;6,25;0;1,41;0;0;upm2HFKPC;4260557422021;1,41
com_MarketplaceBooster_Vegavero (Marketplace Seller)_VEGAVERO Female Harmony Complex;629496627;7.5.2026;cpc;0,51;;16;2;12,5;0;1,02;0;0;upmUFEEWW;4260557420300;0,51
com_MarketplaceBooster_Vegavero (Marketplace Seller)_VEGAVERO Party Hero;653854277;7.5.2026;cpc;0,51;;16;0;0;0;0;0;0;upmFACEA7;4260557423356;0
it_CrossSellReRank_Vegavero (Marketplace Seller)_VEGAVERO Creatina in Polvere;658331599;7.5.2026;cpc;0,31;;20;0;0;0;0;0;0;upmFRZEFX;4260557423226;0
at_MarketplaceBooster_Vegavero (Marketplace Seller)_VEGAVERO Ashwagandha BIO;625771655;7.5.2026;cpc;0,51;;16;1;6,25;0;0,51;0;0;upmUPLLZH;4260557420676;0,51
it_MarketplaceBooster_Vegavero (Marketplace Seller)_VEGAVERO Boswellia;649114805;7.5.2026;cpc;0,51;;16;2;12,5;0;1,02;0;0;upmEH2K74;4260557422588;0,51
it_CrossSellReRank_Vegavero (Marketplace Seller)_VEGAVERO Strong Bones;658296089;7.5.2026;cpc;0,31;;22;0;0;0;0;0;0;upmAP9MLM;4260557423301;0
it_CrossSellReRank_Vegavero (Marketplace Seller)_VEGAVERO Origano BIO;649094039;7.5.2026;cpc;0,31;;21;2;13,333333;0;0,62;0;0;upmYCXAL7;4260557421932;0,31
SOLD_OUT_at_MarketplaceBooster_Vegavero (Marketplace Seller)_VEGAVERO L-Tyrosin Plus;626440758;7.5.2026;cpc;0,81;;15;2;13,333333;0;1,62;0;0;upm2FC2LC;4260557422885;0,81
com_MarketplaceBooster_Vegavero (Marketplace Seller)_VEGAVERO Elektrolyte Plus;617842699;7.5.2026;cpc;0,51;;15;0;0;0;0;0;0;upmD23XCL;4260557422823;0
com_MarketplaceBooster_Vegavero (Marketplace Seller)_VEGAVERO Vision Care Complex;619678178;7.5.2026;cpc;0,51;;15;0;0;0;0;0;0;upmWRPTR4;4260557420867;0
com_CrossSellReRank_Vegavero (Marketplace Seller)_VEGAVERO Hagebutte BIO;643089764;7.5.2026;cpc;0,31;;19;1;6,666667;0;0,31;0;0;upmWRWWCG;4260557421048;0,31
it_CrossSellReRank_Vegavero (Marketplace Seller)_VEGAVERO Olio di semi di Zucca BIO;649099614;7.5.2026;cpc;0,31;;16;0;0;0;0;0;0;upmY7MX4C;4260557422014;0
at_CrossSellReRank_Vegavero (Marketplace Seller)_VEGAVERO Glycin Pulver;658280145;7.5.2026;cpc;0,31;;20;1;6,666667;0;0,31;0;0;upmTGWG29;4260557423479;0,31
com_MarketplaceBooster_Vegavero (Marketplace Seller)_VEGAVERO Glycin Pulver;620530024;7.5.2026;cpc;1,01;;15;1;6,666667;0;1,01;0;0;upmR9H4DE;4260557422595;1,01
at_MarketplaceBooster_Vegavero (Marketplace Seller)_VEGAVERO MSM Pulver DOSE;658279977;7.5.2026;cpc;1,01;;15;0;0;0;0;0;0;upmTLUPGT;4260309483881;0
at_CrossSellReRank_Vegavero (Marketplace Seller)_VEGAVERO Rosskastanie Plus BIO;658295841;7.5.2026;cpc;0,51;;18;0;0;0;0;0;0;upmUR4ZK4;4260557421239;0
com_CrossSellReRank_Vegavero (Marketplace Seller)_VEGAVERO Vision Care Complex;658347575;7.5.2026;cpc;0,31;;17;0;0;0;0;0;0;upmWRPTR4;4260557420867;0
com_MarketplaceBooster_Vegavero (Marketplace Seller)_VEGAVERO Bromelain 2400 GDU/g;619684531;7.5.2026;cpc;0,51;;14;1;7,142857;0;0,51;0;0;upm43HM34;4260557421130;0,51
at_CrossSellReRank_Vegavero (Marketplace Seller)_VEGAVERO Chlorella BIO + Spirulina BIO;643057141;7.5.2026;cpc;0,31;;18;0;0;0;0;0;0;14250597;4260309484185;0
at_MarketplaceBooster_Vegavero (Marketplace Seller)_VEGAVERO BIO Astaxanthin ?l;620605149;7.5.2026;cpc;1,01;;14;1;7,142857;0;1,01;0;0;upm7GZX42;4260557423165;1,01
at_CrossSellReRank_Vegavero (Marketplace Seller)_VEGAVERO Venaflux Complex;658280106;7.5.2026;cpc;1,41;;21;0;0;0;0;0;0;upmKY422A;4260557422212;0
it_CrossSellReRank_Vegavero (Marketplace Seller)_VEGAVERO Biancospino BIO;649076903;7.5.2026;cpc;0,31;;22;1;7,142857;0;0,31;0;0;upmXW7KXD;4260557420720;0,31
it_MarketplaceBooster_Vegavero (Marketplace Seller)_VEGAVERO Enzima della Papaya;658445110;7.5.2026;cpc;1,01;;14;1;7,142857;0;1,01;0;0;14250930;4260309482648;1,01
com_CrossSellReRank_Vegavero (Marketplace Seller)_VEGAVERO MSM Pulver DOSE;643236175;7.5.2026;cpc;0,61;;18;0;0;0;0;0;0;upmTLUPGT;4260309483881;0
com_MarketplaceBooster_Vegavero (Marketplace Seller)_VEGAVERO Vitamin B3 (Nicotinamid);619677908;7.5.2026;cpc;1,51;;14;2;14,285714;0;3,02;0;0;upmUEXHE2;4260557420850;1,51
com_CrossSellReRank_Vegavero (Marketplace Seller)_VEGAVERO Brewers Yeast;658295768;7.5.2026;cpc;0,31;;15;0;0;0;0;0;0;upmKUKGHH;4260557423332;0
com_MarketplaceBooster_Vegavero (Marketplace Seller)_VEGAVERO L-Tryptophan;619660835;7.5.2026;cpc;2,02;;14;0;0;0;0;0;0;14250841;4260309481108;0
at_CrossSellReRank_Vegavero (Marketplace Seller)_VEGAVERO L-Tryptophan;658279974;7.5.2026;cpc;0,31;;18;0;0;0;0;0;0;14250841;4260309481108;0
it_MarketplaceBooster_Vegavero (Marketplace Seller)_VEGAVERO MSM;641622735;7.5.2026;cpc;1,01;;14;0;0;0;0;0;0;upmTLUPGT;4260309483881;0
it_CrossSellReRank_Vegavero (Marketplace Seller)_VEGAVERO L-Triptofano;658352473;7.5.2026;cpc;0,31;;17;0;0;0;0;0;0;14250841;4260309481108;0
com_MarketplaceBooster_Vegavero (Marketplace Seller)_VEGAVERO L-Glutamin Pulver;620565039;7.5.2026;cpc;0,51;;14;0;0;0;0;0;0;upmUPTFMH;4260557423233;0
it_CrossSellReRank_Vegavero (Marketplace Seller)_VEGAVERO Enzima della Papaya;658445112;7.5.2026;cpc;0,31;;18;0;0;0;0;0;0;14250930;4260309482648;0
SOLD_OUT_it_CrossSellReRank_Vegavero (Marketplace Seller)_VEGAVERO Probiotici e Prebiotici Bambini;658445102;7.5.2026;cpc;0,31;;21;0;0;0;0;0;0;14250953;4260557420249;0
at_MarketplaceBooster_Vegavero (Marketplace Seller)_VEGAVERO Zimt Extrakt BIO;625767692;7.5.2026;cpc;0,51;;13;0;0;0;0;0;0;upmW9KKTG;4260557422618;0
com_MarketplaceBooster_Vegavero (Marketplace Seller)_VEGAVERO Roter Reis Plus;620557805;7.5.2026;cpc;0,51;;13;1;7,692308;0;0,51;0;0;upmDFWTTT;4260557423110;0,51
it_CrossSellReRank_Vegavero (Marketplace Seller)_VEGAVERO Cumino Nero BIO;658352478;7.5.2026;cpc;0,31;;15;1;7,692308;0;0,31;0;0;upmEUZ9F7;4260557421376;0,31
at_MarketplaceBooster_Vegavero (Marketplace Seller)_VEGAVERO Vitamin B3 (Nicotinamid);625772385;7.5.2026;cpc;0,81;;13;3;23,076923;0;2,43;0;0;upmUEXHE2;4260557420850;0,81
com_CrossSellReRank_Vegavero (Marketplace Seller)_VEGAVERO Natural Jod BIO;643084951;7.5.2026;cpc;0,31;;16;0;0;0;0;0;0;14250769;4260557420256;0
com_MarketplaceBooster_Vegavero (Marketplace Seller)_VEGAVERO Taurin Pulver;658347271;7.5.2026;cpc;1,51;;13;0;0;0;0;0;0;upmHULHZD;4260557423370;0
it_CrossSellReRank_Vegavero (Marketplace Seller)_VEGAVERO Cannella Ceylon BIO;649115454;7.5.2026;cpc;0,31;;16;0;0;0;0;0;0;upmW9KKTG;4260557422618;0
at_MarketplaceBooster_Vegavero (Marketplace Seller)_VEGAVERO Griffonia Plus;658280152;7.5.2026;cpc;0,51;;13;1;7,692308;0;0,51;0;0;upmHCULGA;4260557422755;0,51
com_CrossSellReRank_Vegavero (Marketplace Seller)_VEGAVERO MSM Pulver;643233340;7.5.2026;cpc;0,31;;18;0;0;0;0;0;0;upmWCKTTE;4260309481214;0
it_CrossSellReRank_Vegavero (Marketplace Seller)_VEGAVERO Echinacea Purpurea;649076430;7.5.2026;cpc;0,31;;16;0;0;0;0;0;0;upmPZPD44;4260557420133;0
it_MarketplaceBooster_Vegavero (Marketplace Seller)_VEGAVERO Curcuma BIO;641629765;7.5.2026;cpc;0,51;;13;1;7,692308;0;0,51;0;0;upm27X4XW;4260557422878;0,51
it_MarketplaceBooster_Vegavero (Marketplace Seller)_VEGAVERO L-Glutammina in Polvere;649157245;7.5.2026;cpc;0,51;;13;2;15,384615;0;1,02;0;0;upmUPTFMH;4260557423233;0,51
it_CrossSellReRank_Vegavero (Marketplace Seller)_VEGAVERO Vitamina C Naturale BIO;649076562;7.5.2026;cpc;1,31;;21;0;0;0;0;0;0;upmFY9KW9;4260557420331;0
it_CrossSellReRank_Vegavero (Marketplace Seller)_VEGAVERO Colon Care Complex;658353192;7.5.2026;cpc;0,31;;16;0;0;0;0;0;0;14250605;4260557420201;0
it_MarketplaceBooster_Vegavero (Marketplace Seller)_VEGAVERO MSM;620565773;7.5.2026;cpc;1,01;;13;1;7,692308;0;1,01;0;0;upmWCKTTE;4260309481214;1,01
it_CrossSellReRank_Vegavero (Marketplace Seller)_VEGAVERO MSM;658352467;7.5.2026;cpc;0,61;;17;0;0;0;0;0;0;upmTLUPGT;4260309483881;0
com_CrossSellReRank_Vegavero (Marketplace Seller)_VEGAVERO Vitamin B3 (Nicotinamid);643089676;7.5.2026;cpc;0,51;;17;0;0;0;0;0;0;upmUEXHE2;4260557420850;0
at_MarketplaceBooster_Vegavero (Marketplace Seller)_VEGAVERO Apple Cider Vinegar;626443800;7.5.2026;cpc;0,51;;13;0;0;0;0;0;0;upmUTDZP9;4260557423158;0
at_CrossSellReRank_Vegavero (Marketplace Seller)_VEGAVERO BIO Astaxanthin ?l;658282827;7.5.2026;cpc;0,91;;12;0;0;0;0;0;0;upm7GZX42;4260557423165;0
com_MarketplaceBooster_Vegavero (Marketplace Seller)_VEGAVERO Zimt Extrakt BIO;619661041;7.5.2026;cpc;0,51;;12;1;8,333333;0;0,51;0;0;upmW9KKTG;4260557422618;0,51
SOLD_OUT_it_MarketplaceBooster_Vegavero (Marketplace Seller)_VEGAVERO Tribulus Terrestris;658296415;7.5.2026;cpc;0,51;;12;1;8,333333;0;0,51;0;0;14251088;4260309481313;0,51
com_MarketplaceBooster_Vegavero (Marketplace Seller)_VEGAVERO Wild Yams + Zink;619660532;7.5.2026;cpc;0,51;;12;1;8,333333;0;0,51;0;0;14251183;4260309481672;0,51
it_MarketplaceBooster_Vegavero (Marketplace Seller)_VEGAVERO OPC Trio;641650064;7.5.2026;cpc;0,51;;12;0;0;0;0;0;0;upmWFGGMG;4260557423097;0
it_CrossSellReRank_Vegavero (Marketplace Seller)_VEGAVERO Colina Bitartrato;658296216;7.5.2026;cpc;0,31;;14;0;0;0;0;0;0;upmU9FP9M;4260557423325;0
at_MarketplaceBooster_Vegavero (Marketplace Seller)_VEGAVERO Resveratrol + Nicotinamid;625771680;7.5.2026;cpc;0,51;;12;1;8,333333;0;0,51;0;0;upmGDDD7G;4260557420805;0,51
SOLD_OUT_at_CrossSellReRank_Vegavero (Marketplace Seller)_VEGAVERO Vegan Collagen+Hyaluronic Acid;658347624;7.5.2026;cpc;1,21;;12;0;0;0;0;0;0;upmK3CG99;4260557422656;0
com_MarketplaceBooster_Vegavero (Marketplace Seller)_VEGAVERO Prostaid Complex;658727268;7.5.2026;cpc;1,51;;12;0;0;0;0;0;0;upmCEE43U;4260557420515;0
com_MarketplaceBooster_Vegavero (Marketplace Seller)_VEGAVERO Serenity;620539276;7.5.2026;cpc;0,51;;12;0;0;0;0;0;0;upmZFGPHR;4260557422830;0
it_MarketplaceBooster_Vegavero (Marketplace Seller)_VEGAVERO EAA - Aminoacidi Essenziali;620567252;7.5.2026;cpc;1,11;;12;1;8,333333;0;1,11;0;0;upmGMXXY9;4260557420744;1,11
com_CrossSellReRank_Vegavero (Marketplace Seller)_VEGAVERO Vitamin B12 Spray Junior;643093986;7.5.2026;cpc;0,31;;15;1;8,333333;0;0,31;0;0;upm3RXHUC;4260557422229;0,31
com_CrossSellReRank_Vegavero (Marketplace Seller)_VEGAVERO Echinacea Plus;643137759;7.5.2026;cpc;0,31;;18;0;0;0;0;0;0;upmPHKX9F;4260557423141;0
it_MarketplaceBooster_Vegavero (Marketplace Seller)_VEGAVERO Vitamina C Naturale BIO;620566115;7.5.2026;cpc;1,51;;12;0;0;0;0;0;0;upmFY9KW9;4260557420331;0
at_CrossSellReRank_Vegavero (Marketplace Seller)_VEGAVERO Moringa BIO;658725473;7.5.2026;cpc;1,01;;15;0;0;0;0;0;0;14250893;4260309481115;0
at_MarketplaceBooster_Vegavero (Marketplace Seller)_VEGAVERO Lecithin BIO;620605162;7.5.2026;cpc;0,81;;12;0;0;0;0;0;0;upm2HFKPC;4260557422021;0
it_MarketplaceBooster_Vegavero (Marketplace Seller)_VEGAVERO Glicina in Polvere;658334361;7.5.2026;cpc;1,01;;12;0;0;0;0;0;0;upmR9H4DE;4260557422595;0
com_MarketplaceBooster_Vegavero (Marketplace Seller)_VEGAVERO Moringa BIO;628844146;7.5.2026;cpc;1,31;;12;1;8,333333;0;1,31;0;0;14250893;4260309481115;1,31
at_CrossSellReRank_Vegavero (Marketplace Seller)_VEGAVERO Vision Care Complex;658347600;7.5.2026;cpc;0,31;;12;0;0;0;0;0;0;upmWRPTR4;4260557420867;0
com_CrossSellReRank_Vegavero (Marketplace Seller)_VEGAVERO Glycin Pulver;658347520;7.5.2026;cpc;0,31;;11;0;0;0;0;0;0;upmTGWG29;4260557423479;0
it_MarketplaceBooster_Vegavero (Marketplace Seller)_VEGAVERO Femme Biotics;658445082;7.5.2026;cpc;1,01;;11;1;9,090909;0;1,01;0;0;upm4AEDEP;4260557423455;1,01
it_MarketplaceBooster_Vegavero (Marketplace Seller)_VEGAVERO Ginseng Rosso Coreano;620566091;7.5.2026;cpc;0,51;;11;2;18,181818;0;1,02;0;0;upm2CZXC9;4260557420140;0,51
at_CrossSellReRank_Vegavero (Marketplace Seller)_VEGAVERO Drenaflux Complex;658295889;7.5.2026;cpc;0,31;;13;0;0;0;0;0;0;upm2XGYDU;4260557422489;0
at_CrossSellReRank_Vegavero (Marketplace Seller)_VEGAVERO Brennnessel BIO;658280036;7.5.2026;cpc;0,31;;14;0;0;0;0;0;0;upm9RX43T;4260557421031;0
it_CrossSellReRank_Vegavero (Marketplace Seller)_VEGAVERO Zenzero BIO;658353197;7.5.2026;cpc;0,31;;14;0;0;0;0;0;0;upmPX4TPU;4260557420386;0
it_CrossSellReRank_Vegavero (Marketplace Seller)_VEGAVERO Boswellia;649114866;7.5.2026;cpc;0,31;;15;0;0;0;0;0;0;upmEH2K74;4260557422588;0
at_MarketplaceBooster_Vegavero (Marketplace Seller)_VEGAVERO Zimt-Ceylon Extrakt;625767691;7.5.2026;cpc;0,51;;12;0;0;0;0;0;0;14251208;4260557420164;0
it_CrossSellReRank_Vegavero (Marketplace Seller)_VEGAVERO Vitamina B3 Nicotinamide;649112226;7.5.2026;cpc;0,31;;11;0;0;0;0;0;0;upmKKE3R2;4260557422526;0
it_MarketplaceBooster_Vegavero (Marketplace Seller)_VEGAVERO Magnesio + Potassio;620566099;7.5.2026;cpc;0,51;;11;2;18,181818;0;1,02;0;0;upm32MART;4260557420287;0,51
com_MarketplaceBooster_Vegavero (Marketplace Seller)_VEGAVERO Zimt-Ceylon Extrakt;619660976;7.5.2026;cpc;0,51;;11;0;0;0;0;0;0;14251208;4260557420164;0
com_CrossSellReRank_Vegavero (Marketplace Seller)_VEGAVERO Saccharomyces boulardii;643093285;7.5.2026;cpc;0,31;;11;1;9,090909;0;0,31;0;0;upmWDER3T;4260557421949;0,31
at_MarketplaceBooster_Vegavero (Marketplace Seller)_VEGAVERO Salbei BIO;658280029;7.5.2026;cpc;0,51;;11;0;0;0;0;0;0;upmMMLDZE;4260557420966;0
com_CrossSellReRank_Vegavero (Marketplace Seller)_VEGAVERO Cordyceps Extrakt;658347557;7.5.2026;cpc;0,31;;12;0;0;0;0;0;0;14250611;4260309483218;0
it_CrossSellReRank_Vegavero (Marketplace Seller)_VEGAVERO Ferro;658331759;7.5.2026;cpc;0,31;;14;0;0;0;0;0;0;14250692;4260309483065;0
it_CrossSellReRank_Vegavero (Marketplace Seller)_VEGAVERO Echinacea Plus;649151902;7.5.2026;cpc;0,31;;18;0;0;0;0;0;0;upmPHKX9F;4260557423141;0
at_MarketplaceBooster_Vegavero (Marketplace Seller)_VEGAVERO Nachtkerzen und Borretsch?l BIO;625782152;7.5.2026;cpc;0,51;;11;1;9,090909;0;0,51;0;0;upm7KTFPH;4260557421420;0,51
com_MarketplaceBooster_Vegavero (Marketplace Seller)_VEGAVERO Rosskastanie Plus BIO;619708788;7.5.2026;cpc;1,31;;10;0;0;0;0;0;0;upmUR4ZK4;4260557421239;0
com_CrossSellReRank_Vegavero (Marketplace Seller)_VEGAVERO Nachtkerzen und Borretsch?l BIO;643092372;7.5.2026;cpc;0,31;;12;0;0;0;0;0;0;upm7KTFPH;4260557421420;0
com_CrossSellReRank_Vegavero (Marketplace Seller)_VEGAVERO Papaya BIO;643089807;7.5.2026;cpc;0,31;;11;0;0;0;0;0;0;upm9HWLUD;4260557421055;0
at_CrossSellReRank_Vegavero (Marketplace Seller)_VEGAVERO Teufelskralle Plus;658280050;7.5.2026;cpc;0,31;;14;1;10;0;0,31;0;0;upmD3U322;4260557421192;0,31
at_CrossSellReRank_Vegavero (Marketplace Seller)_VEGAVERO Glucosamin Complex;658280006;7.5.2026;cpc;0,31;;10;0;0;0;0;0;0;upmTYL3Y7;4260557420737;0
SOLD_OUT_it_CrossSellReRank_Vegavero (Marketplace Seller)_VEGAVERO Taurina Plus;649149719;7.5.2026;cpc;0,31;;10;0;0;0;0;0;0;upmXXW9XA;4260557423059;0
it_MarketplaceBooster_Vegavero (Marketplace Seller)_VEGAVERO Rhodiola Rosea;658445090;7.5.2026;cpc;1,01;;10;0;0;0;0;0;0;14251036;4260557420102;0
it_CrossSellReRank_Vegavero (Marketplace Seller)_VEGAVERO EAA - Aminoacidi Essenziali;649077110;7.5.2026;cpc;1,11;;14;0;0;0;0;0;0;upmGMXXY9;4260557420744;0
it_CrossSellReRank_Vegavero (Marketplace Seller)_VEGAVERO Resveratrolo Plus;649077189;7.5.2026;cpc;0,31;;15;0;0;0;0;0;0;upmGDDD7G;4260557420805;0
com_CrossSellReRank_Vegavero (Marketplace Seller)_VEGAVERO Myo-Inositol Complex;658295458;7.5.2026;cpc;1,11;;13;0;0;0;0;0;0;upm7PGM77;4260557421765;0
it_CrossSellReRank_Vegavero (Marketplace Seller)_VEGAVERO L-Glutammina in Polvere;649158096;7.5.2026;cpc;0,31;;13;0;0;0;0;0;0;upmUPTFMH;4260557423233;0
com_CrossSellReRank_Vegavero (Marketplace Seller)_VEGAVERO Glucosamin Complex;643088059;7.5.2026;cpc;0,31;;13;0;0;0;0;0;0;upmTYL3Y7;4260557420737;0
it_MarketplaceBooster_Vegavero (Marketplace Seller)_VEGAVERO Vegan Essentials Complex;641622696;7.5.2026;cpc;0,51;;10;0;0;0;0;0;0;upmHHT433;4260557421390;0
it_MarketplaceBooster_Vegavero (Marketplace Seller)_VEGAVERO Salvia BIO;641651421;7.5.2026;cpc;0,51;;10;0;0;0;0;0;0;upmMMLDZE;4260557420966;0
it_CrossSellReRank_Vegavero (Marketplace Seller)_VEGAVERO Fieno Greco BIO;649146229;7.5.2026;cpc;0,31;;13;0;0;0;0;0;0;upm7AL3PG;4260557422977;0
com_MarketplaceBooster_Vegavero (Marketplace Seller)_VEGAVERO BCAA Pulver Mango;658445052;7.5.2026;cpc;2,01;;11;0;0;0;0;0;0;upmWWWMYX;4260557423523;0
it_MarketplaceBooster_Vegavero (Marketplace Seller)_VEGAVERO Astaxantina;620574476;7.5.2026;cpc;1,11;;9;0;0;0;0;0;0;upmYPTY2W;4260557421925;0
it_CrossSellReRank_Vegavero (Marketplace Seller)_VEGAVERO Nattokinase;649160527;7.5.2026;cpc;0,31;;12;1;11,111111;0;0,31;0;0;upm2ZL4CL;4260557423264;0,31
at_CrossSellReRank_Vegavero (Marketplace Seller)_VEGAVERO Light Legs Complex;658347598;7.5.2026;cpc;0,31;;11;0;0;0;0;0;0;upmD7EWMP;4260557420454;0
at_CrossSellReRank_Vegavero (Marketplace Seller)_VEGAVERO Strong Bones;658283006;7.5.2026;cpc;0,31;;11;0;0;0;0;0;0;upmAP9MLM;4260557423301;0
at_CrossSellReRank_Vegavero (Marketplace Seller)_VEGAVERO Roter Reis Plus;658282817;7.5.2026;cpc;0,31;;9;1;11,111111;0;0,31;0;0;upmDFWTTT;4260557423110;0,31
com_CrossSellReRank_Vegavero (Marketplace Seller)_VEGAVERO Griffonia Plus;643128060;7.5.2026;cpc;0,31;;14;0;0;0;0;0;0;upmHCULGA;4260557422755;0
com_MarketplaceBooster_Vegavero (Marketplace Seller)_VEGAVERO Hagebutte BIO;619682810;7.5.2026;cpc;0,51;;9;0;0;0;0;0;0;upmWRWWCG;4260557421048;0
com_MarketplaceBooster_Vegavero (Marketplace Seller)_VEGAVERO Cholin Bitartrat;658347145;7.5.2026;cpc;1,01;;9;0;0;0;0;0;0;upmU9FP9M;4260557423325;0
at_MarketplaceBooster_Vegavero (Marketplace Seller)_VEGAVERO Leinsamen?l BIO;658280092;7.5.2026;cpc;0,51;;9;2;22,222222;0;1,02;0;0;upmKU4FAU;4260557422038;0,51
com_CrossSellReRank_Vegavero (Marketplace Seller)_VEGAVERO Sugar Balance Complex;652861490;7.5.2026;cpc;0,31;;11;1;11,111111;0;0,31;0;0;upmAD4HK4;4260557422403;0,31
com_MarketplaceBooster_Vegavero (Marketplace Seller)_VEGAVERO Boswellia Extrakt;620528799;7.5.2026;cpc;0,51;;9;1;11,111111;0;0,51;0;0;upmEH2K74;4260557422588;0,51
at_MarketplaceBooster_Vegavero (Marketplace Seller)_VEGAVERO Vitamin C liposomal;626439698;7.5.2026;cpc;0,51;;9;0;0;0;0;0;0;upm77WEEP;4260557422786;0
com_CrossSellReRank_Vegavero (Marketplace Seller)_VEGAVERO Vitamin D3+K2 Tropfen;643133550;7.5.2026;cpc;1,21;;9;0;0;0;0;0;0;upmKAXT9Y;4260557422915;0
SOLD_OUT_at_CrossSellReRank_Vegavero (Marketplace Seller)_VEGAVERO Vitamin B12 Tropfen;658280176;7.5.2026;cpc;0,31;;9;0;0;0;0;0;0;upmYRCT9P;4260557422908;0
at_CrossSellReRank_Vegavero (Marketplace Seller)_VEGAVERO Saccharomyces boulardii;658347619;7.5.2026;cpc;0,81;;10;0;0;0;0;0;0;upmWDER3T;4260557421949;0
com_CrossSellReRank_Vegavero (Marketplace Seller)_VEGAVERO Mariendistel Plus;652868608;7.5.2026;cpc;0,31;;12;0;0;0;0;0;0;upmR9H2HU;4260557422892;0
at_MarketplaceBooster_Vegavero (Marketplace Seller)_VEGAVERO Serenity;658280178;7.5.2026;cpc;0,51;;9;0;0;0;0;0;0;upmZFGPHR;4260557422830;0
it_CrossSellReRank_Vegavero (Marketplace Seller)_VEGAVERO Multivitamino Spray per Bambini;649081621;7.5.2026;cpc;0,31;;11;0;0;0;0;0;0;upm9ZTF3H;4260557421178;0
com_MarketplaceBooster_Vegavero (Marketplace Seller)_VEGAVERO Curcuma BIO;618496721;7.5.2026;cpc;0,51;;9;0;0;0;0;0;0;upm27X4XW;4260557422878;0
com_CrossSellReRank_Vegavero (Marketplace Seller)_VEGAVERO Magnesium + Kalium;643084952;7.5.2026;cpc;0,31;;11;0;0;0;0;0;0;upm32MART;4260557420287;0
com_MarketplaceBooster_Vegavero (Marketplace Seller)_VEGAVERO Glucomannan BIO;658283040;7.5.2026;cpc;0,51;;8;0;0;0;0;0;0;upmLXEUT7;4260557423240;0
at_MarketplaceBooster_Vegavero (Marketplace Seller)_VEGAVERO Rosskastanie Plus BIO;658295840;7.5.2026;cpc;1,21;;8;0;0;0;0;0;0;upmUR4ZK4;4260557421239;0
com_MarketplaceBooster_Vegavero (Marketplace Seller)_VEGAVERO Salbei BIO;619682278;7.5.2026;cpc;0,51;;8;1;12,5;0;0,51;0;0;upmMMLDZE;4260557420966;0,51
at_MarketplaceBooster_Vegavero (Marketplace Seller)_VEGAVERO Mariendistel Plus;658280173;7.5.2026;cpc;0,51;;8;0;0;0;0;0;0;upmR9H2HU;4260557422892;0
com_CrossSellReRank_Vegavero (Marketplace Seller)_VEGAVERO Vegan Essentials Complex;643092356;7.5.2026;cpc;0,31;;9;0;0;0;0;0;0;upmHHT433;4260557421390;0
com_CrossSellReRank_Vegavero (Marketplace Seller)_VEGAVERO MSM Pulver;643233362;7.5.2026;cpc;0,61;;14;0;0;0;0;0;0;upmWCKTTE;4260309481214;0
SOLD_OUT_at_CrossSellReRank_Vegavero (Marketplace Seller)_VEGAVERO Taurin Plus;658282814;7.5.2026;cpc;0,31;;8;0;0;0;0;0;0;upmXXW9XA;4260557423059;0
at_CrossSellReRank_Vegavero (Marketplace Seller)_VEGAVERO Glycin Pulver;658280144;7.5.2026;cpc;0,31;;11;0;0;0;0;0;0;upmR9H4DE;4260557422595;0
it_CrossSellReRank_Vegavero (Marketplace Seller)_VEGAVERO Vitamina C Liposomiale;649120758;7.5.2026;cpc;0,61;;9;0;0;0;0;0;0;upm77WEEP;4260557422786;0
at_MarketplaceBooster_Vegavero (Marketplace Seller)_VEGAVERO Vision Care Complex;658347599;7.5.2026;cpc;0,51;;8;1;12,5;0;0,51;0;0;upmWRPTR4;4260557420867;0,51
at_MarketplaceBooster_Vegavero (Marketplace Seller)_VEGAVERO Triphala BIO;625772285;7.5.2026;cpc;0,51;;8;1;12,5;0;0,51;0;0;upmGL239Y;4260557420812;0,51
com_MarketplaceBooster_Vegavero (Marketplace Seller)_VEGAVERO Ashwagandha BIO;619667906;7.5.2026;cpc;0,51;;8;0;0;0;0;0;0;upmUPLLZH;4260557420676;0
com_MarketplaceBooster_Vegavero (Marketplace Seller)_VEGAVERO Resveratrol + Nicotinamid;619676602;7.5.2026;cpc;0,51;;8;0;0;0;0;0;0;upmGDDD7G;4260557420805;0
com_CrossSellReRank_Vegavero (Marketplace Seller)_VEGAVERO L-Tryptophan;643237471;7.5.2026;cpc;0,31;;13;1;12,5;0;0,31;0;0;14250841;4260309481108;0,31
it_MarketplaceBooster_Vegavero (Marketplace Seller)_VEGAVERO Shilajit Mumijo;626452031;7.5.2026;cpc;0,51;;8;0;0;0;0;0;0;upmR33A3P;4260557421406;0
at_MarketplaceBooster_Vegavero (Marketplace Seller)_VEGAVERO Ingwer BIO;625770334;7.5.2026;cpc;0,51;;8;1;12,5;0;0,51;0;0;upmPX4TPU;4260557420386;0,51
it_CrossSellReRank_Vegavero (Marketplace Seller)_VEGAVERO Glucomammano BIO;649158747;7.5.2026;cpc;0,31;;10;0;0;0;0;0;0;upmLXEUT7;4260557423240;0
at_MarketplaceBooster_Vegavero (Marketplace Seller)_VEGAVERO Echinacea Plus;658282823;7.5.2026;cpc;0,31;;8;0;0;0;0;0;0;upmPHKX9F;4260557423141;0
at_CrossSellReRank_Vegavero (Marketplace Seller)_VEGAVERO Boswellia Extrakt;658280140;7.5.2026;cpc;0,31;;9;0;0;0;0;0;0;upmEH2K74;4260557422588;0
com_CrossSellReRank_Vegavero (Marketplace Seller)_VEGAVERO Multivitamin Spray Junior;643089899;7.5.2026;cpc;0,31;;10;0;0;0;0;0;0;upm9ZTF3H;4260557421178;0
com_MarketplaceBooster_Vegavero (Marketplace Seller)_VEGAVERO Chrom Plus;627595667;7.5.2026;cpc;0,51;;8;0;0;0;0;0;0;upmL7ZDD2;4260557422946;0
it_CrossSellReRank_Vegavero (Marketplace Seller)_VEGAVERO Party Hero;658331705;7.5.2026;cpc;0,31;;12;0;0;0;0;0;0;upmFACEA7;4260557423356;0
at_CrossSellReRank_Vegavero (Marketplace Seller)_VEGAVERO OPC Trio;658282816;7.5.2026;cpc;0,31;;8;0;0;0;0;0;0;upmWFGGMG;4260557423097;0
com_MarketplaceBooster_Vegavero (Marketplace Seller)_VEGAVERO Psyllium BIO;658295759;7.5.2026;cpc;0,51;;8;0;0;0;0;0;0;upmERYMM3;4260557423295;0
SOLD_OUT_it_CrossSellReRank_Vegavero (Marketplace Seller)_VEGAVERO Vitamina B12 gocce;649144392;7.5.2026;cpc;0,31;;9;0;0;0;0;0;0;upmYRCT9P;4260557422908;0
com_MarketplaceBooster_Vegavero (Marketplace Seller)_VEGAVERO Ackerschachtelhalm BIO;653634560;7.5.2026;cpc;0,51;;8;0;0;0;0;0;0;upmDKAWH3;4260557421307;0
com_MarketplaceBooster_Vegavero (Marketplace Seller)_VEGAVERO Apple Cider Vinegar;620564988;7.5.2026;cpc;0,51;;8;0;0;0;0;0;0;upmUTDZP9;4260557423158;0
it_CrossSellReRank_Vegavero (Marketplace Seller)_VEGAVERO Caffeina;649151028;7.5.2026;cpc;0,31;;14;0;0;0;0;0;0;upm4XZRWY;4260557423127;0
com_MarketplaceBooster_Vegavero (Marketplace Seller)_VEGAVERO Quercetin Komplex;658469903;7.5.2026;cpc;1,01;;7;0;0;0;0;0;0;upmF2AFXC;4260557423509;0
com_MarketplaceBooster_Vegavero (Marketplace Seller)_VEGAVERO Echinacea Plus;620564961;7.5.2026;cpc;0,51;;7;0;0;0;0;0;0;upmPHKX9F;4260557423141;0
SOLD_OUT_it_CrossSellReRank_Vegavero (Marketplace Seller)_VEGAVERO Guggul;649077297;7.5.2026;cpc;0,31;;7;0;0;0;0;0;0;upmT99EZK;4260557421123;0
at_MarketplaceBooster_Vegavero (Marketplace Seller)_VEGAVERO Shiitake Extrakt;658280086;7.5.2026;cpc;0,51;;7;0;0;0;0;0;0;upmZ7P4AX;4260557421970;0
com_MarketplaceBooster_Vegavero (Marketplace Seller)_VEGAVERO Astragalus BIO;625748178;7.5.2026;cpc;1,01;;7;1;14,285714;0;1,01;0;0;upmCGKMCH;4260557421222;1,01
it_MarketplaceBooster_Vegavero (Marketplace Seller)_VEGAVERO Boswellia;641624237;7.5.2026;cpc;0,51;;7;0;0;0;0;0;0;upmEH2K74;4260557422588;0
at_MarketplaceBooster_Vegavero (Marketplace Seller)_VEGAVERO Quercetin Komplex;658445034;7.5.2026;cpc;1,01;;7;1;14,285714;0;1,01;0;0;upmF2AFXC;4260557423509;1,01
com_CrossSellReRank_Vegavero (Marketplace Seller)_VEGAVERO Taurin Pulver;658347286;7.5.2026;cpc;0,31;;9;0;0;0;0;0;0;upmHULHZD;4260557423370;0
com_CrossSellReRank_Vegavero (Marketplace Seller)_VEGAVERO Chaga BIO;643093999;7.5.2026;cpc;0,31;;9;0;0;0;0;0;0;upmPYECDL;4260557422298;0
at_CrossSellReRank_Vegavero (Marketplace Seller)_VEGAVERO Resveratrol + Nicotinamid;658280009;7.5.2026;cpc;0,31;;7;0;0;0;0;0;0;upmGDDD7G;4260557420805;0
SOLD_OUT_com_CrossSellReRank_Vegavero (Marketplace Seller)_VEGAVERO Guggul;652847887;7.5.2026;cpc;0,31;;9;0;0;0;0;0;0;upmT99EZK;4260557421123;0
com_CrossSellReRank_Vegavero (Marketplace Seller)_VEGAVERO Psyllium BIO;658295762;7.5.2026;cpc;0,31;;8;0;0;0;0;0;0;upmERYMM3;4260557423295;0
it_CrossSellReRank_Vegavero (Marketplace Seller)_VEGAVERO Lecitina BIO;649100827;7.5.2026;cpc;0,31;;11;0;0;0;0;0;0;upm2HFKPC;4260557422021;0
com_CrossSellReRank_Vegavero (Marketplace Seller)_VEGAVERO Moringa BIO;642560128;7.5.2026;cpc;1,41;;11;0;0;0;0;0;0;14250893;4260309481115;0
it_MarketplaceBooster_Vegavero (Marketplace Seller)_VEGAVERO Reishi;658296411;7.5.2026;cpc;0,51;;7;0;0;0;0;0;0;14251013;4260309481665;0
it_CrossSellReRank_Vegavero (Marketplace Seller)_VEGAVERO Chaga BIO;649104196;7.5.2026;cpc;0,31;;8;0;0;0;0;0;0;upmPYECDL;4260557422298;0
com_MarketplaceBooster_Vegavero (Marketplace Seller)_VEGAVERO Griffonia;658283046;7.5.2026;cpc;1,51;;7;0;0;0;0;0;0;upmG7RZLC;4260557423318;0
it_CrossSellReRank_Vegavero (Marketplace Seller)_VEGAVERO Lievito di Birra;658296221;7.5.2026;cpc;0,31;;8;0;0;0;0;0;0;upmKUKGHH;4260557423332;0
at_MarketplaceBooster_Vegavero (Marketplace Seller)_VEGAVERO Hyaluronsaeure;620609034;7.5.2026;cpc;0,51;;8;0;0;0;0;0;0;upmPMLEP9;4260557423103;0
com_CrossSellReRank_Vegavero (Marketplace Seller)_VEGAVERO Papaya Enzym;643094177;7.5.2026;cpc;0,31;;9;0;0;0;0;0;0;14250930;4260309482648;0
it_MarketplaceBooster_Vegavero (Marketplace Seller)_VEGAVERO Cordyceps;658334300;7.5.2026;cpc;0,51;;7;0;0;0;0;0;0;14250611;4260309483218;0
at_MarketplaceBooster_Vegavero (Marketplace Seller)_VEGAVERO BIO Mushroom Mix;625774145;7.5.2026;cpc;0,51;;7;0;0;0;0;0;0;upmALDCEH;4260557423028;0
com_CrossSellReRank_Vegavero (Marketplace Seller)_VEGAVERO Ackerschachtelhalm BIO;643090788;7.5.2026;cpc;0,31;;8;0;0;0;0;0;0;upmDKAWH3;4260557421307;0
com_CrossSellReRank_Vegavero (Marketplace Seller)_VEGAVERO Hyaluronsaeure;643078405;7.5.2026;cpc;0,31;;8;0;0;0;0;0;0;upmPMLEP9;4260557423103;0
com_MarketplaceBooster_Vegavero (Marketplace Seller)_VEGAVERO Shiitake Extrakt;619721567;7.5.2026;cpc;0,51;1;7;1;14,285714;100;0,51;26,9;5274,509804;upmZ7P4AX;4260557421970;0,51
com_CrossSellReRank_Vegavero (Marketplace Seller)_VEGAVERO Shilajit Mumijo;643092358;7.5.2026;cpc;0,31;;7;0;0;0;0;0;0;upmR33A3P;4260557421406;0
com_CrossSellReRank_Vegavero (Marketplace Seller)_VEGAVERO Light Legs Complex;658347562;7.5.2026;cpc;0,31;;12;0;0;0;0;0;0;upmD7EWMP;4260557420454;0
it_MarketplaceBooster_Vegavero (Marketplace Seller)_VEGAVERO L-Triptofano;658352472;7.5.2026;cpc;0,51;;7;0;0;0;0;0;0;14250841;4260309481108;0
at_MarketplaceBooster_Vegavero (Marketplace Seller)_VEGAVERO Chrom Plus;626442427;7.5.2026;cpc;0,51;;7;1;14,285714;0;0,51;0;0;upmL7ZDD2;4260557422946;0,51
it_MarketplaceBooster_Vegavero (Marketplace Seller)_VEGAVERO Zenzero BIO;658353196;7.5.2026;cpc;0,51;;7;0;0;0;0;0;0;upmPX4TPU;4260557420386;0
com_MarketplaceBooster_Vegavero (Marketplace Seller)_VEGAVERO Saccharomyces boulardii;619717397;7.5.2026;cpc;0,61;;7;1;14,285714;0;0,61;0;0;upmWDER3T;4260557421949;0,61
it_MarketplaceBooster_Vegavero (Marketplace Seller)_VEGAVERO Lecitina BIO;626459035;7.5.2026;cpc;0,51;;7;2;28,571429;0;1,02;0;0;upm2HFKPC;4260557422021;0,51
at_CrossSellReRank_Vegavero (Marketplace Seller)_VEGAVERO Brewers Yeast;658347644;7.5.2026;cpc;0,31;;8;0;0;0;0;0;0;upmKUKGHH;4260557423332;0
com_CrossSellReRank_Vegavero (Marketplace Seller)_VEGAVERO Roter Reis Plus;643136807;7.5.2026;cpc;0,31;;8;0;0;0;0;0;0;upmDFWTTT;4260557423110;0
at_MarketplaceBooster_Vegavero (Marketplace Seller)_VEGAVERO Moringa BIO;620604770;7.5.2026;cpc;1,41;;7;0;0;0;0;0;0;14250893;4260309481115;0
com_CrossSellReRank_Vegavero (Marketplace Seller)_VEGAVERO Rapunzel;658295814;7.5.2026;cpc;0,31;;7;0;0;0;0;0;0;upmDUFHFK;4260557423134;0
com_MarketplaceBooster_Vegavero (Marketplace Seller)_VEGAVERO Chaga BIO;629497666;7.5.2026;cpc;0,51;;6;0;0;0;0;0;0;upmPYECDL;4260557422298;0
com_CrossSellReRank_Vegavero (Marketplace Seller)_VEGAVERO Female Harmony Complex;643239568;7.5.2026;cpc;0,31;;7;0;0;0;0;0;0;upmUFEEWW;4260557420300;0
com_MarketplaceBooster_Vegavero (Marketplace Seller)_VEGAVERO Mushroom Mix Complex;620546918;7.5.2026;cpc;0,51;;6;0;0;0;0;0;0;upm4XDXPR;4260557422045;0
it_CrossSellReRank_Vegavero (Marketplace Seller)_VEGAVERO Ginkgo + Ginseng;649102509;7.5.2026;cpc;0,31;;9;0;0;0;0;0;0;upmF3XUHA;4260557422106;0
at_MarketplaceBooster_Vegavero (Marketplace Seller)_VEGAVERO Youth Biotics;658445045;7.5.2026;cpc;1,01;;6;0;0;0;0;0;0;upmW7Y7DL;4260557423462;0
com_CrossSellReRank_Vegavero (Marketplace Seller)_VEGAVERO Leinsamen?l BIO;643093628;7.5.2026;cpc;0,31;;7;0;0;0;0;0;0;upmKU4FAU;4260557422038;0
at_MarketplaceBooster_Vegavero (Marketplace Seller)_VEGAVERO Vitamin B12 Spray Junior;625789014;7.5.2026;cpc;0,51;;6;0;0;0;0;0;0;upm3RXHUC;4260557422229;0
com_MarketplaceBooster_Vegavero (Marketplace Seller)_VEGAVERO Tribulus terrestris Extrakt;619660805;7.5.2026;cpc;0,51;;6;1;16,666667;0;0,51;0;0;14251088;4260309481313;0,51
com_CrossSellReRank_Vegavero (Marketplace Seller)_VEGAVERO Zimt-Ceylon Extrakt;643084475;7.5.2026;cpc;0,31;;7;0;0;0;0;0;0;14251208;4260557420164;0
it_CrossSellReRank_Vegavero (Marketplace Seller)_VEGAVERO Enotera e Borragine  BIO;649091296;7.5.2026;cpc;0,31;;9;0;0;0;0;0;0;upm7KTFPH;4260557421420;0
at_CrossSellReRank_Vegavero (Marketplace Seller)_VEGAVERO Bockshornklee BIO;658280184;7.5.2026;cpc;0,31;;6;0;0;0;0;0;0;upm7AL3PG;4260557422977;0
at_CrossSellReRank_Vegavero (Marketplace Seller)_VEGAVERO Triphala BIO;658280010;7.5.2026;cpc;0,31;;7;0;0;0;0;0;0;upmGL239Y;4260557420812;0
at_MarketplaceBooster_Vegavero (Marketplace Seller)_VEGAVERO Bockshornklee BIO;626442445;7.5.2026;cpc;0,51;;6;0;0;0;0;0;0;upm7AL3PG;4260557422977;0
com_MarketplaceBooster_Vegavero (Marketplace Seller)_VEGAVERO Nattokinase;620565077;7.5.2026;cpc;0,51;;6;0;0;0;0;0;0;upm2ZL4CL;4260557423264;0
at_MarketplaceBooster_Vegavero (Marketplace Seller)_VEGAVERO BCAA Pulver Mango;658445037;7.5.2026;cpc;1,01;;6;0;0;0;0;0;0;upmWWWMYX;4260557423523;0
com_CrossSellReRank_Vegavero (Marketplace Seller)_VEGAVERO Prostaid Complex;658727269;7.5.2026;cpc;1,31;;9;0;0;0;0;0;0;upmCEE43U;4260557420515;0
at_MarketplaceBooster_Vegavero (Marketplace Seller)_VEGAVERO Nattokinase;626443809;7.5.2026;cpc;0,51;;6;0;0;0;0;0;0;upm2ZL4CL;4260557423264;0
com_CrossSellReRank_Vegavero (Marketplace Seller)_VEGAVERO Astaxanthin ?l;643093279;7.5.2026;cpc;0,31;;6;0;0;0;0;0;0;upmYPTY2W;4260557421925;0
at_MarketplaceBooster_Vegavero (Marketplace Seller)_VEGAVERO Saccharomyces boulardii;658347617;7.5.2026;cpc;0,51;;6;1;16,666667;0;0,51;0;0;upmWDER3T;4260557421949;0,51
com_CrossSellReRank_Vegavero (Marketplace Seller)_VEGAVERO Bockshornklee BIO;643134873;7.5.2026;cpc;0,31;;12;0;0;0;0;0;0;upm7AL3PG;4260557422977;0
it_MarketplaceBooster_Vegavero (Marketplace Seller)_VEGAVERO Cannella Ceylon BIO;641627330;7.5.2026;cpc;0,51;;6;2;33,333333;0;1,02;0;0;upmW9KKTG;4260557422618;0,51
at_MarketplaceBooster_Vegavero (Marketplace Seller)_VEGAVERO Astragalus BIO;625778112;7.5.2026;cpc;1,01;;6;0;0;0;0;0;0;upmCGKMCH;4260557421222;0
at_CrossSellReRank_Vegavero (Marketplace Seller)_VEGAVERO Serenity;658280179;7.5.2026;cpc;0,31;;7;0;0;0;0;0;0;upmZFGPHR;4260557422830;0
at_CrossSellReRank_Vegavero (Marketplace Seller)_VEGAVERO Party Hero;658283021;7.5.2026;cpc;0,31;;7;1;16,666667;0;0,31;0;0;upmFACEA7;4260557423356;0,31
at_MarketplaceBooster_Vegavero (Marketplace Seller)_VEGAVERO L-Glutamin Pulver;626443805;7.5.2026;cpc;0,51;;6;0;0;0;0;0;0;upmUPTFMH;4260557423233;0
it_MarketplaceBooster_Vegavero (Marketplace Seller)_VEGAVERO Nattokinase;649159872;7.5.2026;cpc;0,51;;6;1;16,666667;0;0,51;0;0;upm2ZL4CL;4260557423264;0,51
it_MarketplaceBooster_Vegavero (Marketplace Seller)_VEGAVERO Ginkgo + Ginseng;620565878;7.5.2026;cpc;0,51;;6;0;0;0;0;0;0;upmF3XUHA;4260557422106;0
com_MarketplaceBooster_Vegavero (Marketplace Seller)_VEGAVERO Psyllium BIO;658295766;7.5.2026;cpc;0,51;;6;0;0;0;0;0;0;upmERYMM3;4260557423295;0
com_CrossSellReRank_Vegavero (Marketplace Seller)_VEGAVERO Omega-3 ?l;643091125;7.5.2026;cpc;1,31;;6;0;0;0;0;0;0;upm9KDWAZ;4260557421383;0
com_MarketplaceBooster_Vegavero (Marketplace Seller)_VEGAVERO Papaya Enzym;620527421;7.5.2026;cpc;0,51;;5;0;0;0;0;0;0;14250930;4260309482648;0
com_MarketplaceBooster_Vegavero (Marketplace Seller)_VEGAVERO Brahmi BIO;619717869;7.5.2026;cpc;0,51;;5;0;0;0;0;0;0;upmHFPDDK;4260557421956;0
at_MarketplaceBooster_Vegavero (Marketplace Seller)_VEGAVERO Shilajit Mumijo;625779482;7.5.2026;cpc;0,51;;5;0;0;0;0;0;0;upmR33A3P;4260557421406;0
at_MarketplaceBooster_Vegavero (Marketplace Seller)_VEGAVERO Hyaluronsaeure;620609033;7.5.2026;cpc;0,51;;5;0;0;0;0;0;0;upmKMAH3F;4260557420539;0
com_MarketplaceBooster_Vegavero (Marketplace Seller)_VEGAVERO Brennnessel BIO;619682703;7.5.2026;cpc;0,51;;5;0;0;0;0;0;0;upm9RX43T;4260557421031;0
com_CrossSellReRank_Vegavero (Marketplace Seller)_VEGAVERO Strong Bones;658283045;7.5.2026;cpc;0,31;;6;0;0;0;0;0;0;upmAP9MLM;4260557423301;0
com_CrossSellReRank_Vegavero (Marketplace Seller)_VEGAVERO Astragalus BIO;643090713;7.5.2026;cpc;0,31;;7;0;0;0;0;0;0;upmCGKMCH;4260557421222;0
at_CrossSellReRank_Vegavero (Marketplace Seller)_VEGAVERO Vitamin D3 und K2 ?l;658280065;7.5.2026;cpc;1,11;;5;0;0;0;0;0;0;upm7FHKKZ;4260557421437;0
com_CrossSellReRank_Vegavero (Marketplace Seller)_VEGAVERO Liver Active Complex;643084947;7.5.2026;cpc;0,31;;6;0;0;0;0;0;0;14250812;4260557420188;0
com_MarketplaceBooster_Vegavero (Marketplace Seller)_VEGAVERO EAA Pulver Pfirsich;658445060;7.5.2026;cpc;2,01;;5;1;20;0;2,01;0;0;upmP94YR7;4260557423530;2,01
it_CrossSellReRank_Vegavero (Marketplace Seller)_VEGAVERO MSM;658296418;7.5.2026;cpc;0,61;;7;0;0;0;0;0;0;upmWCKTTE;4260309481214;0
at_CrossSellReRank_Vegavero (Marketplace Seller)_VEGAVERO Vitamin B3 (Nicotinamid);658280014;7.5.2026;cpc;0,51;;5;0;0;0;0;0;0;upmUEXHE2;4260557420850;0
it_MarketplaceBooster_Vegavero (Marketplace Seller)_VEGAVERO Acido Ialuronico;626451010;7.5.2026;cpc;0,51;;5;0;0;0;0;0;0;upmPMLEP9;4260557423103;0
com_CrossSellReRank_Vegavero (Marketplace Seller)_VEGAVERO Vitamin C liposomal;643129759;7.5.2026;cpc;0,31;;8;1;20;0;0,31;0;0;upm77WEEP;4260557422786;0,31
com_MarketplaceBooster_Vegavero (Marketplace Seller)_VEGAVERO Beta-Alanin Pulver;658295769;7.5.2026;cpc;0,51;;5;1;20;0;0,51;0;0;upmFKHFRA;4260557423431;0,51
SOLD_OUT_at_CrossSellReRank_Vegavero (Marketplace Seller)_VEGAVERO Pro Bio Kids BIO;658279986;7.5.2026;cpc;0,31;;5;0;0;0;0;0;0;14250953;4260557420249;0
it_MarketplaceBooster_Vegavero (Marketplace Seller)_VEGAVERO Cysti-Aid Complex;641622752;7.5.2026;cpc;0,51;;5;2;40;0;1,02;0;0;upmTZFCGA;4260557422199;0,51
at_MarketplaceBooster_Vegavero (Marketplace Seller)_VEGAVERO Curcuma BIO;626440031;7.5.2026;cpc;0,51;;5;0;0;0;0;0;0;upm27X4XW;4260557422878;0
com_MarketplaceBooster_Vegavero (Marketplace Seller)_VEGAVERO Hyaluronsaeure;620565218;7.5.2026;cpc;1,51;;6;0;0;0;0;0;0;upmPMLEP9;4260557423103;0
at_MarketplaceBooster_Vegavero (Marketplace Seller)_VEGAVERO Hagebutte BIO;658280037;7.5.2026;cpc;0,51;;5;1;20;0;0,51;0;0;upmWRWWCG;4260557421048;0,51
com_MarketplaceBooster_Vegavero (Marketplace Seller)_VEGAVERO Youth Biotics;658469892;7.5.2026;cpc;1,01;;5;0;0;0;0;0;0;upmW7Y7DL;4260557423462;0
SOLD_OUT_com_CrossSellReRank_Vegavero (Marketplace Seller)_VEGAVERO Taurin Plus;643136001;7.5.2026;cpc;0,31;;6;0;0;0;0;0;0;upmXXW9XA;4260557423059;0
com_MarketplaceBooster_Vegavero (Marketplace Seller)_VEGAVERO Cordyceps sinensis BIO;620541534;7.5.2026;cpc;0,51;;5;0;0;0;0;0;0;upmTG77MW;4260557422991;0
it_MarketplaceBooster_Vegavero (Marketplace Seller)_VEGAVERO Acido Ialuronico;626451040;7.5.2026;cpc;0,51;;5;0;0;0;0;0;0;upmKMAH3F;4260557420539;0
at_CrossSellReRank_Vegavero (Marketplace Seller)_VEGAVERO Magnesium + Kalium;658279990;7.5.2026;cpc;0,31;;6;0;0;0;0;0;0;upm32MART;4260557420287;0
it_CrossSellReRank_Vegavero (Marketplace Seller)_VEGAVERO Shilajit Mumijo;649090838;7.5.2026;cpc;0,31;;5;0;0;0;0;0;0;upmR33A3P;4260557421406;0
com_CrossSellReRank_Vegavero (Marketplace Seller)_VEGAVERO Chia ?l BIO;643127528;7.5.2026;cpc;0,31;;4;0;0;0;0;0;0;upmK7YWLD;4260557422649;0
it_CrossSellReRank_Vegavero (Marketplace Seller)_VEGAVERO Shiitake;649097667;7.5.2026;cpc;0,31;;7;0;0;0;0;0;0;upmZ7P4AX;4260557421970;0
at_CrossSellReRank_Vegavero (Marketplace Seller)_VEGAVERO Reishi Extrakt;658279956;7.5.2026;cpc;0,31;;4;0;0;0;0;0;0;14251013;4260309481665;0
it_CrossSellReRank_Vegavero (Marketplace Seller)_VEGAVERO Astragalo BIO;649084562;7.5.2026;cpc;0,31;;5;0;0;0;0;0;0;upmCGKMCH;4260557421222;0
com_CrossSellReRank_Vegavero (Marketplace Seller)_VEGAVERO Vitamin D3 und K2 ?l;652854756;7.5.2026;cpc;1,11;;5;0;0;0;0;0;0;upm7FHKKZ;4260557421437;0
it_MarketplaceBooster_Vegavero (Marketplace Seller)_VEGAVERO Myo-Inositol Complex;658353199;7.5.2026;cpc;1,51;;4;0;0;0;0;0;0;upm7PGM77;4260557421765;0
com_CrossSellReRank_Vegavero (Marketplace Seller)_VEGAVERO Wild Yams + Zink;643234437;7.5.2026;cpc;0,31;;6;0;0;0;0;0;0;14251183;4260309481672;0
at_MarketplaceBooster_Vegavero (Marketplace Seller)_VEGAVERO Bromelain 2400 GDU/g;625775688;7.5.2026;cpc;0,51;;4;0;0;0;0;0;0;upm43HM34;4260557421130;0
at_MarketplaceBooster_Vegavero (Marketplace Seller)_VEGAVERO EAA;625771660;7.5.2026;cpc;0,51;;4;0;0;0;0;0;0;upmGMXXY9;4260557420744;0
it_MarketplaceBooster_Vegavero (Marketplace Seller)_VEGAVERO Triphala BIO;620567265;7.5.2026;cpc;0,51;;4;0;0;0;0;0;0;upmGL239Y;4260557420812;0
com_MarketplaceBooster_Vegavero (Marketplace Seller)_VEGAVERO Koffein;620560659;7.5.2026;cpc;0,51;;4;0;0;0;0;0;0;upm4XZRWY;4260557423127;0
SOLD_OUT_it_MarketplaceBooster_Vegavero (Marketplace Seller)_VEGAVERO L-Tirosina Plus;649142984;7.5.2026;cpc;0,51;;4;4;100;0;2,04;0;0;upm2FC2LC;4260557422885;0,51
it_CrossSellReRank_Vegavero (Marketplace Seller)_VEGAVERO Maitake BIO;649077201;7.5.2026;cpc;0,31;;7;0;0;0;0;0;0;upmW4TZYD;4260557420874;0
at_MarketplaceBooster_Vegavero (Marketplace Seller)_VEGAVERO Koffein;626443345;7.5.2026;cpc;0,51;;4;0;0;0;0;0;0;upm4XZRWY;4260557423127;0
at_MarketplaceBooster_Vegavero (Marketplace Seller)_VEGAVERO Astaxanthin ?l;620605150;7.5.2026;cpc;0,51;;4;0;0;0;0;0;0;upmYPTY2W;4260557421925;0
com_MarketplaceBooster_Vegavero (Marketplace Seller)_VEGAVERO Sugar Balance Complex;652859174;7.5.2026;cpc;0,51;;4;0;0;0;0;0;0;upmAD4HK4;4260557422403;0
at_CrossSellReRank_Vegavero (Marketplace Seller)_VEGAVERO Salbei BIO;658280032;7.5.2026;cpc;0,31;;5;0;0;0;0;0;0;upmMMLDZE;4260557420966;0
com_CrossSellReRank_Vegavero (Marketplace Seller)_VEGAVERO Salbei BIO;643089690;7.5.2026;cpc;0,31;;6;0;0;0;0;0;0;upmMMLDZE;4260557420966;0
it_CrossSellReRank_Vegavero (Marketplace Seller)_VEGAVERO Colina;649091299;7.5.2026;cpc;0,31;;7;0;0;0;0;0;0;upm97PFY9;4260557421826;0
it_CrossSellReRank_Vegavero (Marketplace Seller)_VEGAVERO Bacopa BIO;649096403;7.5.2026;cpc;0,31;;4;0;0;0;0;0;0;upmHFPDDK;4260557421956;0
com_MarketplaceBooster_Vegavero (Marketplace Seller)_VEGAVERO Apple Cider Vinegar Gummies;620564989;7.5.2026;cpc;0,51;;4;0;0;0;0;0;0;upmF2EYPK;4260557423172;0
it_MarketplaceBooster_Vegavero (Marketplace Seller)_VEGAVERO Chrom Plus;641642728;7.5.2026;cpc;0,51;;4;0;0;0;0;0;0;upmL7ZDD2;4260557422946;0
at_CrossSellReRank_Vegavero (Marketplace Seller)_VEGAVERO Griffonia;658283010;7.5.2026;cpc;1,51;;5;0;0;0;0;0;0;upmG7RZLC;4260557423318;0
it_CrossSellReRank_Vegavero (Marketplace Seller)_VEGAVERO BCAA in Polvere;658381389;7.5.2026;cpc;0,61;;4;0;0;0;0;0;0;upmWWWMYX;4260557423523;0
com_CrossSellReRank_Vegavero (Marketplace Seller)_VEGAVERO Beta-Alanin Pulver;658295770;7.5.2026;cpc;0,31;;7;0;0;0;0;0;0;upmFKHFRA;4260557423431;0
at_CrossSellReRank_Vegavero (Marketplace Seller)_VEGAVERO Myo-Inositol Complex;658280066;7.5.2026;cpc;1,21;;5;0;0;0;0;0;0;upm7PGM77;4260557421765;0
it_CrossSellReRank_Vegavero (Marketplace Seller)_VEGAVERO Drena Flux;649110222;7.5.2026;cpc;0,31;;7;0;0;0;0;0;0;upm2XGYDU;4260557422489;0
at_CrossSellReRank_Vegavero (Marketplace Seller)_VEGAVERO Griffonia Plus;658280154;7.5.2026;cpc;0,31;;3;0;0;0;0;0;0;upmHCULGA;4260557422755;0
com_CrossSellReRank_Vegavero (Marketplace Seller)_VEGAVERO Glycin Pulver;658295818;7.5.2026;cpc;0,31;;5;0;0;0;0;0;0;upmR9H4DE;4260557422595;0
com_CrossSellReRank_Vegavero (Marketplace Seller)_VEGAVERO Quercetin Komplex;658469905;7.5.2026;cpc;0,61;;4;0;0;0;0;0;0;upmF2AFXC;4260557423509;0
com_CrossSellReRank_Vegavero (Marketplace Seller)_VEGAVERO Chlorella BIO + Spirulina BIO;643078910;7.5.2026;cpc;1,01;;3;0;0;0;0;0;0;14250597;4260309484185;0
com_CrossSellReRank_Vegavero (Marketplace Seller)_VEGAVERO Apple Cider Vinegar;643138167;7.5.2026;cpc;0,31;;3;0;0;0;0;0;0;upmUTDZP9;4260557423158;0
com_CrossSellReRank_Vegavero (Marketplace Seller)_VEGAVERO Brennnessel BIO;643089721;7.5.2026;cpc;0,31;;4;0;0;0;0;0;0;upm9RX43T;4260557421031;0
it_CrossSellReRank_Vegavero (Marketplace Seller)_VEGAVERO Artiglio del Diavolo Plus;649082840;7.5.2026;cpc;0,31;;6;0;0;0;0;0;0;upmD3U322;4260557421192;0
it_MarketplaceBooster_Vegavero (Marketplace Seller)_VEGAVERO BCAA in Polvere;658381388;7.5.2026;cpc;1,01;;3;0;0;0;0;0;0;upmWWWMYX;4260557423523;0
it_CrossSellReRank_Vegavero (Marketplace Seller)_VEGAVERO Curcuma BIO;649142586;7.5.2026;cpc;0,31;;4;0;0;0;0;0;0;upm27X4XW;4260557422878;0
at_CrossSellReRank_Vegavero (Marketplace Seller)_VEGAVERO Wild Yams + Zink;658279949;7.5.2026;cpc;0,31;;5;0;0;0;0;0;0;14251183;4260309481672;0
at_CrossSellReRank_Vegavero (Marketplace Seller)_VEGAVERO Nattokinase;658282838;7.5.2026;cpc;0,31;;3;0;0;0;0;0;0;upm2ZL4CL;4260557423264;0
at_MarketplaceBooster_Vegavero (Marketplace Seller)_VEGAVERO Maitake BIO;658295833;7.5.2026;cpc;0,51;;3;0;0;0;0;0;0;upmW4TZYD;4260557420874;0
com_CrossSellReRank_Vegavero (Marketplace Seller)_VEGAVERO Glucomannan BIO;658283041;7.5.2026;cpc;0,31;;5;0;0;0;0;0;0;upmLXEUT7;4260557423240;0
it_MarketplaceBooster_Vegavero (Marketplace Seller)_VEGAVERO Cordyceps Sinensis BIO;626451122;7.5.2026;cpc;0,51;;3;0;0;0;0;0;0;upmTG77MW;4260557422991;0
at_CrossSellReRank_Vegavero (Marketplace Seller)_VEGAVERO Quercetin Komplex;658445035;7.5.2026;cpc;0,61;;3;0;0;0;0;0;0;upmF2AFXC;4260557423509;0
it_CrossSellReRank_Vegavero (Marketplace Seller)_VEGAVERO Beta-Alanina in Polvere;658296317;7.5.2026;cpc;0,61;;3;0;0;0;0;0;0;upmFKHFRA;4260557423431;0
it_CrossSellReRank_Vegavero (Marketplace Seller)_VEGAVERO Olio di semi di Lino BIO;649102015;7.5.2026;cpc;0,31;;4;0;0;0;0;0;0;upmKU4FAU;4260557422038;0
at_CrossSellReRank_Vegavero (Marketplace Seller)_VEGAVERO Nachtkerzen ?l;658283039;7.5.2026;cpc;0,61;;4;0;0;0;0;0;0;upm7DM474;4260557423448;0
at_CrossSellReRank_Vegavero (Marketplace Seller)_VEGAVERO Leinsamen?l BIO;658280093;7.5.2026;cpc;0,31;;3;0;0;0;0;0;0;upmKU4FAU;4260557422038;0
at_MarketplaceBooster_Vegavero (Marketplace Seller)_VEGAVERO Tribulus terrestris Extrakt;658279972;7.5.2026;cpc;0,51;;3;0;0;0;0;0;0;14251088;4260309481313;0
it_CrossSellReRank_Vegavero (Marketplace Seller)_VEGAVERO Acido Ialuronico;649164301;7.5.2026;cpc;0,31;;5;0;0;0;0;0;0;upmPMLEP9;4260557423103;0
SOLD_OUT_com_CrossSellReRank_Vegavero (Marketplace Seller)_VEGAVERO Pro Bio Kids BIO;643084950;7.5.2026;cpc;0,31;;3;0;0;0;0;0;0;14250953;4260557420249;0
it_MarketplaceBooster_Vegavero (Marketplace Seller)_VEGAVERO Maitake BIO;620567773;7.5.2026;cpc;0,51;;3;0;0;0;0;0;0;upmW4TZYD;4260557420874;0
SOLD_OUT_at_MarketplaceBooster_Vegavero (Marketplace Seller)_VEGAVERO Guggul;658280040;7.5.2026;cpc;0,51;;3;0;0;0;0;0;0;upmT99EZK;4260557421123;0
at_CrossSellReRank_Vegavero (Marketplace Seller)_VEGAVERO Magnesium Bisglycinat;658282836;7.5.2026;cpc;1,61;;3;0;0;0;0;0;0;upmX4LT4H;4260557423257;0
com_CrossSellReRank_Vegavero (Marketplace Seller)_VEGAVERO Reishi Extrakt;643082721;7.5.2026;cpc;0,31;;5;0;0;0;0;0;0;14251013;4260309481665;0
at_CrossSellReRank_Vegavero (Marketplace Seller)_VEGAVERO Sugar Balance Complex;658280126;7.5.2026;cpc;0,31;;5;0;0;0;0;0;0;upmAD4HK4;4260557422403;0
com_CrossSellReRank_Vegavero (Marketplace Seller)_VEGAVERO OPC Trio;643136197;7.5.2026;cpc;0,31;;5;0;0;0;0;0;0;upmWFGGMG;4260557423097;0
com_MarketplaceBooster_Vegavero (Marketplace Seller)_VEGAVERO BIO Mushroom Mix;620545551;7.5.2026;cpc;0,51;;3;0;0;0;0;0;0;upmALDCEH;4260557423028;0
com_CrossSellReRank_Vegavero (Marketplace Seller)_VEGAVERO Apple Cider Vinegar Gummies;643140412;7.5.2026;cpc;0,31;;3;0;0;0;0;0;0;upmF2EYPK;4260557423172;0
SOLD_OUT_com_MarketplaceBooster_Vegavero (Marketplace Seller)_VEGAVERO Guggul;652847799;7.5.2026;cpc;0,51;;3;0;0;0;0;0;0;upmT99EZK;4260557421123;0
at_CrossSellReRank_Vegavero (Marketplace Seller)_VEGAVERO Vegan Essentials Complex;658280060;7.5.2026;cpc;0,31;;3;0;0;0;0;0;0;upmHHT433;4260557421390;0
it_MarketplaceBooster_Vegavero (Marketplace Seller)_VEGAVERO Caffeina;641650370;7.5.2026;cpc;0,51;1;3;2;66,666667;50;1,02;15,99;1567,647059;upm4XZRWY;4260557423127;0,51
it_MarketplaceBooster_Vegavero (Marketplace Seller)_VEGAVERO Fieno Greco BIO;641649770;7.5.2026;cpc;0,51;;3;2;66,666667;0;1,02;0;0;upm7AL3PG;4260557422977;0,51
com_MarketplaceBooster_Vegavero (Marketplace Seller)_VEGAVERO Beifu? Extrakt;658295464;7.5.2026;cpc;0,61;;3;0;0;0;0;0;0;upmWMGCRY;4260557422090;0
com_CrossSellReRank_Vegavero (Marketplace Seller)_VEGAVERO Cordyceps sinensis BIO;658295815;7.5.2026;cpc;0,31;;6;0;0;0;0;0;0;upmTG77MW;4260557422991;0
at_MarketplaceBooster_Vegavero (Marketplace Seller)_VEGAVERO EAA Pulver Pfirsich;658445040;7.5.2026;cpc;1,01;;3;1;33,333333;0;1,01;0;0;upmP94YR7;4260557423530;1,01
at_CrossSellReRank_Vegavero (Marketplace Seller)_VEGAVERO Astragalus BIO;658280053;7.5.2026;cpc;0,31;;3;0;0;0;0;0;0;upmCGKMCH;4260557421222;0
at_CrossSellReRank_Vegavero (Marketplace Seller)_VEGAVERO Zimt Extrakt BIO;658280146;7.5.2026;cpc;0,31;;3;0;0;0;0;0;0;upmW9KKTG;4260557422618;0
at_MarketplaceBooster_Vegavero (Marketplace Seller)_VEGAVERO Echinacea Plus;626443785;7.5.2026;cpc;0,51;;3;0;0;0;0;0;0;upmPHKX9F;4260557423141;0
SOLD_OUT_com_CrossSellReRank_Vegavero (Marketplace Seller)_VEGAVERO Vegan Collagen+Hyaluronic Acid;658347591;7.5.2026;cpc;1,21;;7;0;0;0;0;0;0;upmK3CG99;4260557422656;0
com_MarketplaceBooster_Vegavero (Marketplace Seller)_VEGAVERO Shilajit Mumijo;619715133;7.5.2026;cpc;0,51;;3;0;0;0;0;0;0;upmR33A3P;4260557421406;0
at_CrossSellReRank_Vegavero (Marketplace Seller)_VEGAVERO Ashwagandha BIO;658280005;7.5.2026;cpc;0,31;;3;0;0;0;0;0;0;upmUPLLZH;4260557420676;0
com_CrossSellReRank_Vegavero (Marketplace Seller)_VEGAVERO Tribulus terrestris Extrakt;643082758;7.5.2026;cpc;0,31;;3;0;0;0;0;0;0;14251088;4260309481313;0
com_CrossSellReRank_Vegavero (Marketplace Seller)_VEGAVERO Glucosamin Plus;658347224;7.5.2026;cpc;0,31;;4;0;0;0;0;0;0;upmKWW3MD;4260557423349;0
com_CrossSellReRank_Vegavero (Marketplace Seller)_VEGAVERO Shiitake Extrakt;643093288;7.5.2026;cpc;0,31;;2;0;0;0;0;0;0;upmZ7P4AX;4260557421970;0
com_CrossSellReRank_Vegavero (Marketplace Seller)_VEGAVERO Hyaluronsaeure;643078378;7.5.2026;cpc;0,31;;2;0;0;0;0;0;0;upmKMAH3F;4260557420539;0
it_CrossSellReRank_Vegavero (Marketplace Seller)_VEGAVERO Iodio naturale BIO;658445106;7.5.2026;cpc;0,31;;2;0;0;0;0;0;0;14250769;4260557420256;0
it_CrossSellReRank_Vegavero (Marketplace Seller)_VEGAVERO Keto Power;658295963;7.5.2026;cpc;0,31;;4;0;0;0;0;0;0;upmP77L3M;4260557423288;0
at_MarketplaceBooster_Vegavero (Marketplace Seller)_VEGAVERO Brahmi BIO;625785188;7.5.2026;cpc;0,51;;2;0;0;0;0;0;0;upmHFPDDK;4260557421956;0
com_CrossSellReRank_Vegavero (Marketplace Seller)_VEGAVERO Griffonia;658283048;7.5.2026;cpc;1,41;;3;0;0;0;0;0;0;upmG7RZLC;4260557423318;0
at_CrossSellReRank_Vegavero (Marketplace Seller)_VEGAVERO Papaya BIO;658295838;7.5.2026;cpc;0,31;;2;0;0;0;0;0;0;upm9HWLUD;4260557421055;0
it_CrossSellReRank_Vegavero (Marketplace Seller)_VEGAVERO Triphala BIO;649077190;7.5.2026;cpc;0,31;;2;0;0;0;0;0;0;upmGL239Y;4260557420812;0
com_CrossSellReRank_Vegavero (Marketplace Seller)_VEGAVERO L-Glutamin Pulver;643141362;7.5.2026;cpc;0,31;;3;0;0;0;0;0;0;upmUPTFMH;4260557423233;0
at_CrossSellReRank_Vegavero (Marketplace Seller)_VEGAVERO Hyaluronsaeure;643052787;7.5.2026;cpc;0,31;;2;0;0;0;0;0;0;upmPMLEP9;4260557423103;0
com_CrossSellReRank_Vegavero (Marketplace Seller)_VEGAVERO Elektrolyte Plus;643130058;7.5.2026;cpc;0,31;;6;0;0;0;0;0;0;upmD23XCL;4260557422823;0
com_MarketplaceBooster_Vegavero (Marketplace Seller)_VEGAVERO Maitake BIO;629496632;7.5.2026;cpc;0,51;;2;0;0;0;0;0;0;upmW4TZYD;4260557420874;0
com_CrossSellReRank_Vegavero (Marketplace Seller)_VEGAVERO Vitamin K2;658347334;7.5.2026;cpc;0,31;;4;0;0;0;0;0;0;upmFYFHAU;4260557423424;0
com_CrossSellReRank_Vegavero (Marketplace Seller)_VEGAVERO Koffein;643137040;7.5.2026;cpc;0,31;;4;0;0;0;0;0;0;upm4XZRWY;4260557423127;0
com_MarketplaceBooster_Vegavero (Marketplace Seller)_VEGAVERO Cordyceps Extrakt;658347556;7.5.2026;cpc;1,01;;2;0;0;0;0;0;0;14250611;4260309483218;0
at_CrossSellReRank_Vegavero (Marketplace Seller)_VEGAVERO Psyllium BIO;658282986;7.5.2026;cpc;0,31;;3;0;0;0;0;0;0;upmERYMM3;4260557423295;0
at_CrossSellReRank_Vegavero (Marketplace Seller)_VEGAVERO Hagebutte BIO;658280038;7.5.2026;cpc;0,31;;3;0;0;0;0;0;0;upmWRWWCG;4260557421048;0
com_MarketplaceBooster_Vegavero (Marketplace Seller)_VEGAVERO EAA;619674321;7.5.2026;cpc;0,51;;2;0;0;0;0;0;0;upmGMXXY9;4260557420744;0
at_CrossSellReRank_Vegavero (Marketplace Seller)_VEGAVERO Curcuma BIO;658280163;7.5.2026;cpc;0,31;;3;0;0;0;0;0;0;upm27X4XW;4260557422878;0
at_CrossSellReRank_Vegavero (Marketplace Seller)_VEGAVERO Glucosamin Plus;658295896;7.5.2026;cpc;0,31;;3;0;0;0;0;0;0;upmKWW3MD;4260557423349;0
com_CrossSellReRank_Vegavero (Marketplace Seller)_VEGAVERO Colon Care Complex;643084949;7.5.2026;cpc;0,31;;2;0;0;0;0;0;0;14250605;4260557420201;0
at_MarketplaceBooster_Vegavero (Marketplace Seller)_VEGAVERO Cholin Trio;658280067;7.5.2026;cpc;1,01;;2;0;0;0;0;0;0;upm97PFY9;4260557421826;0
at_CrossSellReRank_Vegavero (Marketplace Seller)_VEGAVERO Shilajit Mumijo;658280062;7.5.2026;cpc;0,31;;2;0;0;0;0;0;0;upmR33A3P;4260557421406;0
at_MarketplaceBooster_Vegavero (Marketplace Seller)_VEGAVERO Mushroom Mix Complex;625773721;7.5.2026;cpc;0,51;;2;0;0;0;0;0;0;upm4XDXPR;4260557422045;0
com_MarketplaceBooster_Vegavero (Marketplace Seller)_VEGAVERO Ingwer BIO;619663942;7.5.2026;cpc;0,51;;2;0;0;0;0;0;0;upmPX4TPU;4260557420386;0
at_MarketplaceBooster_Vegavero (Marketplace Seller)_VEGAVERO Chaga BIO;625789278;7.5.2026;cpc;0,51;;2;0;0;0;0;0;0;upmPYECDL;4260557422298;0
at_MarketplaceBooster_Vegavero (Marketplace Seller)_VEGAVERO Apple Cider Vinegar Gummies;626443801;7.5.2026;cpc;0,51;;2;0;0;0;0;0;0;upmF2EYPK;4260557423172;0
at_MarketplaceBooster_Vegavero (Marketplace Seller)_VEGAVERO Nachtkerzen und Borretsch?l BIO;658295855;7.5.2026;cpc;0,51;;2;0;0;0;0;0;0;upm7KTFPH;4260557421420;0
at_MarketplaceBooster_Vegavero (Marketplace Seller)_VEGAVERO Papaya Enzym;625793359;7.5.2026;cpc;0,51;;2;0;0;0;0;0;0;14250930;4260309482648;0
com_CrossSellReRank_Vegavero (Marketplace Seller)_VEGAVERO BIO Astaxanthin ?l;643093116;7.5.2026;cpc;0,91;;3;0;0;0;0;0;0;upm7GZX42;4260557423165;0
at_CrossSellReRank_Vegavero (Marketplace Seller)_VEGAVERO Multivitamin Spray Junior;658280046;7.5.2026;cpc;0,31;;4;0;0;0;0;0;0;upm9ZTF3H;4260557421178;0
com_MarketplaceBooster_Vegavero (Marketplace Seller)_VEGAVERO Reishi Extrakt;619660758;7.5.2026;cpc;0,51;;3;0;0;0;0;0;0;14251013;4260309481665;0
at_CrossSellReRank_Vegavero (Marketplace Seller)_VEGAVERO Vitamin K2;658295904;7.5.2026;cpc;0,31;;1;0;0;0;0;0;0;upmFYFHAU;4260557423424;0
it_MarketplaceBooster_Vegavero (Marketplace Seller)_VEGAVERO EAA in Polvere;658381330;7.5.2026;cpc;1,01;;1;1;100;0;1,01;0;0;upmP94YR7;4260557423530;1,01
at_CrossSellReRank_Vegavero (Marketplace Seller)_VEGAVERO Taurin Pulver;658283035;7.5.2026;cpc;0,31;;3;0;0;0;0;0;0;upmHULHZD;4260557423370;0
com_MarketplaceBooster_Vegavero (Marketplace Seller)_VEGAVERO Chlorella BIO + Spirulina BIO;619667808;7.5.2026;cpc;1,01;;1;0;0;0;0;0;0;14250597;4260309484185;0
at_CrossSellReRank_Vegavero (Marketplace Seller)_VEGAVERO Apple Cider Vinegar;658282824;7.5.2026;cpc;0,31;;1;0;0;0;0;0;0;upmUTDZP9;4260557423158;0
at_CrossSellReRank_Vegavero (Marketplace Seller)_VEGAVERO Mushroom Mix Complex;658280095;7.5.2026;cpc;0,31;;1;0;0;0;0;0;0;upm4XDXPR;4260557422045;0
it_MarketplaceBooster_Vegavero (Marketplace Seller)_VEGAVERO Papaya BIO;641643600;7.5.2026;cpc;0,51;;1;0;0;0;0;0;0;upm9HWLUD;4260557421055;0
com_CrossSellReRank_Vegavero (Marketplace Seller)_VEGAVERO Nattokinase;643231278;7.5.2026;cpc;0,31;;1;0;0;0;0;0;0;upm2ZL4CL;4260557423264;0
at_CrossSellReRank_Vegavero (Marketplace Seller)_VEGAVERO Brahmi BIO;658280083;7.5.2026;cpc;0,31;;1;0;0;0;0;0;0;upmHFPDDK;4260557421956;0
at_MarketplaceBooster_Vegavero (Marketplace Seller)_VEGAVERO Ackerschachtelhalm BIO;658347603;7.5.2026;cpc;0,51;;1;0;0;0;0;0;0;upmDKAWH3;4260557421307;0
com_CrossSellReRank_Vegavero (Marketplace Seller)_VEGAVERO Keto Power;658283043;7.5.2026;cpc;0,31;;6;0;0;0;0;0;0;upmP77L3M;4260557423288;0
com_CrossSellReRank_Vegavero (Marketplace Seller)_VEGAVERO EAA;643088060;7.5.2026;cpc;0,31;;1;0;0;0;0;0;0;upmGMXXY9;4260557420744;0
at_CrossSellReRank_Vegavero (Marketplace Seller)_VEGAVERO EAA Pulver Pfirsich;658445042;7.5.2026;cpc;0,61;;3;0;0;0;0;0;0;upmP94YR7;4260557423530;0
com_CrossSellReRank_Vegavero (Marketplace Seller)_VEGAVERO D-Mannose Complex;643077907;7.5.2026;cpc;0,31;;1;0;0;0;0;0;0;14250640;4260309482747;0
it_CrossSellReRank_Vegavero (Marketplace Seller)_VEGAVERO OPC Trio;649150121;7.5.2026;cpc;0,31;;1;0;0;0;0;0;0;upmWFGGMG;4260557423097;0
com_CrossSellReRank_Vegavero (Marketplace Seller)_VEGAVERO Zimt Extrakt BIO;643084936;7.5.2026;cpc;0,31;;2;0;0;0;0;0;0;upmW9KKTG;4260557422618;0
at_CrossSellReRank_Vegavero (Marketplace Seller)_VEGAVERO Natural Jod BIO;658279988;7.5.2026;cpc;0,31;;3;0;0;0;0;0;0;14250769;4260557420256;0
it_CrossSellReRank_Vegavero (Marketplace Seller)_VEGAVERO EAA in Polvere;658381331;7.5.2026;cpc;0,61;;2;0;0;0;0;0;0;upmP94YR7;4260557423530;0
at_CrossSellReRank_Vegavero (Marketplace Seller)_VEGAVERO Ackerschachtelhalm BIO;658347604;7.5.2026;cpc;0,31;;2;0;0;0;0;0;0;upmDKAWH3;4260557421307;0
at_CrossSellReRank_Vegavero (Marketplace Seller)_VEGAVERO Liver Active Complex;658279984;7.5.2026;cpc;0,31;;1;0;0;0;0;0;0;14250812;4260557420188;0
com_MarketplaceBooster_Vegavero (Marketplace Seller)_VEGAVERO Triphala BIO;619677150;7.5.2026;cpc;0,51;;1;0;0;0;0;0;0;upmGL239Y;4260557420812;0
at_CrossSellReRank_Vegavero (Marketplace Seller)_VEGAVERO Bromelain 2500 GDU/g;658280042;7.5.2026;cpc;0,31;;1;0;0;0;0;0;0;upm43HM34;4260557421130;0
it_CrossSellReRank_Vegavero (Marketplace Seller)_VEGAVERO Enotera;658296335;7.5.2026;cpc;0,61;;3;0;0;0;0;0;0;upm7DM474;4260557423448;0
at_MarketplaceBooster_Vegavero (Marketplace Seller)_VEGAVERO Cordyceps Extrakt;658347645;7.5.2026;cpc;0,51;;1;0;0;0;0;0;0;14250611;4260309483218;0
at_CrossSellReRank_Vegavero (Marketplace Seller)_VEGAVERO D-Mannose Pulver;658295900;7.5.2026;cpc;0,31;;1;0;0;0;0;0;0;14250686;4260309481603;0
SOLD_OUT_at_CrossSellReRank_Vegavero (Marketplace Seller)_VEGAVERO Guggul;658280041;7.5.2026;cpc;0,31;;1;0;0;0;0;0;0;upmT99EZK;4260557421123;0
it_CrossSellReRank_Vegavero (Marketplace Seller)_VEGAVERO Femme Biotics;658445084;7.5.2026;cpc;0,61;;2;0;0;0;0;0;0;upm4AEDEP;4260557423455;0
com_CrossSellReRank_Vegavero (Marketplace Seller)_VEGAVERO Resveratrol + Nicotinamid;643088593;7.5.2026;cpc;0,31;;1;0;0;0;0;0;0;upmGDDD7G;4260557420805;0
at_MarketplaceBooster_Vegavero (Marketplace Seller)_VEGAVERO Beifu? Extrakt;658280100;7.5.2026;cpc;0,61;;1;0;0;0;0;0;0;upmWMGCRY;4260557422090;0
it_CrossSellReRank_Vegavero (Marketplace Seller)_VEGAVERO Chrom Plus;649145953;7.5.2026;cpc;0,31;;2;0;0;0;0;0;0;upmL7ZDD2;4260557422946;0
com_MarketplaceBooster_Vegavero (Marketplace Seller)_VEGAVERO Hyaluronsaeure;620565217;7.5.2026;cpc;1,51;;2;0;0;0;0;0;0;upmKMAH3F;4260557420539;0
com_CrossSellReRank_Vegavero (Marketplace Seller)_VEGAVERO EAA Pulver Pfirsich;658445056;7.5.2026;cpc;0,31;;3;0;0;0;0;0;0;upmP94YR7;4260557423530;0
it_CrossSellReRank_Vegavero (Marketplace Seller)_VEGAVERO Papaya BIO;649077206;7.5.2026;cpc;0,31;;2;0;0;0;0;0;0;upm9HWLUD;4260557421055;0
it_CrossSellReRank_Vegavero (Marketplace Seller)_VEGAVERO Vitamina D3 + K2;649091298;7.5.2026;cpc;1,11;;1;0;0;0;0;0;0;upm7FHKKZ;4260557421437;0
com_CrossSellReRank_Vegavero (Marketplace Seller)_VEGAVERO Triphala BIO;643089502;7.5.2026;cpc;0,31;;1;0;0;0;0;0;0;upmGL239Y;4260557420812;0
at_CrossSellReRank_Vegavero (Marketplace Seller)_VEGAVERO Cholin Trio;658280068;7.5.2026;cpc;0,31;;1;0;0;0;0;0;0;upm97PFY9;4260557421826;0
at_CrossSellReRank_Vegavero (Marketplace Seller)_VEGAVERO Koffein;658282821;7.5.2026;cpc;0,31;;2;0;0;0;0;0;0;upm4XZRWY;4260557423127;0
at_CrossSellReRank_Vegavero (Marketplace Seller)_VEGAVERO Papaya Enzym;658280137;7.5.2026;cpc;0,31;;1;0;0;0;0;0;0;14250930;4260309482648;0
it_CrossSellReRank_Vegavero (Marketplace Seller)_VEGAVERO Igname Selvatico +  Zinco;658353188;7.5.2026;cpc;0,31;;1;0;0;0;0;0;0;14251183;4260309481672;0
at_CrossSellReRank_Vegavero (Marketplace Seller)_VEGAVERO Tribulus terrestris Extrakt;658279971;7.5.2026;cpc;0,31;;2;0;0;0;0;0;0;14251088;4260309481313;0
at_CrossSellReRank_Vegavero (Marketplace Seller)_VEGAVERO Vitamin B12 Spray Junior;658280108;7.5.2026;cpc;0,31;;3;0;0;0;0;0;0;upm3RXHUC;4260557422229;0
at_CrossSellReRank_Vegavero (Marketplace Seller)_VEGAVERO Cholin Bitartrat;658283014;7.5.2026;cpc;0,31;;1;0;0;0;0;0;0;upmU9FP9M;4260557423325;0
at_MarketplaceBooster_Vegavero (Marketplace Seller)_VEGAVERO Glucomannan BIO;658347634;7.5.2026;cpc;0,51;;1;0;0;0;0;0;0;upmLXEUT7;4260557423240;0
at_CrossSellReRank_Vegavero (Marketplace Seller)_VEGAVERO Cordyceps sinensis BIO;658282808;7.5.2026;cpc;0,31;;1;0;0;0;0;0;0;upmTG77MW;4260557422991;0
com_MarketplaceBooster_Vegavero (Marketplace Seller)_VEGAVERO Vitamin K2;658347316;7.5.2026;cpc;1,01;;0;0;0;0;0;0;0;upmFYFHAU;4260557423424;0
com_CrossSellReRank_Vegavero (Marketplace Seller)_VEGAVERO BCAA Pulver Mango;658445062;7.5.2026;cpc;0,31;;1;0;0;0;0;0;0;upmWWWMYX;4260557423523;0
at_CrossSellReRank_Vegavero (Marketplace Seller)_VEGAVERO Pro Bio Kulturenkomplex;643057502;7.5.2026;cpc;0,31;;1;0;0;0;0;0;0;14250976;4260557420034;0
at_CrossSellReRank_Vegavero (Marketplace Seller)_VEGAVERO Keto Power;658282947;7.5.2026;cpc;0,31;;0;0;0;0;0;0;0;upmP77L3M;4260557423288;0
at_MarketplaceBooster_Vegavero (Marketplace Seller)_VEGAVERO Cholin Bitartrat;658283012;7.5.2026;cpc;0,51;;0;0;0;0;0;0;0;upmU9FP9M;4260557423325;0
at_CrossSellReRank_Vegavero (Marketplace Seller)_VEGAVERO Astaxanthin ?l;658280070;7.5.2026;cpc;0,31;;0;0;0;0;0;0;0;upmYPTY2W;4260557421925;0
it_MarketplaceBooster_Vegavero (Marketplace Seller)_VEGAVERO Lievito di Birra;658296220;7.5.2026;cpc;0,51;;0;0;0;0;0;0;0;upmKUKGHH;4260557423332;0
it_MarketplaceBooster_Vegavero (Marketplace Seller)_VEGAVERO Griffonia;658296090;7.5.2026;cpc;0,51;;0;0;0;0;0;0;0;upmG7RZLC;4260557423318;0
at_MarketplaceBooster_Vegavero (Marketplace Seller)_VEGAVERO Psyllium BIO;658282984;7.5.2026;cpc;0,51;;0;0;0;0;0;0;0;upmERYMM3;4260557423295;0
at_MarketplaceBooster_Vegavero (Marketplace Seller)_VEGAVERO Reishi Extrakt;625763780;7.5.2026;cpc;0,51;;0;0;0;0;0;0;0;14251013;4260309481665;0
com_CrossSellReRank_Vegavero (Marketplace Seller)_VEGAVERO Ingwer BIO;643085613;7.5.2026;cpc;0,31;;0;0;0;0;0;0;0;upmPX4TPU;4260557420386;0
com_MarketplaceBooster_Vegavero (Marketplace Seller)_VEGAVERO Nachtkerzen ?l;658291478;7.5.2026;cpc;1,01;;0;0;0;0;0;0;0;upm7DM474;4260557423448;0
at_MarketplaceBooster_Vegavero (Marketplace Seller)_VEGAVERO Party Hero;658283016;7.5.2026;cpc;0,51;;0;0;0;0;0;0;0;upmFACEA7;4260557423356;0
it_MarketplaceBooster_Vegavero (Marketplace Seller)_VEGAVERO Taurina;658296229;7.5.2026;cpc;0,51;;0;0;0;0;0;0;0;upmHULHZD;4260557423370;0
com_CrossSellReRank_Vegavero (Marketplace Seller)_VEGAVERO Maitake BIO;643089677;7.5.2026;cpc;0,31;;1;0;0;0;0;0;0;upmW4TZYD;4260557420874;0
it_MarketplaceBooster_Vegavero (Marketplace Seller)_VEGAVERO Beta-Alanina in Polvere;658296313;7.5.2026;cpc;1,01;;0;0;0;0;0;0;0;upmFKHFRA;4260557423431;0
at_CrossSellReRank_Vegavero (Marketplace Seller)_VEGAVERO Ingwer BIO;658280001;7.5.2026;cpc;0,31;;0;0;0;0;0;0;0;upmPX4TPU;4260557420386;0
com_MarketplaceBooster_Vegavero (Marketplace Seller)_VEGAVERO Glucosamin Plus;658347207;7.5.2026;cpc;1,01;;0;0;0;0;0;0;0;upmKWW3MD;4260557423349;0
com_CrossSellReRank_Vegavero (Marketplace Seller)_VEGAVERO Youth Biotics;658469896;7.5.2026;cpc;0,61;;1;0;0;0;0;0;0;upmW7Y7DL;4260557423462;0
com_CrossSellReRank_Vegavero (Marketplace Seller)_VEGAVERO Mushroom Mix Complex;643093879;7.5.2026;cpc;0,31;;1;0;0;0;0;0;0;upm4XDXPR;4260557422045;0
at_MarketplaceBooster_Vegavero (Marketplace Seller)_VEGAVERO Keto Power;658282839;7.5.2026;cpc;0,51;;0;0;0;0;0;0;0;upmP77L3M;4260557423288;0
at_CrossSellReRank_Vegavero (Marketplace Seller)_VEGAVERO K?rbiskern?l BIO;658280089;7.5.2026;cpc;0,31;;1;0;0;0;0;0;0;upmY7MX4C;4260557422014;0
SOLD_OUT_com_CrossSellReRank_Vegavero (Marketplace Seller)_VEGAVERO Vitamin B12 Tropfen;643132496;7.5.2026;cpc;0,31;;1;0;0;0;0;0;0;upmYRCT9P;4260557422908;0
it_MarketplaceBooster_Vegavero (Marketplace Seller)_VEGAVERO Strong Bones;658296086;7.5.2026;cpc;0,51;;0;0;0;0;0;0;0;upmAP9MLM;4260557423301;0
it_MarketplaceBooster_Vegavero (Marketplace Seller)_VEGAVERO Glicina in Polvere;658296346;7.5.2026;cpc;1,01;;0;0;0;0;0;0;0;upmTGWG29;4260557423479;0
it_CrossSellReRank_Vegavero (Marketplace Seller)_VEGAVERO Vitamina B12 Spray Junior;649103717;7.5.2026;cpc;0,31;;1;0;0;0;0;0;0;upm3RXHUC;4260557422229;0
at_MarketplaceBooster_Vegavero (Marketplace Seller)_VEGAVERO Glycin Pulver;658280143;7.5.2026;cpc;1,01;;0;0;0;0;0;0;0;upmTGWG29;4260557423479;0
at_MarketplaceBooster_Vegavero (Marketplace Seller)_VEGAVERO Strong Bones;658283003;7.5.2026;cpc;0,51;;0;0;0;0;0;0;0;upmAP9MLM;4260557423301;0
com_CrossSellReRank_Vegavero (Marketplace Seller)_VEGAVERO Pro Bio Kulturenkomplex;643080114;7.5.2026;cpc;0,31;;0;0;0;0;0;0;0;14250976;4260557420034;0
at_MarketplaceBooster_Vegavero (Marketplace Seller)_VEGAVERO Griffonia;658283007;7.5.2026;cpc;1,61;;0;0;0;0;0;0;0;upmG7RZLC;4260557423318;0
it_MarketplaceBooster_Vegavero (Marketplace Seller)_VEGAVERO Vitamina K2;658296232;7.5.2026;cpc;0,51;;0;0;0;0;0;0;0;upmFYFHAU;4260557423424;0
it_MarketplaceBooster_Vegavero (Marketplace Seller)_VEGAVERO Enotera;658296331;7.5.2026;cpc;1,01;;0;0;0;0;0;0;0;upm7DM474;4260557423448;0
it_MarketplaceBooster_Vegavero (Marketplace Seller)_VEGAVERO Party Hero;658331695;7.5.2026;cpc;0,51;;0;0;0;0;0;0;0;upmFACEA7;4260557423356;0
at_MarketplaceBooster_Vegavero (Marketplace Seller)_VEGAVERO Cordyceps sinensis BIO;620609037;7.5.2026;cpc;0,51;;0;0;0;0;0;0;0;upmTG77MW;4260557422991;0
at_MarketplaceBooster_Vegavero (Marketplace Seller)_VEGAVERO Brennnessel BIO;625775256;7.5.2026;cpc;0,51;;0;0;0;0;0;0;0;upm9RX43T;4260557421031;0
com_CrossSellReRank_Vegavero (Marketplace Seller)_VEGAVERO Ashwagandha BIO;643088001;7.5.2026;cpc;0,31;;0;0;0;0;0;0;0;upmUPLLZH;4260557420676;0
at_MarketplaceBooster_Vegavero (Marketplace Seller)_VEGAVERO Taurin Pulver;658283030;7.5.2026;cpc;0,51;;0;0;0;0;0;0;0;upmHULHZD;4260557423370;0
at_CrossSellReRank_Vegavero (Marketplace Seller)_VEGAVERO Glucomannan BIO;658347640;7.5.2026;cpc;0,31;;0;0;0;0;0;0;0;upmLXEUT7;4260557423240;0
it_MarketplaceBooster_Vegavero (Marketplace Seller)_VEGAVERO Colina Bitartrato;658296180;7.5.2026;cpc;0,51;;0;0;0;0;0;0;0;upmU9FP9M;4260557423325;0
com_MarketplaceBooster_Vegavero (Marketplace Seller)_VEGAVERO Strong Bones;658283044;7.5.2026;cpc;0,51;;0;0;0;0;0;0;0;upmAP9MLM;4260557423301;0
it_CrossSellReRank_Vegavero (Marketplace Seller)_VEGAVERO Sugar Balance Complex;649105321;7.5.2026;cpc;0,31;;1;0;0;0;0;0;0;upmAD4HK4;4260557422403;0
com_CrossSellReRank_Vegavero (Marketplace Seller)_VEGAVERO Chrom Plus;643134349;7.5.2026;cpc;0,31;;0;0;0;0;0;0;0;upmL7ZDD2;4260557422946;0
at_MarketplaceBooster_Vegavero (Marketplace Seller)_VEGAVERO Beta-Alanin Pulver;658283036;7.5.2026;cpc;1,01;;0;0;0;0;0;0;0;upmFKHFRA;4260557423431;0
at_MarketplaceBooster_Vegavero (Marketplace Seller)_VEGAVERO Brewers Yeast;658347642;7.5.2026;cpc;0,51;;0;0;0;0;0;0;0;upmKUKGHH;4260557423332;0
it_MarketplaceBooster_Vegavero (Marketplace Seller)_VEGAVERO Creatina in Polvere;658331593;7.5.2026;cpc;0,51;;0;0;0;0;0;0;0;upmFRZEFX;4260557423226;0
at_MarketplaceBooster_Vegavero (Marketplace Seller)_VEGAVERO Glucosamin Plus;658295895;7.5.2026;cpc;0,51;;0;0;0;0;0;0;0;upmKWW3MD;4260557423349;0
at_CrossSellReRank_Vegavero (Marketplace Seller)_VEGAVERO BCAA Pulver Mango;658445038;7.5.2026;cpc;0,61;;0;0;0;0;0;0;0;upmWWWMYX;4260557423523;0
at_CrossSellReRank_Vegavero (Marketplace Seller)_VEGAVERO MSM Pulver DOSE;658279976;7.5.2026;cpc;0,61;;0;0;0;0;0;0;0;upmTLUPGT;4260309483881;0
it_CrossSellReRank_Vegavero (Marketplace Seller)_VEGAVERO Youth Biotics;658445087;7.5.2026;cpc;0,61;;2;0;0;0;0;0;0;upmW7Y7DL;4260557423462;0
at_MarketplaceBooster_Vegavero (Marketplace Seller)_VEGAVERO Vitamin K2;658295902;7.5.2026;cpc;0,51;;0;0;0;0;0;0;0;upmFYFHAU;4260557423424;0
it_MarketplaceBooster_Vegavero (Marketplace Seller)_VEGAVERO Keto Power;658295962;7.5.2026;cpc;0,51;;0;0;0;0;0;0;0;upmP77L3M;4260557423288;0
it_CrossSellReRank_Vegavero (Marketplace Seller)_VEGAVERO Acido Ialuronico;649164412;7.5.2026;cpc;0,31;;0;0;0;0;0;0;0;upmKMAH3F;4260557420539;0
at_MarketplaceBooster_Vegavero (Marketplace Seller)_VEGAVERO Nachtkerzen ?l;658283038;7.5.2026;cpc;1,01;;0;0;0;0;0;0;0;upm7DM474;4260557423448;0
it_MarketplaceBooster_Vegavero (Marketplace Seller)_VEGAVERO Omega 3;626451248;8.5.2026;cpc;0,81;;182;7;3,846154;0;5,67;0;0;upm9KDWAZ;4260557421383;0,81
it_CrossSellReRank_Vegavero (Marketplace Seller)_VEGAVERO Ashwagandha BIO;649076814;8.5.2026;cpc;0,31;;190;1;0,574713;0;0,31;0;0;upmUPLLZH;4260557420676;0,31
it_CrossSellReRank_Vegavero (Marketplace Seller)_VEGAVERO Mushroom Mix Complex;649102044;8.5.2026;cpc;0,31;;176;0;0;0;0;0;0;upm4XDXPR;4260557422045;0
it_CrossSellReRank_Vegavero (Marketplace Seller)_VEGAVERO Omega 3;658752940;8.5.2026;cpc;0,81;;192;3;1,875;0;2,43;0;0;upm9KDWAZ;4260557421383;0,81
it_MarketplaceBooster_Vegavero (Marketplace Seller)_VEGAVERO Magnesio Complex;620566101;8.5.2026;cpc;0,51;;125;6;4,8;0;3,06;0;0;upmUZUHTT;4260557421888;0,51
it_MarketplaceBooster_Vegavero (Marketplace Seller)_VEGAVERO Vitamina D3 + K2;641650859;8.5.2026;cpc;1,21;;116;2;1,724138;0;2,42;0;0;upm7FHKKZ;4260557421437;1,21
com_CrossSellReRank_Vegavero (Marketplace Seller)_VEGAVERO Lecithin BIO;643093526;8.5.2026;cpc;0,61;;132;2;1,869159;0;1,22;0;0;upm2HFKPC;4260557422021;0,61
it_CrossSellReRank_Vegavero (Marketplace Seller)_VEGAVERO Astaxantina BIO;649155147;8.5.2026;cpc;0,61;;111;0;0;0;0;0;0;upm7GZX42;4260557423165;0
at_CrossSellReRank_Vegavero (Marketplace Seller)_VEGAVERO Female Balance Complex;658280004;8.5.2026;cpc;0,91;;153;3;2,970297;0;2,73;0;0;upmUX2FW3;4260557420638;0,91
at_MarketplaceBooster_Vegavero (Marketplace Seller)_VEGAVERO Vitamin D3 und K2 ?l;658280064;8.5.2026;cpc;1,31;;104;1;0,990099;0;1,31;0;0;upm7FHKKZ;4260557421437;1,31
it_CrossSellReRank_Vegavero (Marketplace Seller)_VEGAVERO Venaflux Complex;649103716;8.5.2026;cpc;0,31;;101;0;0;0;0;0;0;upmKY422A;4260557422212;0
it_MarketplaceBooster_Vegavero (Marketplace Seller)_VEGAVERO Ferro;658331730;8.5.2026;cpc;0,51;;84;0;0;0;0;0;0;14250692;4260309483065;0
it_CrossSellReRank_Vegavero (Marketplace Seller)_VEGAVERO Prosta-X;658381379;8.5.2026;cpc;0,61;;98;0;0;0;0;0;0;upmKYYZM4;4260557423486;0
it_CrossSellReRank_Vegavero (Marketplace Seller)_VEGAVERO Vitamina B12 Spray;658334267;8.5.2026;cpc;0,31;;89;0;0;0;0;0;0;14251102;4260557420027;0
at_MarketplaceBooster_Vegavero (Marketplace Seller)_VEGAVERO Omega-3 ?l;625779008;8.5.2026;cpc;1,71;;83;1;1,204819;0;1,71;0;0;upm9KDWAZ;4260557421383;1,71
at_CrossSellReRank_Vegavero (Marketplace Seller)_VEGAVERO Beta Carotin;643057199;8.5.2026;cpc;0,31;;122;1;1,298701;0;0,31;0;0;14250551;4260309484208;0,31
it_CrossSellReRank_Vegavero (Marketplace Seller)_VEGAVERO Light Legs Complex;658381503;8.5.2026;cpc;0,31;;87;1;1,315789;0;0,31;0;0;upmD7EWMP;4260557420454;0,31
it_CrossSellReRank_Vegavero (Marketplace Seller)_VEGAVERO Magnesio Complex;649091773;8.5.2026;cpc;0,31;;85;0;0;0;0;0;0;upmUZUHTT;4260557421888;0
com_MarketplaceBooster_Vegavero (Marketplace Seller)_VEGAVERO Natural Jod BIO;619661620;8.5.2026;cpc;0,51;;69;1;1,449275;0;0,51;0;0;14250769;4260557420256;0,51
com_MarketplaceBooster_Vegavero (Marketplace Seller)_VEGAVERO Magnesium Bisglycinat;617842637;8.5.2026;cpc;2,11;;69;0;0;0;0;0;0;upmX4LT4H;4260557423257;0
it_MarketplaceBooster_Vegavero (Marketplace Seller)_VEGAVERO Bromelina;620571075;8.5.2026;cpc;0,51;;67;2;2,985075;0;1,02;0;0;upm43HM34;4260557421130;0,51
SOLD_OUT_it_MarketplaceBooster_Vegavero (Marketplace Seller)_VEGAVERO Collagene Vegano + Acido Ialuronico;658334348;8.5.2026;cpc;1,21;;65;1;1,538462;0;1,21;0;0;upmK3CG99;4260557422656;1,21
it_MarketplaceBooster_Vegavero (Marketplace Seller)_VEGAVERO Vitamina B12 Spray;658334266;8.5.2026;cpc;0,51;;65;0;0;0;0;0;0;14251102;4260557420027;0
it_MarketplaceBooster_Vegavero (Marketplace Seller)_VEGAVERO Olio di Semi di Chia;641627926;8.5.2026;cpc;0,51;;62;2;3,225806;0;1,02;0;0;upmK7YWLD;4260557422649;0,51
it_CrossSellReRank_Vegavero (Marketplace Seller)_VEGAVERO Female Balance Complex;658381499;8.5.2026;cpc;0,31;;74;0;0;0;0;0;0;upmUX2FW3;4260557420638;0
at_CrossSellReRank_Vegavero (Marketplace Seller)_VEGAVERO Schwarzk?mmel?l BIO;658280057;8.5.2026;cpc;0,61;;87;1;1,666667;0;0,61;0;0;upmEUZ9F7;4260557421376;0,61
com_CrossSellReRank_Vegavero (Marketplace Seller)_VEGAVERO Rhodiola rosea Extrakt;643082833;8.5.2026;cpc;0,31;;62;0;0;0;0;0;0;14251036;4260557420102;0
it_MarketplaceBooster_Vegavero (Marketplace Seller)_VEGAVERO Riso Rosso Plus;641644118;8.5.2026;cpc;0,51;;58;0;0;0;0;0;0;upmDFWTTT;4260557423110;0
it_MarketplaceBooster_Vegavero (Marketplace Seller)_VEGAVERO Vitamina D3 + K2;649145075;8.5.2026;cpc;0,91;;58;3;5,172414;0;2,73;0;0;upmKAXT9Y;4260557422915;0,91
com_MarketplaceBooster_Vegavero (Marketplace Seller)_VEGAVERO Female Balance Complex;629496626;8.5.2026;cpc;1,21;;57;2;3,508772;0;2,42;0;0;upmUX2FW3;4260557420638;1,21
com_MarketplaceBooster_Vegavero (Marketplace Seller)_VEGAVERO Vegan Essentials Complex;627592060;8.5.2026;cpc;0,51;;57;1;1,754386;0;0,51;0;0;upmHHT433;4260557421390;0,51
it_CrossSellReRank_Vegavero (Marketplace Seller)_VEGAVERO Glicina in Polvere;658296353;8.5.2026;cpc;0,31;1;67;0;0;0;0;14,99;0;upmTGWG29;4260557423479;0
at_CrossSellReRank_Vegavero (Marketplace Seller)_VEGAVERO Elektrolyte Plus;658280160;8.5.2026;cpc;0,31;;66;0;0;0;0;0;0;upmD23XCL;4260557422823;0
it_CrossSellReRank_Vegavero (Marketplace Seller)_VEGAVERO Cysti-Aid Complex;649102998;8.5.2026;cpc;0,31;;62;0;0;0;0;0;0;upmTZFCGA;4260557422199;0
com_MarketplaceBooster_Vegavero (Marketplace Seller)_VEGAVERO Drenaflux Complex;629500801;8.5.2026;cpc;1,01;;52;3;5,769231;0;3,03;0;0;upm2XGYDU;4260557422489;1,01
it_MarketplaceBooster_Vegavero (Marketplace Seller)_VEGAVERO Griffonia Plus;641628925;8.5.2026;cpc;0,51;;50;2;4;0;1,02;0;0;upmHCULGA;4260557422755;0,51
SOLD_OUT_it_CrossSellReRank_Vegavero (Marketplace Seller)_VEGAVERO Collagene Vegano + Acido Ialuronico;658334350;8.5.2026;cpc;0,81;;59;1;2;0;0,81;0;0;upmK3CG99;4260557422656;0,81
SOLD_OUT_it_CrossSellReRank_Vegavero (Marketplace Seller)_VEGAVERO Betacarotene Plus;649106236;8.5.2026;cpc;0,31;;53;0;0;0;0;0;0;upmGPMUEM;4260557422427;0
it_CrossSellReRank_Vegavero (Marketplace Seller)_VEGAVERO Cordyceps;658334303;8.5.2026;cpc;0,31;;53;0;0;0;0;0;0;14250611;4260309483218;0
it_CrossSellReRank_Vegavero (Marketplace Seller)_VEGAVERO Quercetina Complex;658381384;8.5.2026;cpc;0,31;;60;1;2,12766;0;0,31;0;0;upmF2AFXC;4260557423509;0,31
SOLD_OUT_it_MarketplaceBooster_Vegavero (Marketplace Seller)_VEGAVERO Vitamina B12 gocce;641629767;8.5.2026;cpc;0,51;;47;1;2,12766;0;0,51;0;0;upmYRCT9P;4260557422908;0,51
com_MarketplaceBooster_Vegavero (Marketplace Seller)_VEGAVERO Rhodiola rosea Extrakt;619660946;8.5.2026;cpc;1,01;;46;3;6,521739;0;3,03;0;0;14251036;4260557420102;1,01
com_MarketplaceBooster_Vegavero (Marketplace Seller)_VEGAVERO Vitamin D3+K2 Tropfen;620538813;8.5.2026;cpc;1,51;;47;2;4,347826;0;3,02;0;0;upmKAXT9Y;4260557422915;1,51
it_MarketplaceBooster_Vegavero (Marketplace Seller)_VEGAVERO Prosta-X;658381378;8.5.2026;cpc;1,01;;46;2;4,347826;0;2,02;0;0;upmKYYZM4;4260557423486;1,01
com_MarketplaceBooster_Vegavero (Marketplace Seller)_VEGAVERO Sun Care Complex;620501459;8.5.2026;cpc;0,51;;46;0;0;0;0;0;0;upm7C9XR2;4260557420836;0
it_CrossSellReRank_Vegavero (Marketplace Seller)_VEGAVERO Astaxantina;649092862;8.5.2026;cpc;0,41;;49;0;0;0;0;0;0;upmYPTY2W;4260557421925;0
at_MarketplaceBooster_Vegavero (Marketplace Seller)_VEGAVERO Female Harmony Complex;658279991;8.5.2026;cpc;0,51;;45;0;0;0;0;0;0;upmUFEEWW;4260557420300;0
at_CrossSellReRank_Vegavero (Marketplace Seller)_VEGAVERO Vitamin D3+K2 Tropfen;658280177;8.5.2026;cpc;1,41;;67;1;2,272727;0;1,41;0;0;upmKAXT9Y;4260557422915;1,41
SOLD_OUT_at_MarketplaceBooster_Vegavero (Marketplace Seller)_VEGAVERO Vegan Collagen+Hyaluronic Acid;658347622;8.5.2026;cpc;1,41;;44;0;0;0;0;0;0;upmK3CG99;4260557422656;0
it_MarketplaceBooster_Vegavero (Marketplace Seller)_VEGAVERO Serenity Complex;641646664;8.5.2026;cpc;0,51;;42;2;4,761905;0;1,02;0;0;upmZFGPHR;4260557422830;0,51
it_CrossSellReRank_Vegavero (Marketplace Seller)_VEGAVERO Maca Nera Plus;649149549;8.5.2026;cpc;0,81;;47;1;2,380952;0;0,81;0;0;upmG4PKUG;4260557423042;0,81
SOLD_OUT_com_MarketplaceBooster_Vegavero (Marketplace Seller)_VEGAVERO Beta Carotin Plus ?l;620501456;8.5.2026;cpc;0,51;;42;2;4,761905;0;1,02;0;0;upmGPMUEM;4260557422427;0,51
it_MarketplaceBooster_Vegavero (Marketplace Seller)_VEGAVERO Glucosamin Complex;620567054;8.5.2026;cpc;0,51;;42;0;0;0;0;0;0;upmTYL3Y7;4260557420737;0
com_MarketplaceBooster_Vegavero (Marketplace Seller)_VEGAVERO Vitamin B12 Spray Junior;619721771;8.5.2026;cpc;0,51;;41;0;0;0;0;0;0;upm3RXHUC;4260557422229;0
com_MarketplaceBooster_Vegavero (Marketplace Seller)_VEGAVERO Papaya BIO;620527447;8.5.2026;cpc;0,51;;42;0;0;0;0;0;0;upm9HWLUD;4260557421055;0
at_MarketplaceBooster_Vegavero (Marketplace Seller)_VEGAVERO Vitamin D3+K2 Tropfen;626442372;8.5.2026;cpc;1,51;;42;2;4,878049;0;3,02;0;0;upmKAXT9Y;4260557422915;1,51
SOLD_OUT_it_MarketplaceBooster_Vegavero (Marketplace Seller)_VEGAVERO Betacarotene Plus;641622772;8.5.2026;cpc;0,51;;40;1;2,5;0;0,51;0;0;upmGPMUEM;4260557422427;0,51
com_CrossSellReRank_Vegavero (Marketplace Seller)_VEGAVERO Venaflux Complex;643093981;8.5.2026;cpc;1,41;;44;0;0;0;0;0;0;upmKY422A;4260557422212;0
at_CrossSellReRank_Vegavero (Marketplace Seller)_VEGAVERO Lecithin BIO;658280090;8.5.2026;cpc;0,71;;52;3;7,5;0;2,13;0;0;upm2HFKPC;4260557422021;0,71
SOLD_OUT_at_MarketplaceBooster_Vegavero (Marketplace Seller)_VEGAVERO Beta Carotin Plus ?l;620605197;8.5.2026;cpc;0,51;;40;0;0;0;0;0;0;upmGPMUEM;4260557422427;0
it_MarketplaceBooster_Vegavero (Marketplace Seller)_VEGAVERO Vitamina D3 + K2;641650857;8.5.2026;cpc;0,51;;39;0;0;0;0;0;0;upmKAXT9Y;4260557422915;0
it_MarketplaceBooster_Vegavero (Marketplace Seller)_VEGAVERO Biancospino BIO;620566747;8.5.2026;cpc;0,51;;38;0;0;0;0;0;0;upmXW7KXD;4260557420720;0
com_CrossSellReRank_Vegavero (Marketplace Seller)_VEGAVERO Oregano ?l BIO;643093284;8.5.2026;cpc;0,51;;48;0;0;0;0;0;0;upmYCXAL7;4260557421932;0
it_CrossSellReRank_Vegavero (Marketplace Seller)_VEGAVERO Myo-Inositol Complex;658353200;8.5.2026;cpc;0,61;;41;2;5,263158;0;1,22;0;0;upm7PGM77;4260557421765;0,61
SOLD_OUT_it_CrossSellReRank_Vegavero (Marketplace Seller)_VEGAVERO L-Tirosina Plus;649143283;8.5.2026;cpc;0,31;;50;0;0;0;0;0;0;upm2FC2LC;4260557422885;0
at_MarketplaceBooster_Vegavero (Marketplace Seller)_VEGAVERO Myo-Inositol Complex;625786532;8.5.2026;cpc;1,01;;38;4;10,526316;0;4,04;0;0;upm7PGM77;4260557421765;1,01
it_MarketplaceBooster_Vegavero (Marketplace Seller)_VEGAVERO Quercetina Complex;658381383;8.5.2026;cpc;0,51;;37;1;2,702703;0;0,51;0;0;upmF2AFXC;4260557423509;0,51
it_MarketplaceBooster_Vegavero (Marketplace Seller)_VEGAVERO Moringa BIO;658388273;8.5.2026;cpc;0,71;;37;1;2,702703;0;0,71;0;0;14250893;4260309481115;0,71
com_MarketplaceBooster_Vegavero (Marketplace Seller)_VEGAVERO Vitamin B12 Spray Cherry;629516457;8.5.2026;cpc;0,51;;37;1;2,702703;0;0,51;0;0;14251102;4260557420027;0,51
it_MarketplaceBooster_Vegavero (Marketplace Seller)_VEGAVERO Vitamina C Liposomiale;620566158;8.5.2026;cpc;0,81;;37;1;2,702703;0;0,81;0;0;upm77WEEP;4260557422786;0,81
com_CrossSellReRank_Vegavero (Marketplace Seller)_VEGAVERO Drenaflux Complex;643094174;8.5.2026;cpc;0,31;;40;1;2,702703;0;0,31;0;0;upm2XGYDU;4260557422489;0,31
it_CrossSellReRank_Vegavero (Marketplace Seller)_VEGAVERO Reishi;658296413;8.5.2026;cpc;0,31;;39;0;0;0;0;0;0;14251013;4260309481665;0
it_CrossSellReRank_Vegavero (Marketplace Seller)_VEGAVERO Elettroliti Complex;649122256;8.5.2026;cpc;0,31;;40;1;2,777778;0;0,31;0;0;upmD23XCL;4260557422823;0,31
it_MarketplaceBooster_Vegavero (Marketplace Seller)_VEGAVERO Artiglio del Diavolo Plus;620572756;8.5.2026;cpc;0,51;;35;0;0;0;0;0;0;upmD3U322;4260557421192;0
it_MarketplaceBooster_Vegavero (Marketplace Seller)_VEGAVERO Glucomammano BIO;641643679;8.5.2026;cpc;0,51;;35;0;0;0;0;0;0;upmLXEUT7;4260557423240;0
it_CrossSellReRank_Vegavero (Marketplace Seller)_VEGAVERO Liver Active Complex;658445100;8.5.2026;cpc;0,31;;37;0;0;0;0;0;0;14250812;4260557420188;0
at_CrossSellReRank_Vegavero (Marketplace Seller)_VEGAVERO Female Harmony Complex;658279992;8.5.2026;cpc;0,31;;44;2;5,882353;0;0,62;0;0;upmUFEEWW;4260557420300;0,31
com_MarketplaceBooster_Vegavero (Marketplace Seller)_VEGAVERO Schwarzk?mmel?l BIO;658295946;8.5.2026;cpc;0,91;;34;2;5,882353;0;1,82;0;0;upmEUZ9F7;4260557421376;0,91
it_CrossSellReRank_Vegavero (Marketplace Seller)_VEGAVERO Betacarotene;653866107;8.5.2026;cpc;0,31;;37;0;0;0;0;0;0;14250551;4260309484208;0
at_MarketplaceBooster_Vegavero (Marketplace Seller)_VEGAVERO Oregano ?l BIO;658280076;8.5.2026;cpc;0,51;;35;0;0;0;0;0;0;upmYCXAL7;4260557421932;0
SOLD_OUT_com_CrossSellReRank_Vegavero (Marketplace Seller)_VEGAVERO L-Tyrosin Plus;643130826;8.5.2026;cpc;1,01;;41;0;0;0;0;0;0;upm2FC2LC;4260557422885;0
com_CrossSellReRank_Vegavero (Marketplace Seller)_VEGAVERO Teufelskralle Plus;643090107;8.5.2026;cpc;0,31;;42;1;2,941176;0;0,31;0;0;upmD3U322;4260557421192;0,31
com_MarketplaceBooster_Vegavero (Marketplace Seller)_VEGAVERO Omega-3 ?l;620545279;8.5.2026;cpc;1,71;;33;1;3,030303;0;1,71;0;0;upm9KDWAZ;4260557421383;1,71
at_MarketplaceBooster_Vegavero (Marketplace Seller)_VEGAVERO Vegan Essentials Complex;620605288;8.5.2026;cpc;0,51;;34;1;3,030303;0;0,51;0;0;upmHHT433;4260557421390;0,51
it_CrossSellReRank_Vegavero (Marketplace Seller)_VEGAVERO Magnesio Bisglicinato;649159286;8.5.2026;cpc;1,31;;41;0;0;0;0;0;0;upmX4LT4H;4260557423257;0
at_MarketplaceBooster_Vegavero (Marketplace Seller)_VEGAVERO Schwarzk?mmel?l BIO;625778996;8.5.2026;cpc;0,81;;34;4;12,121212;0;3,24;0;0;upmEUZ9F7;4260557421376;0,81
it_MarketplaceBooster_Vegavero (Marketplace Seller)_VEGAVERO Igname Selvatico +  Zinco;658353187;8.5.2026;cpc;0,51;;33;0;0;0;0;0;0;14251183;4260309481672;0
com_MarketplaceBooster_Vegavero (Marketplace Seller)_VEGAVERO MSM Pulver;620565741;8.5.2026;cpc;1,21;;32;1;3,125;0;1,21;0;0;upmWCKTTE;4260309481214;1,21
SOLD_OUT_com_MarketplaceBooster_Vegavero (Marketplace Seller)_VEGAVERO Vegan Collagen+Hyaluronic Acid;620530762;8.5.2026;cpc;1,51;;32;0;0;0;0;0;0;upmK3CG99;4260557422656;0
it_MarketplaceBooster_Vegavero (Marketplace Seller)_VEGAVERO Echinacea Plus;620565882;8.5.2026;cpc;1,01;;32;0;0;0;0;0;0;upmPHKX9F;4260557423141;0
it_MarketplaceBooster_Vegavero (Marketplace Seller)_VEGAVERO Resveratrolo Plus;620567258;8.5.2026;cpc;0,51;;31;1;3,225806;0;0,51;0;0;upmGDDD7G;4260557420805;0,51
com_MarketplaceBooster_Vegavero (Marketplace Seller)_VEGAVERO Teufelskralle Plus;619697372;8.5.2026;cpc;0,51;;30;2;6,666667;0;1,02;0;0;upmD3U322;4260557421192;0,51
it_MarketplaceBooster_Vegavero (Marketplace Seller)_VEGAVERO Ashwagandha BIO;620566536;8.5.2026;cpc;0,51;;30;2;6,666667;0;1,02;0;0;upmUPLLZH;4260557420676;0,51
it_CrossSellReRank_Vegavero (Marketplace Seller)_VEGAVERO Vitamina C Naturale BIO;649076562;8.5.2026;cpc;1,31;;33;0;0;0;0;0;0;upmFY9KW9;4260557420331;0
it_MarketplaceBooster_Vegavero (Marketplace Seller)_VEGAVERO Probiotici e Prebiotici BIO;658296369;8.5.2026;cpc;0,51;;30;0;0;0;0;0;0;14250976;4260557420034;0
it_CrossSellReRank_Vegavero (Marketplace Seller)_VEGAVERO Sun Care Complex;649077192;8.5.2026;cpc;0,31;;38;0;0;0;0;0;0;upm7C9XR2;4260557420836;0
at_MarketplaceBooster_Vegavero (Marketplace Seller)_VEGAVERO Prostaid Complex;658727261;8.5.2026;cpc;1,31;;29;1;3,448276;0;1,31;0;0;upmCEE43U;4260557420515;1,31
com_MarketplaceBooster_Vegavero (Marketplace Seller)_VEGAVERO Vitamin D3 und K2 ?l;652853552;8.5.2026;cpc;1,31;;29;0;0;0;0;0;0;upm7FHKKZ;4260557421437;0
com_MarketplaceBooster_Vegavero (Marketplace Seller)_VEGAVERO Eisen Bisglycinat;620565118;8.5.2026;cpc;0,51;;29;2;6,896552;0;1,02;0;0;14250692;4260309483065;0,51
at_MarketplaceBooster_Vegavero (Marketplace Seller)_VEGAVERO Magnesium Bisglycinat;620592111;8.5.2026;cpc;1,71;;29;0;0;0;0;0;0;upmX4LT4H;4260557423257;0
com_CrossSellReRank_Vegavero (Marketplace Seller)_VEGAVERO Nachtkerzen ?l;658291480;8.5.2026;cpc;0,61;;43;0;0;0;0;0;0;upm7DM474;4260557423448;0
it_MarketplaceBooster_Vegavero (Marketplace Seller)_VEGAVERO Artemisia Vulgaris;649102355;8.5.2026;cpc;0,51;;28;1;3,571429;0;0,51;0;0;upmWMGCRY;4260557422090;0,51
it_CrossSellReRank_Vegavero (Marketplace Seller)_VEGAVERO Rhodiola Rosea;658445094;8.5.2026;cpc;0,31;;41;1;3,571429;0;0,31;0;0;14251036;4260557420102;0,31
it_CrossSellReRank_Vegavero (Marketplace Seller)_VEGAVERO Cardo Mariano;658352468;8.5.2026;cpc;0,31;;37;0;0;0;0;0;0;upmGMGWYP;4260309481979;0
com_MarketplaceBooster_Vegavero (Marketplace Seller)_VEGAVERO Myo-Inositol Complex;658295457;8.5.2026;cpc;1,71;;28;3;10,714286;0;5,13;0;0;upm7PGM77;4260557421765;1,71
at_MarketplaceBooster_Vegavero (Marketplace Seller)_VEGAVERO Liver Active Complex;625768092;8.5.2026;cpc;0,51;;28;0;0;0;0;0;0;14250812;4260557420188;0
it_CrossSellReRank_Vegavero (Marketplace Seller)_VEGAVERO Origano BIO;649094039;8.5.2026;cpc;0,31;;34;0;0;0;0;0;0;upmYCXAL7;4260557421932;0
SOLD_OUT_at_MarketplaceBooster_Vegavero (Marketplace Seller)_VEGAVERO Pro Bio Kids BIO;620610302;8.5.2026;cpc;0,51;;28;0;0;0;0;0;0;14250953;4260557420249;0
at_MarketplaceBooster_Vegavero (Marketplace Seller)_VEGAVERO Glucosamin Complex;620608017;8.5.2026;cpc;0,51;;27;0;0;0;0;0;0;upmTYL3Y7;4260557420737;0
at_MarketplaceBooster_Vegavero (Marketplace Seller)_VEGAVERO Wild Yams + Zink;625763764;8.5.2026;cpc;0,51;;27;0;0;0;0;0;0;14251183;4260309481672;0
com_CrossSellReRank_Vegavero (Marketplace Seller)_VEGAVERO Rosskastanie Plus BIO;643090783;8.5.2026;cpc;0,41;;32;1;3,703704;0;0,41;0;0;upmUR4ZK4;4260557421239;0,41
com_MarketplaceBooster_Vegavero (Marketplace Seller)_VEGAVERO Beta Carotin;620501440;8.5.2026;cpc;1,01;;27;2;7,407407;0;2,02;0;0;14250551;4260309484208;1,01
com_MarketplaceBooster_Vegavero (Marketplace Seller)_VEGAVERO Keto Power;658283042;8.5.2026;cpc;0,51;;27;0;0;0;0;0;0;upmP77L3M;4260557423288;0
it_CrossSellReRank_Vegavero (Marketplace Seller)_VEGAVERO Ippocastano BIO Plus;649084572;8.5.2026;cpc;0,31;;36;0;0;0;0;0;0;upmUR4ZK4;4260557421239;0
it_CrossSellReRank_Vegavero (Marketplace Seller)_VEGAVERO Ginseng Rosso Coreano;649076431;8.5.2026;cpc;0,31;;32;0;0;0;0;0;0;upm2CZXC9;4260557420140;0
at_MarketplaceBooster_Vegavero (Marketplace Seller)_VEGAVERO Light Legs Complex;658347596;8.5.2026;cpc;0,51;;27;0;0;0;0;0;0;upmD7EWMP;4260557420454;0
at_MarketplaceBooster_Vegavero (Marketplace Seller)_VEGAVERO Eisen Bisglycinat;620612855;8.5.2026;cpc;0,51;;26;2;7,692308;0;1,02;0;0;14250692;4260309483065;0,51
com_MarketplaceBooster_Vegavero (Marketplace Seller)_VEGAVERO BIO Astaxanthin ?l;618496738;8.5.2026;cpc;1,41;;27;0;0;0;0;0;0;upm7GZX42;4260557423165;0
it_MarketplaceBooster_Vegavero (Marketplace Seller)_VEGAVERO Enzima della Papaya;658445110;8.5.2026;cpc;1,01;;26;0;0;0;0;0;0;14250930;4260309482648;0
at_MarketplaceBooster_Vegavero (Marketplace Seller)_VEGAVERO Pro Bio Kulturenkomplex;620609408;8.5.2026;cpc;0,51;;26;0;0;0;0;0;0;14250976;4260557420034;0
com_MarketplaceBooster_Vegavero (Marketplace Seller)_VEGAVERO Female Harmony Complex;629496627;8.5.2026;cpc;0,51;;25;0;0;0;0;0;0;upmUFEEWW;4260557420300;0
it_CrossSellReRank_Vegavero (Marketplace Seller)_VEGAVERO Cardo Mariano Plus;649143954;8.5.2026;cpc;0,31;;29;0;0;0;0;0;0;upmR9H2HU;4260557422892;0
it_CrossSellReRank_Vegavero (Marketplace Seller)_VEGAVERO Serenity Complex;649145562;8.5.2026;cpc;0,31;;29;0;0;0;0;0;0;upmZFGPHR;4260557422830;0
at_CrossSellReRank_Vegavero (Marketplace Seller)_VEGAVERO Beifu? Extrakt;658280102;8.5.2026;cpc;0,41;;27;0;0;0;0;0;0;upmWMGCRY;4260557422090;0
com_MarketplaceBooster_Vegavero (Marketplace Seller)_VEGAVERO OPC Trio;620554337;8.5.2026;cpc;0,51;;25;0;0;0;0;0;0;upmWFGGMG;4260557423097;0
it_MarketplaceBooster_Vegavero (Marketplace Seller)_VEGAVERO Elettroliti Complex;641629249;8.5.2026;cpc;0,51;;25;1;4;0;0,51;0;0;upmD23XCL;4260557422823;0,51
com_MarketplaceBooster_Vegavero (Marketplace Seller)_VEGAVERO Colon Care Complex;627014864;8.5.2026;cpc;0,51;;25;0;0;0;0;0;0;14250605;4260557420201;0
SOLD_OUT_it_MarketplaceBooster_Vegavero (Marketplace Seller)_VEGAVERO Tribulus Terrestris;658296415;8.5.2026;cpc;0,51;;24;2;8,333333;0;1,02;0;0;14251088;4260309481313;0,51
SOLD_OUT_it_MarketplaceBooster_Vegavero (Marketplace Seller)_VEGAVERO Probiotici e Prebiotici Bambini;658445101;8.5.2026;cpc;1,01;;24;1;4,166667;0;1,01;0;0;14250953;4260557420249;1,01
com_CrossSellReRank_Vegavero (Marketplace Seller)_VEGAVERO Beta Carotin;643079421;8.5.2026;cpc;0,31;;30;0;0;0;0;0;0;14250551;4260309484208;0
it_MarketplaceBooster_Vegavero (Marketplace Seller)_VEGAVERO Sun Care Complex;649077191;8.5.2026;cpc;0,51;;24;0;0;0;0;0;0;upm7C9XR2;4260557420836;0
it_CrossSellReRank_Vegavero (Marketplace Seller)_VEGAVERO Vitamina D3 + K2;649145192;8.5.2026;cpc;1,11;;29;0;0;0;0;0;0;upmKAXT9Y;4260557422915;0
at_MarketplaceBooster_Vegavero (Marketplace Seller)_VEGAVERO Beta Carotin;620605193;8.5.2026;cpc;1,01;;24;1;4,166667;0;1,01;0;0;14250551;4260309484208;1,01
at_MarketplaceBooster_Vegavero (Marketplace Seller)_VEGAVERO Multivitamin Spray Junior;625777201;8.5.2026;cpc;0,51;;24;0;0;0;0;0;0;upm9ZTF3H;4260557421178;0
it_MarketplaceBooster_Vegavero (Marketplace Seller)_VEGAVERO Femme Biotics;658445082;8.5.2026;cpc;1,01;;23;0;0;0;0;0;0;upm4AEDEP;4260557423455;0
com_MarketplaceBooster_Vegavero (Marketplace Seller)_VEGAVERO D-Mannose Pulver;619660673;8.5.2026;cpc;1,51;;23;0;0;0;0;0;0;14250686;4260309481603;0
com_MarketplaceBooster_Vegavero (Marketplace Seller)_VEGAVERO Prostaid Complex;658727268;8.5.2026;cpc;1,51;;24;0;0;0;0;0;0;upmCEE43U;4260557420515;0
com_CrossSellReRank_Vegavero (Marketplace Seller)_VEGAVERO Beifu? Extrakt;643093976;8.5.2026;cpc;0,31;;27;0;0;0;0;0;0;upmWMGCRY;4260557422090;0
at_MarketplaceBooster_Vegavero (Marketplace Seller)_VEGAVERO Roter Reis Plus;626443344;8.5.2026;cpc;0,51;;23;1;4,347826;0;0,51;0;0;upmDFWTTT;4260557423110;0,51
at_MarketplaceBooster_Vegavero (Marketplace Seller)_VEGAVERO Magnesium + Kalium;620594279;8.5.2026;cpc;0,51;;23;3;13,043478;0;1,53;0;0;upm32MART;4260557420287;0,51
SOLD_OUT_it_MarketplaceBooster_Vegavero (Marketplace Seller)_VEGAVERO Guggul;641655761;8.5.2026;cpc;0,51;;23;0;0;0;0;0;0;upmT99EZK;4260557421123;0
SOLD_OUT_com_CrossSellReRank_Vegavero (Marketplace Seller)_VEGAVERO Beta Carotin Plus ?l;643094141;8.5.2026;cpc;0,31;;29;0;0;0;0;0;0;upmGPMUEM;4260557422427;0
SOLD_OUT_com_MarketplaceBooster_Vegavero (Marketplace Seller)_VEGAVERO Taurin Plus;620551671;8.5.2026;cpc;0,51;;23;1;4,347826;0;0,51;0;0;upmXXW9XA;4260557423059;0,51
com_MarketplaceBooster_Vegavero (Marketplace Seller)_VEGAVERO Vitamin C liposomal;619662437;8.5.2026;cpc;0,51;;23;0;0;0;0;0;0;upm77WEEP;4260557422786;0
it_MarketplaceBooster_Vegavero (Marketplace Seller)_VEGAVERO Maca Nera Plus;641623120;8.5.2026;cpc;1,01;;22;2;9,090909;0;2,02;0;0;upmG4PKUG;4260557423042;1,01
com_CrossSellReRank_Vegavero (Marketplace Seller)_VEGAVERO Sun Care Complex;643089603;8.5.2026;cpc;0,31;;25;0;0;0;0;0;0;upm7C9XR2;4260557420836;0
it_CrossSellReRank_Vegavero (Marketplace Seller)_VEGAVERO Probiotici e Prebiotici BIO;658296371;8.5.2026;cpc;0,31;;26;1;4,545455;0;0,31;0;0;14250976;4260557420034;0,31
com_CrossSellReRank_Vegavero (Marketplace Seller)_VEGAVERO Female Balance Complex;643085982;8.5.2026;cpc;0,71;;31;0;0;0;0;0;0;upmUX2FW3;4260557420638;0
it_MarketplaceBooster_Vegavero (Marketplace Seller)_VEGAVERO Betacarotene;653864224;8.5.2026;cpc;0,51;;22;0;0;0;0;0;0;14250551;4260309484208;0
com_MarketplaceBooster_Vegavero (Marketplace Seller)_VEGAVERO Glycin Pulver;658347478;8.5.2026;cpc;1,51;;22;0;0;0;0;0;0;upmTGWG29;4260557423479;0
it_MarketplaceBooster_Vegavero (Marketplace Seller)_VEGAVERO Cardo Mariano Plus;641649766;8.5.2026;cpc;0,51;;22;1;4,545455;0;0,51;0;0;upmR9H2HU;4260557422892;0,51
it_CrossSellReRank_Vegavero (Marketplace Seller)_VEGAVERO Riso Rosso Plus;649150541;8.5.2026;cpc;0,31;;24;0;0;0;0;0;0;upmDFWTTT;4260557423110;0
com_MarketplaceBooster_Vegavero (Marketplace Seller)_VEGAVERO Venaflux Complex;629497502;8.5.2026;cpc;1,61;;21;1;4,761905;0;1,61;0;0;upmKY422A;4260557422212;1,61
at_MarketplaceBooster_Vegavero (Marketplace Seller)_VEGAVERO Papaya BIO;658295837;8.5.2026;cpc;0,51;;21;0;0;0;0;0;0;upm9HWLUD;4260557421055;0
at_MarketplaceBooster_Vegavero (Marketplace Seller)_VEGAVERO Leinsamen?l BIO;658280092;8.5.2026;cpc;0,51;;21;0;0;0;0;0;0;upmKU4FAU;4260557422038;0
it_CrossSellReRank_Vegavero (Marketplace Seller)_VEGAVERO Spirulina BIO +  Clorella BIO;658331804;8.5.2026;cpc;0,31;;24;0;0;0;0;0;0;14250597;4260309484185;0
com_MarketplaceBooster_Vegavero (Marketplace Seller)_VEGAVERO K?rbiskern?l BIO;619721382;8.5.2026;cpc;0,51;;21;2;9,52381;0;1,02;0;0;upmY7MX4C;4260557422014;0,51
com_CrossSellReRank_Vegavero (Marketplace Seller)_VEGAVERO Party Hero;653854384;8.5.2026;cpc;0,31;;28;1;4,761905;0;0,31;0;0;upmFACEA7;4260557423356;0,31
at_MarketplaceBooster_Vegavero (Marketplace Seller)_VEGAVERO Venaflux Complex;658280105;8.5.2026;cpc;1,61;;21;1;4,761905;0;1,61;0;0;upmKY422A;4260557422212;1,61
at_MarketplaceBooster_Vegavero (Marketplace Seller)_VEGAVERO Rhodiola rosea Extrakt;620605153;8.5.2026;cpc;0,51;;21;0;0;0;0;0;0;14251036;4260557420102;0
it_CrossSellReRank_Vegavero (Marketplace Seller)_VEGAVERO Moringa BIO;658388299;8.5.2026;cpc;0,31;;22;0;0;0;0;0;0;14250893;4260309481115;0
it_CrossSellReRank_Vegavero (Marketplace Seller)_VEGAVERO Echinacea Purpurea;649076430;8.5.2026;cpc;0,31;;22;0;0;0;0;0;0;upmPZPD44;4260557420133;0
com_MarketplaceBooster_Vegavero (Marketplace Seller)_VEGAVERO Astaxanthin ?l;619716956;8.5.2026;cpc;0,51;;20;0;0;0;0;0;0;upmYPTY2W;4260557421925;0
com_CrossSellReRank_Vegavero (Marketplace Seller)_VEGAVERO Eisen Bisglycinat;643077960;8.5.2026;cpc;0,31;;26;0;0;0;0;0;0;14250692;4260309483065;0
com_MarketplaceBooster_Vegavero (Marketplace Seller)_VEGAVERO Nachtkerzen und Borretsch?l BIO;619715142;8.5.2026;cpc;0,51;;20;0;0;0;0;0;0;upm7KTFPH;4260557421420;0
at_CrossSellReRank_Vegavero (Marketplace Seller)_VEGAVERO Boswellia Extrakt;658280140;8.5.2026;cpc;0,31;;21;1;5;0;0,31;0;0;upmEH2K74;4260557422588;0,31
it_MarketplaceBooster_Vegavero (Marketplace Seller)_VEGAVERO Female Balance Complex;658381497;8.5.2026;cpc;0,51;;20;2;10;0;1,02;0;0;upmUX2FW3;4260557420638;0,51
at_CrossSellReRank_Vegavero (Marketplace Seller)_VEGAVERO Sun Care Complex;658280012;8.5.2026;cpc;0,31;;28;0;0;0;0;0;0;upm7C9XR2;4260557420836;0
it_MarketplaceBooster_Vegavero (Marketplace Seller)_VEGAVERO Venaflux Complex;649103715;8.5.2026;cpc;0,51;;19;2;10,526316;0;1,02;0;0;upmKY422A;4260557422212;0,51
com_MarketplaceBooster_Vegavero (Marketplace Seller)_VEGAVERO Liver Active Complex;619661159;8.5.2026;cpc;0,51;;19;0;0;0;0;0;0;14250812;4260557420188;0
com_CrossSellReRank_Vegavero (Marketplace Seller)_VEGAVERO Cholin Bitartrat;658347159;8.5.2026;cpc;0,31;;22;0;0;0;0;0;0;upmU9FP9M;4260557423325;0
it_CrossSellReRank_Vegavero (Marketplace Seller)_VEGAVERO Magnesio + Potassio;649076465;8.5.2026;cpc;0,31;;28;0;0;0;0;0;0;upm32MART;4260557420287;0
it_CrossSellReRank_Vegavero (Marketplace Seller)_VEGAVERO Zenzero BIO;658353197;8.5.2026;cpc;0,31;;22;0;0;0;0;0;0;upmPX4TPU;4260557420386;0
it_MarketplaceBooster_Vegavero (Marketplace Seller)_VEGAVERO Light Legs Complex;658381501;8.5.2026;cpc;0,51;;19;2;10,526316;0;1,02;0;0;upmD7EWMP;4260557420454;0,51
com_MarketplaceBooster_Vegavero (Marketplace Seller)_VEGAVERO D-Mannose Complex;619660802;8.5.2026;cpc;1,51;;19;1;5,263158;0;1,51;0;0;14250640;4260309482747;1,51
com_CrossSellReRank_Vegavero (Marketplace Seller)_VEGAVERO K?rbiskern?l BIO;643093438;8.5.2026;cpc;0,31;;21;1;5,555556;0;0,31;0;0;upmY7MX4C;4260557422014;0,31
at_MarketplaceBooster_Vegavero (Marketplace Seller)_VEGAVERO D-Mannose Complex;620609091;8.5.2026;cpc;0,51;;18;0;0;0;0;0;0;14250640;4260309482747;0
it_CrossSellReRank_Vegavero (Marketplace Seller)_VEGAVERO Griffonia;658296092;8.5.2026;cpc;0,31;;22;0;0;0;0;0;0;upmG7RZLC;4260557423318;0
com_MarketplaceBooster_Vegavero (Marketplace Seller)_VEGAVERO Brewers Yeast;658295767;8.5.2026;cpc;0,51;;18;2;11,111111;0;1,02;0;0;upmKUKGHH;4260557423332;0,51
com_MarketplaceBooster_Vegavero (Marketplace Seller)_VEGAVERO Bockshornklee BIO;620539867;8.5.2026;cpc;0,51;;18;0;0;0;0;0;0;upm7AL3PG;4260557422977;0
com_CrossSellReRank_Vegavero (Marketplace Seller)_VEGAVERO Cholin Trio;643092529;8.5.2026;cpc;0,31;;21;1;5,555556;0;0,31;0;0;upm97PFY9;4260557421826;0,31
at_CrossSellReRank_Vegavero (Marketplace Seller)_VEGAVERO Glycin Pulver;658280145;8.5.2026;cpc;0,31;;25;0;0;0;0;0;0;upmTGWG29;4260557423479;0
at_MarketplaceBooster_Vegavero (Marketplace Seller)_VEGAVERO Sugar Balance Complex;658280124;8.5.2026;cpc;0,51;;18;0;0;0;0;0;0;upmAD4HK4;4260557422403;0
at_MarketplaceBooster_Vegavero (Marketplace Seller)_VEGAVERO L-Tryptophan;625767437;8.5.2026;cpc;0,51;;18;1;5,555556;0;0,51;0;0;14250841;4260309481108;0,51
at_CrossSellReRank_Vegavero (Marketplace Seller)_VEGAVERO Eisen Bisglycinat;643050566;8.5.2026;cpc;0,31;;34;1;5,555556;0;0,31;0;0;14250692;4260309483065;0,31
com_MarketplaceBooster_Vegavero (Marketplace Seller)_VEGAVERO Magnesium + Kalium;617842638;8.5.2026;cpc;1,01;;18;2;11,111111;0;2,02;0;0;upm32MART;4260557420287;1,01
at_CrossSellReRank_Vegavero (Marketplace Seller)_VEGAVERO Prostaid Complex;658727263;8.5.2026;cpc;1,31;;28;0;0;0;0;0;0;upmCEE43U;4260557420515;0
it_CrossSellReRank_Vegavero (Marketplace Seller)_VEGAVERO D Mannosio Complex;658381392;8.5.2026;cpc;0,3;;20;0;0;0;0;0;0;14250640;4260309482747;0
com_CrossSellReRank_Vegavero (Marketplace Seller)_VEGAVERO Vitamin D3+K2 Tropfen;643133550;8.5.2026;cpc;1,21;;19;0;0;0;0;0;0;upmKAXT9Y;4260557422915;0
it_MarketplaceBooster_Vegavero (Marketplace Seller)_VEGAVERO Youth Biotics;658445086;8.5.2026;cpc;1,01;;17;0;0;0;0;0;0;upmW7Y7DL;4260557423462;0
com_MarketplaceBooster_Vegavero (Marketplace Seller)_VEGAVERO Leinsamen?l BIO;629497213;8.5.2026;cpc;0,51;;17;2;11,764706;0;1,02;0;0;upmKU4FAU;4260557422038;0,51
at_MarketplaceBooster_Vegavero (Marketplace Seller)_VEGAVERO Teufelskralle Plus;620605271;8.5.2026;cpc;0,51;;17;0;0;0;0;0;0;upmD3U322;4260557421192;0
at_CrossSellReRank_Vegavero (Marketplace Seller)_VEGAVERO BIO Astaxanthin ?l;658282827;8.5.2026;cpc;0,91;;18;0;0;0;0;0;0;upm7GZX42;4260557423165;0
SOLD_OUT_it_CrossSellReRank_Vegavero (Marketplace Seller)_VEGAVERO Probiotici e Prebiotici Bambini;658445102;8.5.2026;cpc;0,31;;20;0;0;0;0;0;0;14250953;4260557420249;0
com_MarketplaceBooster_Vegavero (Marketplace Seller)_VEGAVERO Roter Reis Plus;620557805;8.5.2026;cpc;0,51;;16;0;0;0;0;0;0;upmDFWTTT;4260557423110;0
at_MarketplaceBooster_Vegavero (Marketplace Seller)_VEGAVERO Elektrolyte Plus;620596596;8.5.2026;cpc;0,51;;16;2;12,5;0;1,02;0;0;upmD23XCL;4260557422823;0,51
SOLD_OUT_com_MarketplaceBooster_Vegavero (Marketplace Seller)_VEGAVERO Vitamin B12 Tropfen;619721768;8.5.2026;cpc;0,51;;16;1;6,25;0;0,51;0;0;upmYRCT9P;4260557422908;0,51
at_MarketplaceBooster_Vegavero (Marketplace Seller)_VEGAVERO Natural Jod BIO;625769489;8.5.2026;cpc;0,51;;16;2;12,5;0;1,02;0;0;14250769;4260557420256;0,51
com_CrossSellReRank_Vegavero (Marketplace Seller)_VEGAVERO Vision Care Complex;658347575;8.5.2026;cpc;0,31;;16;0;0;0;0;0;0;upmWRPTR4;4260557420867;0
it_CrossSellReRank_Vegavero (Marketplace Seller)_VEGAVERO D Mannosio in Polvere;658352462;8.5.2026;cpc;0,31;;16;0;0;0;0;0;0;14250686;4260309481603;0
at_MarketplaceBooster_Vegavero (Marketplace Seller)_VEGAVERO BIO Astaxanthin ?l;620605149;8.5.2026;cpc;1,01;;15;0;0;0;0;0;0;upm7GZX42;4260557423165;0
at_CrossSellReRank_Vegavero (Marketplace Seller)_VEGAVERO Venaflux Complex;658280106;8.5.2026;cpc;1,41;;25;0;0;0;0;0;0;upmKY422A;4260557422212;0
SOLD_OUT_it_CrossSellReRank_Vegavero (Marketplace Seller)_VEGAVERO Tribulus Terrestris;658296416;8.5.2026;cpc;0,31;;22;0;0;0;0;0;0;14251088;4260309481313;0
at_MarketplaceBooster_Vegavero (Marketplace Seller)_VEGAVERO K?rbiskern?l BIO;620605158;8.5.2026;cpc;0,51;;15;1;6,666667;0;0,51;0;0;upmY7MX4C;4260557422014;0,51
SOLD_OUT_com_MarketplaceBooster_Vegavero (Marketplace Seller)_VEGAVERO L-Tyrosin Plus;620537391;8.5.2026;cpc;1,61;;15;3;20;0;4,83;0;0;upm2FC2LC;4260557422885;1,61
it_CrossSellReRank_Vegavero (Marketplace Seller)_VEGAVERO EAA - Aminoacidi Essenziali;649077110;8.5.2026;cpc;1,11;;18;0;0;0;0;0;0;upmGMXXY9;4260557420744;0
it_MarketplaceBooster_Vegavero (Marketplace Seller)_VEGAVERO Ginseng Rosso Coreano;620566091;8.5.2026;cpc;0,51;;14;0;0;0;0;0;0;upm2CZXC9;4260557420140;0
com_MarketplaceBooster_Vegavero (Marketplace Seller)_VEGAVERO Elektrolyte Plus;617842699;8.5.2026;cpc;0,51;;14;1;7,142857;0;0,51;0;0;upmD23XCL;4260557422823;0,51
it_MarketplaceBooster_Vegavero (Marketplace Seller)_VEGAVERO Myo-Inositol Complex;658353199;8.5.2026;cpc;1,51;;14;1;7,142857;0;1,51;0;0;upm7PGM77;4260557421765;1,51
at_MarketplaceBooster_Vegavero (Marketplace Seller)_VEGAVERO OPC Trio;626443283;8.5.2026;cpc;0,51;;14;0;0;0;0;0;0;upmWFGGMG;4260557423097;0
it_CrossSellReRank_Vegavero (Marketplace Seller)_VEGAVERO Salvia BIO;649077205;8.5.2026;cpc;0,31;;19;0;0;0;0;0;0;upmMMLDZE;4260557420966;0
at_MarketplaceBooster_Vegavero (Marketplace Seller)_VEGAVERO Boswellia Extrakt;626438065;8.5.2026;cpc;0,51;;14;1;7,142857;0;0,51;0;0;upmEH2K74;4260557422588;0,51
at_MarketplaceBooster_Vegavero (Marketplace Seller)_VEGAVERO Griffonia Plus;658280152;8.5.2026;cpc;0,51;;14;1;7,142857;0;0,51;0;0;upmHCULGA;4260557422755;0,51
at_MarketplaceBooster_Vegavero (Marketplace Seller)_VEGAVERO Salbei BIO;658280029;8.5.2026;cpc;0,51;;14;0;0;0;0;0;0;upmMMLDZE;4260557420966;0
at_MarketplaceBooster_Vegavero (Marketplace Seller)_VEGAVERO D-Mannose Pulver;620609056;8.5.2026;cpc;0,51;;14;0;0;0;0;0;0;14250686;4260309481603;0
it_CrossSellReRank_Vegavero (Marketplace Seller)_VEGAVERO Vegan Essentials Complex;649088044;8.5.2026;cpc;0,31;;21;0;0;0;0;0;0;upmHHT433;4260557421390;0
at_MarketplaceBooster_Vegavero (Marketplace Seller)_VEGAVERO Vitamin B12 Spray Cherry;620611413;8.5.2026;cpc;0,51;;14;0;0;0;0;0;0;14251102;4260557420027;0
it_CrossSellReRank_Vegavero (Marketplace Seller)_VEGAVERO L-Triptofano;658352473;8.5.2026;cpc;0,31;;21;1;7,142857;0;0,31;0;0;14250841;4260309481108;0,31
it_CrossSellReRank_Vegavero (Marketplace Seller)_VEGAVERO Ginkgo + Ginseng;649102509;8.5.2026;cpc;0,31;;16;0;0;0;0;0;0;upmF3XUHA;4260557422106;0
at_CrossSellReRank_Vegavero (Marketplace Seller)_VEGAVERO Oregano ?l BIO;658280077;8.5.2026;cpc;0,31;;24;0;0;0;0;0;0;upmYCXAL7;4260557421932;0
it_MarketplaceBooster_Vegavero (Marketplace Seller)_VEGAVERO Curcuma BIO;641629765;8.5.2026;cpc;0,51;;13;0;0;0;0;0;0;upm27X4XW;4260557422878;0
at_MarketplaceBooster_Vegavero (Marketplace Seller)_VEGAVERO Lecithin BIO;620605162;8.5.2026;cpc;0,81;;13;0;0;0;0;0;0;upm2HFKPC;4260557422021;0
at_MarketplaceBooster_Vegavero (Marketplace Seller)_VEGAVERO MSM Pulver;620609038;8.5.2026;cpc;1,31;;14;1;7,692308;0;1,31;0;0;upmWCKTTE;4260309481214;1,31
at_MarketplaceBooster_Vegavero (Marketplace Seller)_VEGAVERO Serenity;658280178;8.5.2026;cpc;0,51;;13;0;0;0;0;0;0;upmZFGPHR;4260557422830;0
at_CrossSellReRank_Vegavero (Marketplace Seller)_VEGAVERO Omega-3 ?l;658280058;8.5.2026;cpc;1,31;;18;1;7,692308;0;1,31;0;0;upm9KDWAZ;4260557421383;1,31
it_MarketplaceBooster_Vegavero (Marketplace Seller)_VEGAVERO Boswellia;649114805;8.5.2026;cpc;0,51;;13;0;0;0;0;0;0;upmEH2K74;4260557422588;0
it_MarketplaceBooster_Vegavero (Marketplace Seller)_VEGAVERO Vegan Essentials Complex;641622696;8.5.2026;cpc;0,51;;13;0;0;0;0;0;0;upmHHT433;4260557421390;0
it_CrossSellReRank_Vegavero (Marketplace Seller)_VEGAVERO Enzima della Papaya;658445112;8.5.2026;cpc;0,31;;21;0;0;0;0;0;0;14250930;4260309482648;0
com_CrossSellReRank_Vegavero (Marketplace Seller)_VEGAVERO Bromelain 2500 GDU/g;658347577;8.5.2026;cpc;0,31;;17;0;0;0;0;0;0;upm43HM34;4260557421130;0
it_MarketplaceBooster_Vegavero (Marketplace Seller)_VEGAVERO Astaxantina BIO;620574573;8.5.2026;cpc;0,71;;12;0;0;0;0;0;0;upm7GZX42;4260557423165;0
it_CrossSellReRank_Vegavero (Marketplace Seller)_VEGAVERO Artiglio del Diavolo Plus;649082840;8.5.2026;cpc;0,31;;13;0;0;0;0;0;0;upmD3U322;4260557421192;0
it_CrossSellReRank_Vegavero (Marketplace Seller)_VEGAVERO Olio di semi di Zucca BIO;649099614;8.5.2026;cpc;0,31;;17;0;0;0;0;0;0;upmY7MX4C;4260557422014;0
com_MarketplaceBooster_Vegavero (Marketplace Seller)_VEGAVERO Pro Bio Kulturenkomplex;618496725;8.5.2026;cpc;0,51;;12;0;0;0;0;0;0;14250976;4260557420034;0
it_CrossSellReRank_Vegavero (Marketplace Seller)_VEGAVERO Cannella Ceylon BIO;649115454;8.5.2026;cpc;0,31;;14;0;0;0;0;0;0;upmW9KKTG;4260557422618;0
it_CrossSellReRank_Vegavero (Marketplace Seller)_VEGAVERO Vitamina B3 Nicotinamide;649112226;8.5.2026;cpc;0,31;;15;0;0;0;0;0;0;upmKKE3R2;4260557422526;0
at_CrossSellReRank_Vegavero (Marketplace Seller)_VEGAVERO MSM Pulver;658279946;8.5.2026;cpc;0,91;;23;0;0;0;0;0;0;upmWCKTTE;4260309481214;0
at_MarketplaceBooster_Vegavero (Marketplace Seller)_VEGAVERO BIO Mushroom Mix;625774145;8.5.2026;cpc;0,51;;12;0;0;0;0;0;0;upmALDCEH;4260557423028;0
com_MarketplaceBooster_Vegavero (Marketplace Seller)_VEGAVERO Multivitamin Spray Junior;649171519;8.5.2026;cpc;0,51;;12;2;16,666667;0;1,02;0;0;upm9ZTF3H;4260557421178;0,51
SOLD_OUT_com_MarketplaceBooster_Vegavero (Marketplace Seller)_VEGAVERO Pro Bio Kids BIO;618496726;8.5.2026;cpc;0,51;;14;0;0;0;0;0;0;14250953;4260557420249;0
it_MarketplaceBooster_Vegavero (Marketplace Seller)_VEGAVERO Caffeina;641650370;8.5.2026;cpc;0,51;;12;0;0;0;0;0;0;upm4XZRWY;4260557423127;0
at_MarketplaceBooster_Vegavero (Marketplace Seller)_VEGAVERO Glycin Pulver;658280142;8.5.2026;cpc;0,51;;12;0;0;0;0;0;0;upmR9H4DE;4260557422595;0
com_CrossSellReRank_Vegavero (Marketplace Seller)_VEGAVERO Roter Reis Plus;643136807;8.5.2026;cpc;0,31;;12;1;8,333333;0;0,31;0;0;upmDFWTTT;4260557423110;0,31
com_MarketplaceBooster_Vegavero (Marketplace Seller)_VEGAVERO Bromelain 2400 GDU/g;619684531;8.5.2026;cpc;0,51;;11;0;0;0;0;0;0;upm43HM34;4260557421130;0
com_CrossSellReRank_Vegavero (Marketplace Seller)_VEGAVERO MSM Pulver;643233362;8.5.2026;cpc;0,61;;18;0;0;0;0;0;0;upmWCKTTE;4260309481214;0
com_CrossSellReRank_Vegavero (Marketplace Seller)_VEGAVERO Psyllium BIO;658295762;8.5.2026;cpc;0,31;;17;0;0;0;0;0;0;upmERYMM3;4260557423295;0
com_MarketplaceBooster_Vegavero (Marketplace Seller)_VEGAVERO Lecithin BIO;652876638;8.5.2026;cpc;1,41;;11;1;9,090909;0;1,41;0;0;upm2HFKPC;4260557422021;1,41
com_MarketplaceBooster_Vegavero (Marketplace Seller)_VEGAVERO Hagebutte BIO;619682810;8.5.2026;cpc;0,51;;11;0;0;0;0;0;0;upmWRWWCG;4260557421048;0
com_CrossSellReRank_Vegavero (Marketplace Seller)_VEGAVERO MSM Pulver;643233340;8.5.2026;cpc;0,31;;17;0;0;0;0;0;0;upmWCKTTE;4260309481214;0
com_CrossSellReRank_Vegavero (Marketplace Seller)_VEGAVERO Magnesium Bisglycinat;643231145;8.5.2026;cpc;1,41;;14;0;0;0;0;0;0;upmX4LT4H;4260557423257;0
com_CrossSellReRank_Vegavero (Marketplace Seller)_VEGAVERO Brewers Yeast;658295768;8.5.2026;cpc;0,31;;12;0;0;0;0;0;0;upmKUKGHH;4260557423332;0
com_CrossSellReRank_Vegavero (Marketplace Seller)_VEGAVERO L-Tryptophan;643237471;8.5.2026;cpc;0,31;;15;0;0;0;0;0;0;14250841;4260309481108;0
it_CrossSellReRank_Vegavero (Marketplace Seller)_VEGAVERO Resveratrolo Plus;649077189;8.5.2026;cpc;0,31;;12;0;0;0;0;0;0;upmGDDD7G;4260557420805;0
it_CrossSellReRank_Vegavero (Marketplace Seller)_VEGAVERO Glicina in Polvere;658334363;8.5.2026;cpc;0,31;;17;0;0;0;0;0;0;upmR9H4DE;4260557422595;0
SOLD_OUT_it_CrossSellReRank_Vegavero (Marketplace Seller)_VEGAVERO Vitamina B12 gocce;649144392;8.5.2026;cpc;0,31;;15;0;0;0;0;0;0;upmYRCT9P;4260557422908;0
at_CrossSellReRank_Vegavero (Marketplace Seller)_VEGAVERO Myo-Inositol Complex;658280066;8.5.2026;cpc;1,21;;18;0;0;0;0;0;0;upm7PGM77;4260557421765;0
SOLD_OUT_at_MarketplaceBooster_Vegavero (Marketplace Seller)_VEGAVERO Taurin Plus;626442685;8.5.2026;cpc;0,51;;11;0;0;0;0;0;0;upmXXW9XA;4260557423059;0
at_MarketplaceBooster_Vegavero (Marketplace Seller)_VEGAVERO Colon Care Complex;625767929;8.5.2026;cpc;0,51;;11;1;9,090909;0;0,51;0;0;14250605;4260557420201;0,51
com_MarketplaceBooster_Vegavero (Marketplace Seller)_VEGAVERO L-Glutamin Pulver;620565039;8.5.2026;cpc;0,51;;11;1;9,090909;0;0,51;0;0;upmUPTFMH;4260557423233;0,51
com_CrossSellReRank_Vegavero (Marketplace Seller)_VEGAVERO Glycin Pulver;658347520;8.5.2026;cpc;0,31;;11;0;0;0;0;0;0;upmTGWG29;4260557423479;0
SOLD_OUT_it_CrossSellReRank_Vegavero (Marketplace Seller)_VEGAVERO Guggul;649077297;8.5.2026;cpc;0,31;;15;0;0;0;0;0;0;upmT99EZK;4260557421123;0
com_MarketplaceBooster_Vegavero (Marketplace Seller)_VEGAVERO Zimt Extrakt BIO;619661041;8.5.2026;cpc;0,51;;10;0;0;0;0;0;0;upmW9KKTG;4260557422618;0
it_MarketplaceBooster_Vegavero (Marketplace Seller)_VEGAVERO BCAA in Polvere;658381388;8.5.2026;cpc;1,01;;10;0;0;0;0;0;0;upmWWWMYX;4260557423523;0
com_MarketplaceBooster_Vegavero (Marketplace Seller)_VEGAVERO Vision Care Complex;619678178;8.5.2026;cpc;0,51;;10;0;0;0;0;0;0;upmWRPTR4;4260557420867;0
at_CrossSellReRank_Vegavero (Marketplace Seller)_VEGAVERO D-Mannose Complex;643049572;8.5.2026;cpc;0,31;;14;0;0;0;0;0;0;14250640;4260309482747;0
it_MarketplaceBooster_Vegavero (Marketplace Seller)_VEGAVERO Liver Active Complex;658445099;8.5.2026;cpc;1,01;;10;1;10;0;1,01;0;0;14250812;4260557420188;1,01
at_MarketplaceBooster_Vegavero (Marketplace Seller)_VEGAVERO Sun Care Complex;658280011;8.5.2026;cpc;0,51;;10;2;20;0;1,02;0;0;upm7C9XR2;4260557420836;0,51
at_CrossSellReRank_Vegavero (Marketplace Seller)_VEGAVERO Teufelskralle Plus;658280050;8.5.2026;cpc;0,31;;15;0;0;0;0;0;0;upmD3U322;4260557421192;0
it_CrossSellReRank_Vegavero (Marketplace Seller)_VEGAVERO Biancospino BIO;649076903;8.5.2026;cpc;0,31;;10;0;0;0;0;0;0;upmXW7KXD;4260557420720;0
it_CrossSellReRank_Vegavero (Marketplace Seller)_VEGAVERO Boswellia;649114866;8.5.2026;cpc;0,31;;11;0;0;0;0;0;0;upmEH2K74;4260557422588;0
com_CrossSellReRank_Vegavero (Marketplace Seller)_VEGAVERO Vitamin B12 Spray Junior;643093986;8.5.2026;cpc;0,31;;13;1;10;0;0,31;0;0;upm3RXHUC;4260557422229;0,31
at_MarketplaceBooster_Vegavero (Marketplace Seller)_VEGAVERO Astaxanthin ?l;620605150;8.5.2026;cpc;0,51;;10;0;0;0;0;0;0;upmYPTY2W;4260557421925;0
com_CrossSellReRank_Vegavero (Marketplace Seller)_VEGAVERO Echinacea Plus;643137759;8.5.2026;cpc;0,31;;15;0;0;0;0;0;0;upmPHKX9F;4260557423141;0
com_MarketplaceBooster_Vegavero (Marketplace Seller)_VEGAVERO Cholin Bitartrat;658347145;8.5.2026;cpc;1,01;;10;0;0;0;0;0;0;upmU9FP9M;4260557423325;0
it_MarketplaceBooster_Vegavero (Marketplace Seller)_VEGAVERO Cumino Nero BIO;658352477;8.5.2026;cpc;0,51;;10;2;20;0;1,02;0;0;upmEUZ9F7;4260557421376;0,51
com_CrossSellReRank_Vegavero (Marketplace Seller)_VEGAVERO Saccharomyces boulardii;643093285;8.5.2026;cpc;0,31;;12;0;0;0;0;0;0;upmWDER3T;4260557421949;0
at_MarketplaceBooster_Vegavero (Marketplace Seller)_VEGAVERO Bockshornklee BIO;626442445;8.5.2026;cpc;0,51;;10;1;10;0;0,51;0;0;upm7AL3PG;4260557422977;0,51
at_MarketplaceBooster_Vegavero (Marketplace Seller)_VEGAVERO Nattokinase;626443809;8.5.2026;cpc;0,51;;10;1;10;0;0,51;0;0;upm2ZL4CL;4260557423264;0,51
com_CrossSellReRank_Vegavero (Marketplace Seller)_VEGAVERO Myo-Inositol Complex;658295458;8.5.2026;cpc;1,11;;12;0;0;0;0;0;0;upm7PGM77;4260557421765;0
com_MarketplaceBooster_Vegavero (Marketplace Seller)_VEGAVERO Party Hero;653854277;8.5.2026;cpc;0,51;;10;0;0;0;0;0;0;upmFACEA7;4260557423356;0
at_CrossSellReRank_Vegavero (Marketplace Seller)_VEGAVERO L-Tryptophan;658279974;8.5.2026;cpc;0,31;;18;0;0;0;0;0;0;14250841;4260309481108;0
com_CrossSellReRank_Vegavero (Marketplace Seller)_VEGAVERO Glucosamin Complex;643088059;8.5.2026;cpc;0,31;;13;0;0;0;0;0;0;upmTYL3Y7;4260557420737;0
at_MarketplaceBooster_Vegavero (Marketplace Seller)_VEGAVERO Rosskastanie Plus BIO;658295840;8.5.2026;cpc;1,21;;9;0;0;0;0;0;0;upmUR4ZK4;4260557421239;0
com_MarketplaceBooster_Vegavero (Marketplace Seller)_VEGAVERO MSM Pulver DOSE;619660893;8.5.2026;cpc;1,01;;10;0;0;0;0;0;0;upmTLUPGT;4260309483881;0
at_CrossSellReRank_Vegavero (Marketplace Seller)_VEGAVERO Chlorella BIO + Spirulina BIO;643057141;8.5.2026;cpc;0,31;;14;1;11,111111;0;0,31;0;0;14250597;4260309484185;0,31
it_CrossSellReRank_Vegavero (Marketplace Seller)_VEGAVERO Caffeina;649151028;8.5.2026;cpc;0,31;;9;0;0;0;0;0;0;upm4XZRWY;4260557423127;0
at_MarketplaceBooster_Vegavero (Marketplace Seller)_VEGAVERO Moringa BIO;620604770;8.5.2026;cpc;1,41;;9;0;0;0;0;0;0;14250893;4260309481115;0
SOLD_OUT_at_CrossSellReRank_Vegavero (Marketplace Seller)_VEGAVERO Beta Carotin Plus ?l;658280127;8.5.2026;cpc;0,31;;20;0;0;0;0;0;0;upmGPMUEM;4260557422427;0
SOLD_OUT_at_CrossSellReRank_Vegavero (Marketplace Seller)_VEGAVERO Vegan Collagen+Hyaluronic Acid;658347624;8.5.2026;cpc;1,21;;16;0;0;0;0;0;0;upmK3CG99;4260557422656;0
it_MarketplaceBooster_Vegavero (Marketplace Seller)_VEGAVERO Origano BIO;641622706;8.5.2026;cpc;0,51;;9;1;11,111111;0;0,51;0;0;upmYCXAL7;4260557421932;0,51
it_MarketplaceBooster_Vegavero (Marketplace Seller)_VEGAVERO EAA - Aminoacidi Essenziali;620567252;8.5.2026;cpc;1,11;;9;0;0;0;0;0;0;upmGMXXY9;4260557420744;0
at_CrossSellReRank_Vegavero (Marketplace Seller)_VEGAVERO Light Legs Complex;658347598;8.5.2026;cpc;0,31;;16;0;0;0;0;0;0;upmD7EWMP;4260557420454;0
SOLD_OUT_at_MarketplaceBooster_Vegavero (Marketplace Seller)_VEGAVERO Vitamin B12 Tropfen;620608016;8.5.2026;cpc;0,51;;9;0;0;0;0;0;0;upmYRCT9P;4260557422908;0
com_CrossSellReRank_Vegavero (Marketplace Seller)_VEGAVERO Sugar Balance Complex;652861490;8.5.2026;cpc;0,31;;12;0;0;0;0;0;0;upmAD4HK4;4260557422403;0
com_MarketplaceBooster_Vegavero (Marketplace Seller)_VEGAVERO Zimt-Ceylon Extrakt;619660976;8.5.2026;cpc;0,51;;9;0;0;0;0;0;0;14251208;4260557420164;0
com_MarketplaceBooster_Vegavero (Marketplace Seller)_VEGAVERO Boswellia Extrakt;620528799;8.5.2026;cpc;0,51;;9;0;0;0;0;0;0;upmEH2K74;4260557422588;0
com_CrossSellReRank_Vegavero (Marketplace Seller)_VEGAVERO Prostaid Complex;658727269;8.5.2026;cpc;1,31;;13;1;11,111111;0;1,31;0;0;upmCEE43U;4260557420515;1,31
com_MarketplaceBooster_Vegavero (Marketplace Seller)_VEGAVERO L-Tryptophan;619660835;8.5.2026;cpc;2,02;;9;0;0;0;0;0;0;14250841;4260309481108;0
it_CrossSellReRank_Vegavero (Marketplace Seller)_VEGAVERO Creatina in Polvere;658331599;8.5.2026;cpc;0,31;;15;0;0;0;0;0;0;upmFRZEFX;4260557423226;0
it_MarketplaceBooster_Vegavero (Marketplace Seller)_VEGAVERO MSM;620565773;8.5.2026;cpc;1,01;;9;0;0;0;0;0;0;upmWCKTTE;4260309481214;0
SOLD_OUT_at_CrossSellReRank_Vegavero (Marketplace Seller)_VEGAVERO L-Tyrosin Plus;658280164;8.5.2026;cpc;0,31;;20;0;0;0;0;0;0;upm2FC2LC;4260557422885;0
at_MarketplaceBooster_Vegavero (Marketplace Seller)_VEGAVERO MSM Pulver DOSE;658279977;8.5.2026;cpc;1,01;;9;0;0;0;0;0;0;upmTLUPGT;4260309483881;0
com_MarketplaceBooster_Vegavero (Marketplace Seller)_VEGAVERO Moringa BIO;628844146;8.5.2026;cpc;1,31;;9;0;0;0;0;0;0;14250893;4260309481115;0
it_MarketplaceBooster_Vegavero (Marketplace Seller)_VEGAVERO Salvia BIO;641651421;8.5.2026;cpc;0,51;;9;0;0;0;0;0;0;upmMMLDZE;4260557420966;0
at_CrossSellReRank_Vegavero (Marketplace Seller)_VEGAVERO Rhodiola rosea Extrakt;658279979;8.5.2026;cpc;0,31;;12;0;0;0;0;0;0;14251036;4260557420102;0
com_MarketplaceBooster_Vegavero (Marketplace Seller)_VEGAVERO Astragalus BIO;625748178;8.5.2026;cpc;1,01;;9;1;12,5;0;1,01;0;0;upmCGKMCH;4260557421222;1,01
it_MarketplaceBooster_Vegavero (Marketplace Seller)_VEGAVERO Ippocastano BIO Plus;620572890;8.5.2026;cpc;0,51;;8;0;0;0;0;0;0;upmUR4ZK4;4260557421239;0
at_MarketplaceBooster_Vegavero (Marketplace Seller)_VEGAVERO Zimt Extrakt BIO;625767692;8.5.2026;cpc;0,51;;8;0;0;0;0;0;0;upmW9KKTG;4260557422618;0
it_MarketplaceBooster_Vegavero (Marketplace Seller)_VEGAVERO OPC Trio;641650064;8.5.2026;cpc;0,51;;8;0;0;0;0;0;0;upmWFGGMG;4260557423097;0
at_CrossSellReRank_Vegavero (Marketplace Seller)_VEGAVERO Drenaflux Complex;658295889;8.5.2026;cpc;0,31;;10;0;0;0;0;0;0;upm2XGYDU;4260557422489;0
at_MarketplaceBooster_Vegavero (Marketplace Seller)_VEGAVERO Youth Biotics;658445045;8.5.2026;cpc;1,01;;8;0;0;0;0;0;0;upmW7Y7DL;4260557423462;0
it_MarketplaceBooster_Vegavero (Marketplace Seller)_VEGAVERO Rhodiola Rosea;658445090;8.5.2026;cpc;1,01;;8;1;12,5;0;1,01;0;0;14251036;4260557420102;1,01
com_MarketplaceBooster_Vegavero (Marketplace Seller)_VEGAVERO Griffonia;658283046;8.5.2026;cpc;1,51;;8;0;0;0;0;0;0;upmG7RZLC;4260557423318;0
at_CrossSellReRank_Vegavero (Marketplace Seller)_VEGAVERO K?rbiskern?l BIO;658280089;8.5.2026;cpc;0,31;;14;0;0;0;0;0;0;upmY7MX4C;4260557422014;0
it_CrossSellReRank_Vegavero (Marketplace Seller)_VEGAVERO Glucosamin Complex;649076940;8.5.2026;cpc;0,31;;14;0;0;0;0;0;0;upmTYL3Y7;4260557420737;0
com_CrossSellReRank_Vegavero (Marketplace Seller)_VEGAVERO Vitamin B12 Spray Cherry;643079936;8.5.2026;cpc;0,31;;13;0;0;0;0;0;0;14251102;4260557420027;0
at_MarketplaceBooster_Vegavero (Marketplace Seller)_VEGAVERO Vitamin C liposomal;626439698;8.5.2026;cpc;0,51;;8;0;0;0;0;0;0;upm77WEEP;4260557422786;0
at_MarketplaceBooster_Vegavero (Marketplace Seller)_VEGAVERO BCAA Pulver Mango;658445037;8.5.2026;cpc;1,01;;8;0;0;0;0;0;0;upmWWWMYX;4260557423523;0
SOLD_OUT_at_CrossSellReRank_Vegavero (Marketplace Seller)_VEGAVERO Pro Bio Kids BIO;658279986;8.5.2026;cpc;0,31;;11;0;0;0;0;0;0;14250953;4260557420249;0
com_CrossSellReRank_Vegavero (Marketplace Seller)_VEGAVERO Mariendistel Plus;652868608;8.5.2026;cpc;0,31;;14;0;0;0;0;0;0;upmR9H2HU;4260557422892;0
com_CrossSellReRank_Vegavero (Marketplace Seller)_VEGAVERO Shilajit Mumijo;643092358;8.5.2026;cpc;0,31;;8;0;0;0;0;0;0;upmR33A3P;4260557421406;0
com_MarketplaceBooster_Vegavero (Marketplace Seller)_VEGAVERO Chrom Plus;627595667;8.5.2026;cpc;0,51;;8;0;0;0;0;0;0;upmL7ZDD2;4260557422946;0
it_CrossSellReRank_Vegavero (Marketplace Seller)_VEGAVERO Ferro;658331759;8.5.2026;cpc;0,31;;8;0;0;0;0;0;0;14250692;4260309483065;0
it_MarketplaceBooster_Vegavero (Marketplace Seller)_VEGAVERO Zenzero BIO;658353196;8.5.2026;cpc;0,51;;8;1;12,5;0;0,51;0;0;upmPX4TPU;4260557420386;0,51
at_MarketplaceBooster_Vegavero (Marketplace Seller)_VEGAVERO Curcuma BIO;626440031;8.5.2026;cpc;0,51;;8;0;0;0;0;0;0;upm27X4XW;4260557422878;0
at_CrossSellReRank_Vegavero (Marketplace Seller)_VEGAVERO Rosskastanie Plus BIO;658295841;8.5.2026;cpc;0,51;;11;0;0;0;0;0;0;upmUR4ZK4;4260557421239;0
at_CrossSellReRank_Vegavero (Marketplace Seller)_VEGAVERO Vision Care Complex;658347600;8.5.2026;cpc;0,31;;14;0;0;0;0;0;0;upmWRPTR4;4260557420867;0
at_MarketplaceBooster_Vegavero (Marketplace Seller)_VEGAVERO Apple Cider Vinegar;626443800;8.5.2026;cpc;0,51;;8;0;0;0;0;0;0;upmUTDZP9;4260557423158;0
it_CrossSellReRank_Vegavero (Marketplace Seller)_VEGAVERO Multivitamino Spray per Bambini;649081621;8.5.2026;cpc;0,31;;17;0;0;0;0;0;0;upm9ZTF3H;4260557421178;0
it_CrossSellReRank_Vegavero (Marketplace Seller)_VEGAVERO Cordyceps Sinensis BIO;649146937;8.5.2026;cpc;0,31;;11;0;0;0;0;0;0;upmTG77MW;4260557422991;0
at_CrossSellReRank_Vegavero (Marketplace Seller)_VEGAVERO Party Hero;658283021;8.5.2026;cpc;0,31;;10;2;25;0;0,62;0;0;upmFACEA7;4260557423356;0,31
at_MarketplaceBooster_Vegavero (Marketplace Seller)_VEGAVERO L-Glutamin Pulver;626443805;8.5.2026;cpc;0,51;;8;0;0;0;0;0;0;upmUPTFMH;4260557423233;0
at_MarketplaceBooster_Vegavero (Marketplace Seller)_VEGAVERO Echinacea Plus;626443785;8.5.2026;cpc;0,51;;8;0;0;0;0;0;0;upmPHKX9F;4260557423141;0
com_MarketplaceBooster_Vegavero (Marketplace Seller)_VEGAVERO Rapunzel;658295813;8.5.2026;cpc;0,51;;8;0;0;0;0;0;0;upmDUFHFK;4260557423134;0
com_CrossSellReRank_Vegavero (Marketplace Seller)_VEGAVERO Magnesium + Kalium;643084952;8.5.2026;cpc;0,31;;9;0;0;0;0;0;0;upm32MART;4260557420287;0
com_MarketplaceBooster_Vegavero (Marketplace Seller)_VEGAVERO Rosskastanie Plus BIO;619708788;8.5.2026;cpc;1,31;;7;1;14,285714;0;1,31;0;0;upmUR4ZK4;4260557421239;1,31
SOLD_OUT_at_MarketplaceBooster_Vegavero (Marketplace Seller)_VEGAVERO L-Tyrosin Plus;626440758;8.5.2026;cpc;0,81;;7;0;0;0;0;0;0;upm2FC2LC;4260557422885;0
com_CrossSellReRank_Vegavero (Marketplace Seller)_VEGAVERO BCAA Pulver Mango;658445062;8.5.2026;cpc;0,31;;8;0;0;0;0;0;0;upmWWWMYX;4260557423523;0
com_MarketplaceBooster_Vegavero (Marketplace Seller)_VEGAVERO Echinacea Plus;620564961;8.5.2026;cpc;0,51;;7;1;14,285714;0;0,51;0;0;upmPHKX9F;4260557423141;0,51
com_MarketplaceBooster_Vegavero (Marketplace Seller)_VEGAVERO Salbei BIO;619682278;8.5.2026;cpc;0,51;;7;0;0;0;0;0;0;upmMMLDZE;4260557420966;0
com_MarketplaceBooster_Vegavero (Marketplace Seller)_VEGAVERO Light Legs Complex;658347560;8.5.2026;cpc;1,01;;7;1;14,285714;0;1,01;0;0;upmD7EWMP;4260557420454;1,01
it_CrossSellReRank_Vegavero (Marketplace Seller)_VEGAVERO Olio di Semi di Chia;649117677;8.5.2026;cpc;0,31;;15;0;0;0;0;0;0;upmK7YWLD;4260557422649;0
com_MarketplaceBooster_Vegavero (Marketplace Seller)_VEGAVERO Mushroom Mix Complex;620546918;8.5.2026;cpc;0,51;;7;0;0;0;0;0;0;upm4XDXPR;4260557422045;0
com_MarketplaceBooster_Vegavero (Marketplace Seller)_VEGAVERO BCAA Pulver Mango;658445052;8.5.2026;cpc;2,01;;7;1;14,285714;0;2,01;0;0;upmWWWMYX;4260557423523;2,01
it_CrossSellReRank_Vegavero (Marketplace Seller)_VEGAVERO Nattokinase;649160527;8.5.2026;cpc;0,31;;10;0;0;0;0;0;0;upm2ZL4CL;4260557423264;0
at_CrossSellReRank_Vegavero (Marketplace Seller)_VEGAVERO Glycin Pulver;658280144;8.5.2026;cpc;0,31;;10;0;0;0;0;0;0;upmR9H4DE;4260557422595;0
at_MarketplaceBooster_Vegavero (Marketplace Seller)_VEGAVERO Chlorella BIO + Spirulina BIO;620611807;8.5.2026;cpc;0,51;;7;0;0;0;0;0;0;14250597;4260309484185;0
com_CrossSellReRank_Vegavero (Marketplace Seller)_VEGAVERO Keto Power;658283043;8.5.2026;cpc;0,31;;11;0;0;0;0;0;0;upmP77L3M;4260557423288;0
com_MarketplaceBooster_Vegavero (Marketplace Seller)_VEGAVERO Mariendistel Plus;652868156;8.5.2026;cpc;1,01;;7;1;14,285714;0;1,01;0;0;upmR9H2HU;4260557422892;1,01
it_MarketplaceBooster_Vegavero (Marketplace Seller)_VEGAVERO Cardo Mariano;620565790;8.5.2026;cpc;1,01;;7;0;0;0;0;0;0;upmGMGWYP;4260309481979;0
it_MarketplaceBooster_Vegavero (Marketplace Seller)_VEGAVERO Shilajit Mumijo;626452031;8.5.2026;cpc;0,51;;7;0;0;0;0;0;0;upmR33A3P;4260557421406;0
at_CrossSellReRank_Vegavero (Marketplace Seller)_VEGAVERO Moringa BIO;658725473;8.5.2026;cpc;1,01;;8;0;0;0;0;0;0;14250893;4260309481115;0
it_CrossSellReRank_Vegavero (Marketplace Seller)_VEGAVERO Colon Care Complex;658353192;8.5.2026;cpc;0,31;;7;0;0;0;0;0;0;14250605;4260557420201;0
it_CrossSellReRank_Vegavero (Marketplace Seller)_VEGAVERO L-Glutammina in Polvere;649158096;8.5.2026;cpc;0,31;;8;0;0;0;0;0;0;upmUPTFMH;4260557423233;0
at_MarketplaceBooster_Vegavero (Marketplace Seller)_VEGAVERO Ashwagandha BIO;625771655;8.5.2026;cpc;0,51;;7;0;0;0;0;0;0;upmUPLLZH;4260557420676;0
com_CrossSellReRank_Vegavero (Marketplace Seller)_VEGAVERO Vitamin B3 (Nicotinamid);643089676;8.5.2026;cpc;0,51;;10;0;0;0;0;0;0;upmUEXHE2;4260557420850;0
com_CrossSellReRank_Vegavero (Marketplace Seller)_VEGAVERO Light Legs Complex;658347562;8.5.2026;cpc;0,31;;7;0;0;0;0;0;0;upmD7EWMP;4260557420454;0
it_CrossSellReRank_Vegavero (Marketplace Seller)_VEGAVERO Echinacea Plus;649151902;8.5.2026;cpc;0,31;;15;0;0;0;0;0;0;upmPHKX9F;4260557423141;0
com_MarketplaceBooster_Vegavero (Marketplace Seller)_VEGAVERO Cholin Trio;618496729;8.5.2026;cpc;1,01;;7;1;14,285714;0;1,01;0;0;upm97PFY9;4260557421826;1,01
com_CrossSellReRank_Vegavero (Marketplace Seller)_VEGAVERO Glucosamin Plus;658347224;8.5.2026;cpc;0,31;;7;0;0;0;0;0;0;upmKWW3MD;4260557423349;0
it_CrossSellReRank_Vegavero (Marketplace Seller)_VEGAVERO Fieno Greco BIO;649146229;8.5.2026;cpc;0,31;;8;1;16,666667;0;0,31;0;0;upm7AL3PG;4260557422977;0,31
com_MarketplaceBooster_Vegavero (Marketplace Seller)_VEGAVERO Quercetin Komplex;658469903;8.5.2026;cpc;1,01;;6;0;0;0;0;0;0;upmF2AFXC;4260557423509;0
com_CrossSellReRank_Vegavero (Marketplace Seller)_VEGAVERO Schwarzk?mmel?l BIO;658295948;8.5.2026;cpc;0,71;;11;0;0;0;0;0;0;upmEUZ9F7;4260557421376;0
com_CrossSellReRank_Vegavero (Marketplace Seller)_VEGAVERO Glycin Pulver;658295818;8.5.2026;cpc;0,31;;8;0;0;0;0;0;0;upmR9H4DE;4260557422595;0
it_CrossSellReRank_Vegavero (Marketplace Seller)_VEGAVERO Astragalo BIO;649084562;8.5.2026;cpc;0,31;;6;0;0;0;0;0;0;upmCGKMCH;4260557421222;0
at_MarketplaceBooster_Vegavero (Marketplace Seller)_VEGAVERO Shiitake Extrakt;658280086;8.5.2026;cpc;0,51;;6;0;0;0;0;0;0;upmZ7P4AX;4260557421970;0
com_CrossSellReRank_Vegavero (Marketplace Seller)_VEGAVERO Nachtkerzen und Borretsch?l BIO;643092372;8.5.2026;cpc;0,31;;11;0;0;0;0;0;0;upm7KTFPH;4260557421420;0
at_MarketplaceBooster_Vegavero (Marketplace Seller)_VEGAVERO Quercetin Komplex;658445034;8.5.2026;cpc;1,01;;6;0;0;0;0;0;0;upmF2AFXC;4260557423509;0
it_MarketplaceBooster_Vegavero (Marketplace Seller)_VEGAVERO Mushroom Mix Complex;641622719;8.5.2026;cpc;0,51;;6;1;16,666667;0;0,51;0;0;upm4XDXPR;4260557422045;0,51
at_CrossSellReRank_Vegavero (Marketplace Seller)_VEGAVERO Hyaluronsaeure;643052787;8.5.2026;cpc;0,31;;9;0;0;0;0;0;0;upmPMLEP9;4260557423103;0
com_CrossSellReRank_Vegavero (Marketplace Seller)_VEGAVERO Moringa BIO;642560128;8.5.2026;cpc;1,41;;10;0;0;0;0;0;0;14250893;4260309481115;0
com_CrossSellReRank_Vegavero (Marketplace Seller)_VEGAVERO Leinsamen?l BIO;643093628;8.5.2026;cpc;0,31;;6;0;0;0;0;0;0;upmKU4FAU;4260557422038;0
at_CrossSellReRank_Vegavero (Marketplace Seller)_VEGAVERO Strong Bones;658283006;8.5.2026;cpc;0,31;;8;0;0;0;0;0;0;upmAP9MLM;4260557423301;0
at_MarketplaceBooster_Vegavero (Marketplace Seller)_VEGAVERO Zimt-Ceylon Extrakt;625767691;8.5.2026;cpc;0,51;;6;0;0;0;0;0;0;14251208;4260557420164;0
at_MarketplaceBooster_Vegavero (Marketplace Seller)_VEGAVERO Vision Care Complex;658347599;8.5.2026;cpc;0,51;;6;0;0;0;0;0;0;upmWRPTR4;4260557420867;0
com_MarketplaceBooster_Vegavero (Marketplace Seller)_VEGAVERO Sugar Balance Complex;652859174;8.5.2026;cpc;0,51;;6;1;16,666667;0;0,51;0;0;upmAD4HK4;4260557422403;0,51
com_CrossSellReRank_Vegavero (Marketplace Seller)_VEGAVERO Papaya Enzym;643094177;8.5.2026;cpc;0,31;;8;0;0;0;0;0;0;14250930;4260309482648;0
it_MarketplaceBooster_Vegavero (Marketplace Seller)_VEGAVERO Magnesio + Potassio;620566099;8.5.2026;cpc;0,51;;6;2;33,333333;0;1,02;0;0;upm32MART;4260557420287;0,51
it_MarketplaceBooster_Vegavero (Marketplace Seller)_VEGAVERO L-Glutammina in Polvere;649157245;8.5.2026;cpc;0,51;;6;1;16,666667;0;0,51;0;0;upmUPTFMH;4260557423233;0,51
it_CrossSellReRank_Vegavero (Marketplace Seller)_VEGAVERO Colina;649091299;8.5.2026;cpc;0,31;;8;0;0;0;0;0;0;upm97PFY9;4260557421826;0
com_CrossSellReRank_Vegavero (Marketplace Seller)_VEGAVERO Ackerschachtelhalm BIO;643090788;8.5.2026;cpc;0,31;;12;0;0;0;0;0;0;upmDKAWH3;4260557421307;0
com_MarketplaceBooster_Vegavero (Marketplace Seller)_VEGAVERO Nattokinase;620565077;8.5.2026;cpc;0,51;;6;0;0;0;0;0;0;upm2ZL4CL;4260557423264;0
it_CrossSellReRank_Vegavero (Marketplace Seller)_VEGAVERO Glucomammano BIO;649158747;8.5.2026;cpc;0,31;;8;0;0;0;0;0;0;upmLXEUT7;4260557423240;0
com_CrossSellReRank_Vegavero (Marketplace Seller)_VEGAVERO Multivitamin Spray Junior;643089899;8.5.2026;cpc;0,31;;7;0;0;0;0;0;0;upm9ZTF3H;4260557421178;0
it_CrossSellReRank_Vegavero (Marketplace Seller)_VEGAVERO MSM;658352467;8.5.2026;cpc;0,61;;7;0;0;0;0;0;0;upmTLUPGT;4260309483881;0
at_MarketplaceBooster_Vegavero (Marketplace Seller)_VEGAVERO Mushroom Mix Complex;625773721;8.5.2026;cpc;0,51;;6;0;0;0;0;0;0;upm4XDXPR;4260557422045;0
com_CrossSellReRank_Vegavero (Marketplace Seller)_VEGAVERO Cordyceps Extrakt;658347557;8.5.2026;cpc;0,31;;8;0;0;0;0;0;0;14250611;4260309483218;0
it_CrossSellReRank_Vegavero (Marketplace Seller)_VEGAVERO BCAA in Polvere;658381389;8.5.2026;cpc;0,61;;6;0;0;0;0;0;0;upmWWWMYX;4260557423523;0
it_CrossSellReRank_Vegavero (Marketplace Seller)_VEGAVERO Party Hero;658331705;8.5.2026;cpc;0,31;;14;0;0;0;0;0;0;upmFACEA7;4260557423356;0
at_CrossSellReRank_Vegavero (Marketplace Seller)_VEGAVERO OPC Trio;658282816;8.5.2026;cpc;0,31;;8;0;0;0;0;0;0;upmWFGGMG;4260557423097;0
com_MarketplaceBooster_Vegavero (Marketplace Seller)_VEGAVERO Psyllium BIO;658295759;8.5.2026;cpc;0,51;;6;0;0;0;0;0;0;upmERYMM3;4260557423295;0
it_MarketplaceBooster_Vegavero (Marketplace Seller)_VEGAVERO EAA in Polvere;658381330;8.5.2026;cpc;1,01;;5;0;0;0;0;0;0;upmP94YR7;4260557423530;0
at_MarketplaceBooster_Vegavero (Marketplace Seller)_VEGAVERO Mariendistel Plus;658280173;8.5.2026;cpc;0,51;;5;0;0;0;0;0;0;upmR9H2HU;4260557422892;0
it_MarketplaceBooster_Vegavero (Marketplace Seller)_VEGAVERO Boswellia;641624237;8.5.2026;cpc;0,51;;5;2;40;0;1,02;0;0;upmEH2K74;4260557422588;0,51
it_MarketplaceBooster_Vegavero (Marketplace Seller)_VEGAVERO Echinacea Purpurea;620565881;8.5.2026;cpc;0,51;;5;1;20;0;0,51;0;0;upmPZPD44;4260557420133;0,51
com_CrossSellReRank_Vegavero (Marketplace Seller)_VEGAVERO Taurin Pulver;658347286;8.5.2026;cpc;0,31;;6;0;0;0;0;0;0;upmHULHZD;4260557423370;0
it_CrossSellReRank_Vegavero (Marketplace Seller)_VEGAVERO Colina Bitartrato;658296216;8.5.2026;cpc;0,31;;9;0;0;0;0;0;0;upmU9FP9M;4260557423325;0
com_CrossSellReRank_Vegavero (Marketplace Seller)_VEGAVERO Hagebutte BIO;643089764;8.5.2026;cpc;0,31;1;6;0;0;0;0;23,9;0;upmWRWWCG;4260557421048;0
it_CrossSellReRank_Vegavero (Marketplace Seller)_VEGAVERO Curcuma BIO;649142586;8.5.2026;cpc;0,31;;5;0;0;0;0;0;0;upm27X4XW;4260557422878;0
at_CrossSellReRank_Vegavero (Marketplace Seller)_VEGAVERO Taurin Pulver;658283035;8.5.2026;cpc;0,31;;5;0;0;0;0;0;0;upmHULHZD;4260557423370;0
at_CrossSellReRank_Vegavero (Marketplace Seller)_VEGAVERO Papaya BIO;658295838;8.5.2026;cpc;0,31;;7;0;0;0;0;0;0;upm9HWLUD;4260557421055;0
at_MarketplaceBooster_Vegavero (Marketplace Seller)_VEGAVERO Hyaluronsaeure;620609033;8.5.2026;cpc;0,51;;5;0;0;0;0;0;0;upmKMAH3F;4260557420539;0
at_MarketplaceBooster_Vegavero (Marketplace Seller)_VEGAVERO Vitamin B3 (Nicotinamid);625772385;8.5.2026;cpc;0,81;;5;0;0;0;0;0;0;upmUEXHE2;4260557420850;0
com_CrossSellReRank_Vegavero (Marketplace Seller)_VEGAVERO Astragalus BIO;643090713;8.5.2026;cpc;0,31;;6;0;0;0;0;0;0;upmCGKMCH;4260557421222;0
SOLD_OUT_it_CrossSellReRank_Vegavero (Marketplace Seller)_VEGAVERO Taurina Plus;649149719;8.5.2026;cpc;0,31;;7;0;0;0;0;0;0;upmXXW9XA;4260557423059;0
com_CrossSellReRank_Vegavero (Marketplace Seller)_VEGAVERO Griffonia Plus;643128060;8.5.2026;cpc;0,31;;12;0;0;0;0;0;0;upmHCULGA;4260557422755;0
com_CrossSellReRank_Vegavero (Marketplace Seller)_VEGAVERO Zimt-Ceylon Extrakt;643084475;8.5.2026;cpc;0,31;;5;1;20;0;0,31;0;0;14251208;4260557420164;0,31
com_MarketplaceBooster_Vegavero (Marketplace Seller)_VEGAVERO Ashwagandha BIO;619667906;8.5.2026;cpc;0,51;;5;0;0;0;0;0;0;upmUPLLZH;4260557420676;0
it_MarketplaceBooster_Vegavero (Marketplace Seller)_VEGAVERO Vitamina C Naturale BIO;620566115;8.5.2026;cpc;1,51;;5;1;20;0;1,51;0;0;upmFY9KW9;4260557420331;1,51
it_MarketplaceBooster_Vegavero (Marketplace Seller)_VEGAVERO Spirulina BIO +  Clorella BIO;658331796;8.5.2026;cpc;0,51;;5;1;20;0;0,51;0;0;14250597;4260309484185;0,51
com_CrossSellReRank_Vegavero (Marketplace Seller)_VEGAVERO Brahmi BIO;643093286;8.5.2026;cpc;0,31;;5;0;0;0;0;0;0;upmHFPDDK;4260557421956;0
com_MarketplaceBooster_Vegavero (Marketplace Seller)_VEGAVERO Vitamin B3 (Nicotinamid);619677908;8.5.2026;cpc;1,51;;5;0;0;0;0;0;0;upmUEXHE2;4260557420850;0
it_MarketplaceBooster_Vegavero (Marketplace Seller)_VEGAVERO Cordyceps;658334300;8.5.2026;cpc;0,51;;5;0;0;0;0;0;0;14250611;4260309483218;0
it_MarketplaceBooster_Vegavero (Marketplace Seller)_VEGAVERO Maitake BIO;620567773;8.5.2026;cpc;0,51;;5;0;0;0;0;0;0;upmW4TZYD;4260557420874;0
com_MarketplaceBooster_Vegavero (Marketplace Seller)_VEGAVERO Beta-Alanin Pulver;658295769;8.5.2026;cpc;0,51;;5;1;20;0;0,51;0;0;upmFKHFRA;4260557423431;0,51
at_CrossSellReRank_Vegavero (Marketplace Seller)_VEGAVERO Magnesium Bisglycinat;658282836;8.5.2026;cpc;1,61;;8;0;0;0;0;0;0;upmX4LT4H;4260557423257;0
it_MarketplaceBooster_Vegavero (Marketplace Seller)_VEGAVERO Cysti-Aid Complex;641622752;8.5.2026;cpc;0,51;;5;2;40;0;1,02;0;0;upmTZFCGA;4260557422199;0,51
com_CrossSellReRank_Vegavero (Marketplace Seller)_VEGAVERO Bockshornklee BIO;643134873;8.5.2026;cpc;0,31;;8;0;0;0;0;0;0;upm7AL3PG;4260557422977;0
com_CrossSellReRank_Vegavero (Marketplace Seller)_VEGAVERO Beta-Alanin Pulver;658295770;8.5.2026;cpc;0,31;;7;0;0;0;0;0;0;upmFKHFRA;4260557423431;0
SOLD_OUT_com_CrossSellReRank_Vegavero (Marketplace Seller)_VEGAVERO Taurin Plus;643136001;8.5.2026;cpc;0,31;;6;0;0;0;0;0;0;upmXXW9XA;4260557423059;0
at_MarketplaceBooster_Vegavero (Marketplace Seller)_VEGAVERO Astragalus BIO;625778112;8.5.2026;cpc;1,01;;5;0;0;0;0;0;0;upmCGKMCH;4260557421222;0
com_MarketplaceBooster_Vegavero (Marketplace Seller)_VEGAVERO Curcuma BIO;618496721;8.5.2026;cpc;0,51;;5;0;0;0;0;0;0;upm27X4XW;4260557422878;0
it_MarketplaceBooster_Vegavero (Marketplace Seller)_VEGAVERO Ginkgo + Ginseng;620565878;8.5.2026;cpc;0,51;;5;0;0;0;0;0;0;upmF3XUHA;4260557422106;0
at_CrossSellReRank_Vegavero (Marketplace Seller)_VEGAVERO Ashwagandha BIO;658280005;8.5.2026;cpc;0,31;;6;0;0;0;0;0;0;upmUPLLZH;4260557420676;0
it_CrossSellReRank_Vegavero (Marketplace Seller)_VEGAVERO Strong Bones;658296089;8.5.2026;cpc;0,31;;9;0;0;0;0;0;0;upmAP9MLM;4260557423301;0
it_CrossSellReRank_Vegavero (Marketplace Seller)_VEGAVERO Shilajit Mumijo;649090838;8.5.2026;cpc;0,31;;7;0;0;0;0;0;0;upmR33A3P;4260557421406;0
com_CrossSellReRank_Vegavero (Marketplace Seller)_VEGAVERO Rapunzel;658295814;8.5.2026;cpc;0,31;;8;0;0;0;0;0;0;upmDUFHFK;4260557423134;0
com_CrossSellReRank_Vegavero (Marketplace Seller)_VEGAVERO Quercetin Komplex;658469905;8.5.2026;cpc;0,61;;4;0;0;0;0;0;0;upmF2AFXC;4260557423509;0
com_CrossSellReRank_Vegavero (Marketplace Seller)_VEGAVERO Papaya BIO;643089807;8.5.2026;cpc;0,31;;4;0;0;0;0;0;0;upm9HWLUD;4260557421055;0
com_MarketplaceBooster_Vegavero (Marketplace Seller)_VEGAVERO Papaya Enzym;620527421;8.5.2026;cpc;0,51;;4;0;0;0;0;0;0;14250930;4260309482648;0
com_MarketplaceBooster_Vegavero (Marketplace Seller)_VEGAVERO Serenity;620539276;8.5.2026;cpc;0,51;;5;0;0;0;0;0;0;upmZFGPHR;4260557422830;0
it_MarketplaceBooster_Vegavero (Marketplace Seller)_VEGAVERO Astaxantina;620574476;8.5.2026;cpc;1,11;;4;0;0;0;0;0;0;upmYPTY2W;4260557421925;0
at_CrossSellReRank_Vegavero (Marketplace Seller)_VEGAVERO Glucosamin Complex;658280006;8.5.2026;cpc;0,31;;17;1;25;0;0,31;0;0;upmTYL3Y7;4260557420737;0,31
SOLD_OUT_com_CrossSellReRank_Vegavero (Marketplace Seller)_VEGAVERO Guggul;652847887;8.5.2026;cpc;0,31;;6;0;0;0;0;0;0;upmT99EZK;4260557421123;0
it_MarketplaceBooster_Vegavero (Marketplace Seller)_VEGAVERO Papaya BIO;641643600;8.5.2026;cpc;0,51;;4;0;0;0;0;0;0;upm9HWLUD;4260557421055;0
at_CrossSellReRank_Vegavero (Marketplace Seller)_VEGAVERO Nattokinase;658282838;8.5.2026;cpc;0,31;;6;0;0;0;0;0;0;upm2ZL4CL;4260557423264;0
it_CrossSellReRank_Vegavero (Marketplace Seller)_VEGAVERO Lecitina BIO;649100827;8.5.2026;cpc;0,31;;5;0;0;0;0;0;0;upm2HFKPC;4260557422021;0
at_MarketplaceBooster_Vegavero (Marketplace Seller)_VEGAVERO Vitamin B12 Spray Junior;625789014;8.5.2026;cpc;0,51;;4;0;0;0;0;0;0;upm3RXHUC;4260557422229;0
at_CrossSellReRank_Vegavero (Marketplace Seller)_VEGAVERO Roter Reis Plus;658282817;8.5.2026;cpc;0,31;;7;0;0;0;0;0;0;upmDFWTTT;4260557423110;0
com_MarketplaceBooster_Vegavero (Marketplace Seller)_VEGAVERO Taurin Pulver;658347271;8.5.2026;cpc;1,51;;4;2;50;0;3,02;0;0;upmHULHZD;4260557423370;1,51
at_CrossSellReRank_Vegavero (Marketplace Seller)_VEGAVERO Natural Jod BIO;658279988;8.5.2026;cpc;0,31;;7;0;0;0;0;0;0;14250769;4260557420256;0
at_CrossSellReRank_Vegavero (Marketplace Seller)_VEGAVERO Psyllium BIO;658282986;8.5.2026;cpc;0,31;;5;0;0;0;0;0;0;upmERYMM3;4260557423295;0
at_CrossSellReRank_Vegavero (Marketplace Seller)_VEGAVERO Hagebutte BIO;658280038;8.5.2026;cpc;0,31;;5;0;0;0;0;0;0;upmWRWWCG;4260557421048;0
com_MarketplaceBooster_Vegavero (Marketplace Seller)_VEGAVERO Resveratrol + Nicotinamid;619676602;8.5.2026;cpc;0,51;;4;0;0;0;0;0;0;upmGDDD7G;4260557420805;0
it_CrossSellReRank_Vegavero (Marketplace Seller)_VEGAVERO MSM;658296418;8.5.2026;cpc;0,61;;4;0;0;0;0;0;0;upmWCKTTE;4260309481214;0
at_MarketplaceBooster_Vegavero (Marketplace Seller)_VEGAVERO Ingwer BIO;625770334;8.5.2026;cpc;0,51;;4;0;0;0;0;0;0;upmPX4TPU;4260557420386;0
at_MarketplaceBooster_Vegavero (Marketplace Seller)_VEGAVERO Echinacea Plus;658282823;8.5.2026;cpc;0,31;;4;0;0;0;0;0;0;upmPHKX9F;4260557423141;0
it_CrossSellReRank_Vegavero (Marketplace Seller)_VEGAVERO Femme Biotics;658445084;8.5.2026;cpc;0,61;;5;0;0;0;0;0;0;upm4AEDEP;4260557423455;0
com_CrossSellReRank_Vegavero (Marketplace Seller)_VEGAVERO Reishi Extrakt;643082721;8.5.2026;cpc;0,31;;5;0;0;0;0;0;0;14251013;4260309481665;0
com_CrossSellReRank_Vegavero (Marketplace Seller)_VEGAVERO OPC Trio;643136197;8.5.2026;cpc;0,31;;5;0;0;0;0;0;0;upmWFGGMG;4260557423097;0
com_MarketplaceBooster_Vegavero (Marketplace Seller)_VEGAVERO BIO Mushroom Mix;620545551;8.5.2026;cpc;0,51;;4;0;0;0;0;0;0;upmALDCEH;4260557423028;0
com_MarketplaceBooster_Vegavero (Marketplace Seller)_VEGAVERO Hyaluronsaeure;620565218;8.5.2026;cpc;1,51;;4;0;0;0;0;0;0;upmPMLEP9;4260557423103;0
at_MarketplaceBooster_Vegavero (Marketplace Seller)_VEGAVERO Nachtkerzen und Borretsch?l BIO;658295855;8.5.2026;cpc;0,51;;4;0;0;0;0;0;0;upm7KTFPH;4260557421420;0
at_MarketplaceBooster_Vegavero (Marketplace Seller)_VEGAVERO Nachtkerzen und Borretsch?l BIO;625782152;8.5.2026;cpc;0,51;;4;0;0;0;0;0;0;upm7KTFPH;4260557421420;0
it_MarketplaceBooster_Vegavero (Marketplace Seller)_VEGAVERO Acido Ialuronico;626451040;8.5.2026;cpc;0,51;;4;0;0;0;0;0;0;upmKMAH3F;4260557420539;0
SOLD_OUT_com_CrossSellReRank_Vegavero (Marketplace Seller)_VEGAVERO Vegan Collagen+Hyaluronic Acid;658347591;8.5.2026;cpc;1,21;;5;0;0;0;0;0;0;upmK3CG99;4260557422656;0
com_MarketplaceBooster_Vegavero (Marketplace Seller)_VEGAVERO Shilajit Mumijo;619715133;8.5.2026;cpc;0,51;;4;0;0;0;0;0;0;upmR33A3P;4260557421406;0
com_MarketplaceBooster_Vegavero (Marketplace Seller)_VEGAVERO Psyllium BIO;658295766;8.5.2026;cpc;0,51;;4;0;0;0;0;0;0;upmERYMM3;4260557423295;0
com_CrossSellReRank_Vegavero (Marketplace Seller)_VEGAVERO Chia ?l BIO;643127528;8.5.2026;cpc;0,31;;4;0;0;0;0;0;0;upmK7YWLD;4260557422649;0
at_CrossSellReRank_Vegavero (Marketplace Seller)_VEGAVERO Vitamin K2;658295904;8.5.2026;cpc;0,31;;8;0;0;0;0;0;0;upmFYFHAU;4260557423424;0
com_CrossSellReRank_Vegavero (Marketplace Seller)_VEGAVERO Omega-3 ?l;643091125;8.5.2026;cpc;1,31;;9;0;0;0;0;0;0;upm9KDWAZ;4260557421383;0
com_CrossSellReRank_Vegavero (Marketplace Seller)_VEGAVERO Apple Cider Vinegar;643138167;8.5.2026;cpc;0,31;;6;0;0;0;0;0;0;upmUTDZP9;4260557423158;0
com_CrossSellReRank_Vegavero (Marketplace Seller)_VEGAVERO Female Harmony Complex;643239568;8.5.2026;cpc;0,31;;8;0;0;0;0;0;0;upmUFEEWW;4260557420300;0
it_CrossSellReRank_Vegavero (Marketplace Seller)_VEGAVERO Iodio naturale BIO;658445106;8.5.2026;cpc;0,31;;5;0;0;0;0;0;0;14250769;4260557420256;0
com_MarketplaceBooster_Vegavero (Marketplace Seller)_VEGAVERO Wild Yams + Zink;619660532;8.5.2026;cpc;0,51;;3;0;0;0;0;0;0;14251183;4260309481672;0
at_MarketplaceBooster_Vegavero (Marketplace Seller)_VEGAVERO Brahmi BIO;625785188;8.5.2026;cpc;0,51;;3;0;0;0;0;0;0;upmHFPDDK;4260557421956;0
at_MarketplaceBooster_Vegavero (Marketplace Seller)_VEGAVERO Resveratrol + Nicotinamid;625771680;8.5.2026;cpc;0,51;;3;0;0;0;0;0;0;upmGDDD7G;4260557420805;0
at_CrossSellReRank_Vegavero (Marketplace Seller)_VEGAVERO Resveratrol + Nicotinamid;658280009;8.5.2026;cpc;0,31;;5;0;0;0;0;0;0;upmGDDD7G;4260557420805;0
com_MarketplaceBooster_Vegavero (Marketplace Seller)_VEGAVERO Chlorella BIO + Spirulina BIO;619667808;8.5.2026;cpc;1,01;;3;0;0;0;0;0;0;14250597;4260309484185;0
com_MarketplaceBooster_Vegavero (Marketplace Seller)_VEGAVERO Koffein;620560659;8.5.2026;cpc;0,51;;3;0;0;0;0;0;0;upm4XZRWY;4260557423127;0
it_CrossSellReRank_Vegavero (Marketplace Seller)_VEGAVERO Vitamina C Liposomiale;649120758;8.5.2026;cpc;0,61;;5;0;0;0;0;0;0;upm77WEEP;4260557422786;0
com_CrossSellReRank_Vegavero (Marketplace Seller)_VEGAVERO Strong Bones;658283045;8.5.2026;cpc;0,31;;5;0;0;0;0;0;0;upmAP9MLM;4260557423301;0
it_CrossSellReRank_Vegavero (Marketplace Seller)_VEGAVERO Maitake BIO;649077201;8.5.2026;cpc;0,31;;6;0;0;0;0;0;0;upmW4TZYD;4260557420874;0
at_CrossSellReRank_Vegavero (Marketplace Seller)_VEGAVERO Brahmi BIO;658280083;8.5.2026;cpc;0,31;;4;0;0;0;0;0;0;upmHFPDDK;4260557421956;0
com_CrossSellReRank_Vegavero (Marketplace Seller)_VEGAVERO Natural Jod BIO;643084951;8.5.2026;cpc;0,31;;4;0;0;0;0;0;0;14250769;4260557420256;0
at_MarketplaceBooster_Vegavero (Marketplace Seller)_VEGAVERO Ackerschachtelhalm BIO;658347603;8.5.2026;cpc;0,51;;3;0;0;0;0;0;0;upmDKAWH3;4260557421307;0
at_CrossSellReRank_Vegavero (Marketplace Seller)_VEGAVERO Vitamin D3 und K2 ?l;658280065;8.5.2026;cpc;1,11;;7;0;0;0;0;0;0;upm7FHKKZ;4260557421437;0
com_CrossSellReRank_Vegavero (Marketplace Seller)_VEGAVERO Zimt Extrakt BIO;643084936;8.5.2026;cpc;0,31;;4;0;0;0;0;0;0;upmW9KKTG;4260557422618;0
at_CrossSellReRank_Vegavero (Marketplace Seller)_VEGAVERO Quercetin Komplex;658445035;8.5.2026;cpc;0,61;;5;0;0;0;0;0;0;upmF2AFXC;4260557423509;0
it_CrossSellReRank_Vegavero (Marketplace Seller)_VEGAVERO Olio di semi di Lino BIO;649102015;8.5.2026;cpc;0,31;;3;0;0;0;0;0;0;upmKU4FAU;4260557422038;0
at_MarketplaceBooster_Vegavero (Marketplace Seller)_VEGAVERO Hyaluronsaeure;620609034;8.5.2026;cpc;0,51;;4;0;0;0;0;0;0;upmPMLEP9;4260557423103;0
it_CrossSellReRank_Vegavero (Marketplace Seller)_VEGAVERO Enotera e Borragine  BIO;649091296;8.5.2026;cpc;0,31;;6;0;0;0;0;0;0;upm7KTFPH;4260557421420;0
it_CrossSellReRank_Vegavero (Marketplace Seller)_VEGAVERO Vitamina B12 Spray Junior;649103717;8.5.2026;cpc;0,31;;5;0;0;0;0;0;0;upm3RXHUC;4260557422229;0
at_CrossSellReRank_Vegavero (Marketplace Seller)_VEGAVERO Nachtkerzen ?l;658283039;8.5.2026;cpc;0,61;;5;0;0;0;0;0;0;upm7DM474;4260557423448;0
at_CrossSellReRank_Vegavero (Marketplace Seller)_VEGAVERO Salbei BIO;658280032;8.5.2026;cpc;0,31;;4;1;33,333333;0;0,31;0;0;upmMMLDZE;4260557420966;0,31
at_CrossSellReRank_Vegavero (Marketplace Seller)_VEGAVERO Leinsamen?l BIO;658280093;8.5.2026;cpc;0,31;;3;0;0;0;0;0;0;upmKU4FAU;4260557422038;0
com_MarketplaceBooster_Vegavero (Marketplace Seller)_VEGAVERO EAA Pulver Pfirsich;658445060;8.5.2026;cpc;2,01;;3;0;0;0;0;0;0;upmP94YR7;4260557423530;0
at_MarketplaceBooster_Vegavero (Marketplace Seller)_VEGAVERO Cordyceps sinensis BIO;620609037;8.5.2026;cpc;0,51;;3;0;0;0;0;0;0;upmTG77MW;4260557422991;0
SOLD_OUT_com_CrossSellReRank_Vegavero (Marketplace Seller)_VEGAVERO Pro Bio Kids BIO;643084950;8.5.2026;cpc;0,31;;5;0;0;0;0;0;0;14250953;4260557420249;0
at_CrossSellReRank_Vegavero (Marketplace Seller)_VEGAVERO Bromelain 2500 GDU/g;658280042;8.5.2026;cpc;0,31;;5;0;0;0;0;0;0;upm43HM34;4260557421130;0
it_MarketplaceBooster_Vegavero (Marketplace Seller)_VEGAVERO Acido Ialuronico;626451010;8.5.2026;cpc;0,51;;3;2;66,666667;0;1,02;0;0;upmPMLEP9;4260557423103;0,51
SOLD_OUT_at_CrossSellReRank_Vegavero (Marketplace Seller)_VEGAVERO Vitamin B12 Tropfen;658280176;8.5.2026;cpc;0,31;;5;0;0;0;0;0;0;upmYRCT9P;4260557422908;0
SOLD_OUT_at_CrossSellReRank_Vegavero (Marketplace Seller)_VEGAVERO Guggul;658280041;8.5.2026;cpc;0,31;;5;0;0;0;0;0;0;upmT99EZK;4260557421123;0
com_CrossSellReRank_Vegavero (Marketplace Seller)_VEGAVERO Hyaluronsaeure;643078405;8.5.2026;cpc;0,31;;4;0;0;0;0;0;0;upmPMLEP9;4260557423103;0
at_MarketplaceBooster_Vegavero (Marketplace Seller)_VEGAVERO Beifu? Extrakt;658280100;8.5.2026;cpc;0,61;;3;0;0;0;0;0;0;upmWMGCRY;4260557422090;0
it_CrossSellReRank_Vegavero (Marketplace Seller)_VEGAVERO Papaya BIO;649077206;8.5.2026;cpc;0,31;;3;0;0;0;0;0;0;upm9HWLUD;4260557421055;0
at_MarketplaceBooster_Vegavero (Marketplace Seller)_VEGAVERO Chrom Plus;626442427;8.5.2026;cpc;0,51;;3;2;66,666667;0;1,02;0;0;upmL7ZDD2;4260557422946;0,51
it_MarketplaceBooster_Vegavero (Marketplace Seller)_VEGAVERO Fieno Greco BIO;641649770;8.5.2026;cpc;0,51;;3;0;0;0;0;0;0;upm7AL3PG;4260557422977;0
com_MarketplaceBooster_Vegavero (Marketplace Seller)_VEGAVERO Saccharomyces boulardii;619717397;8.5.2026;cpc;0,61;;3;1;33,333333;0;0,61;0;0;upmWDER3T;4260557421949;0,61
it_MarketplaceBooster_Vegavero (Marketplace Seller)_VEGAVERO MSM;641622735;8.5.2026;cpc;1,01;;3;1;33,333333;0;1,01;0;0;upmTLUPGT;4260309483881;1,01
at_CrossSellReRank_Vegavero (Marketplace Seller)_VEGAVERO Serenity;658280179;8.5.2026;cpc;0,31;;5;0;0;0;0;0;0;upmZFGPHR;4260557422830;0
com_MarketplaceBooster_Vegavero (Marketplace Seller)_VEGAVERO Cordyceps sinensis BIO;620541534;8.5.2026;cpc;0,51;;3;0;0;0;0;0;0;upmTG77MW;4260557422991;0
at_CrossSellReRank_Vegavero (Marketplace Seller)_VEGAVERO Brewers Yeast;658347644;8.5.2026;cpc;0,31;;5;0;0;0;0;0;0;upmKUKGHH;4260557423332;0
at_CrossSellReRank_Vegavero (Marketplace Seller)_VEGAVERO Cholin Bitartrat;658283014;8.5.2026;cpc;0,31;;4;0;0;0;0;0;0;upmU9FP9M;4260557423325;0
com_MarketplaceBooster_Vegavero (Marketplace Seller)_VEGAVERO Apple Cider Vinegar;620564988;8.5.2026;cpc;0,51;;3;0;0;0;0;0;0;upmUTDZP9;4260557423158;0
com_MarketplaceBooster_Vegavero (Marketplace Seller)_VEGAVERO Glucomannan BIO;658283040;8.5.2026;cpc;0,51;;2;0;0;0;0;0;0;upmLXEUT7;4260557423240;0
it_CrossSellReRank_Vegavero (Marketplace Seller)_VEGAVERO Shiitake;649097667;8.5.2026;cpc;0,31;;4;0;0;0;0;0;0;upmZ7P4AX;4260557421970;0
it_MarketplaceBooster_Vegavero (Marketplace Seller)_VEGAVERO Iodio naturale BIO;658445105;8.5.2026;cpc;1,01;;2;1;50;0;1,01;0;0;14250769;4260557420256;1,01
at_CrossSellReRank_Vegavero (Marketplace Seller)_VEGAVERO Pro Bio Kulturenkomplex;643057502;8.5.2026;cpc;0,31;;3;0;0;0;0;0;0;14250976;4260557420034;0
com_CrossSellReRank_Vegavero (Marketplace Seller)_VEGAVERO Brennnessel BIO;643089721;8.5.2026;cpc;0,31;;2;0;0;0;0;0;0;upm9RX43T;4260557421031;0
com_CrossSellReRank_Vegavero (Marketplace Seller)_VEGAVERO Vitamin D3 und K2 ?l;652854756;8.5.2026;cpc;1,11;;4;0;0;0;0;0;0;upm7FHKKZ;4260557421437;0
at_MarketplaceBooster_Vegavero (Marketplace Seller)_VEGAVERO Shilajit Mumijo;625779482;8.5.2026;cpc;0,51;;2;0;0;0;0;0;0;upmR33A3P;4260557421406;0
at_CrossSellReRank_Vegavero (Marketplace Seller)_VEGAVERO Wild Yams + Zink;658279949;8.5.2026;cpc;0,31;;2;0;0;0;0;0;0;14251183;4260309481672;0
at_MarketplaceBooster_Vegavero (Marketplace Seller)_VEGAVERO Bromelain 2400 GDU/g;625775688;8.5.2026;cpc;0,51;;2;0;0;0;0;0;0;upm43HM34;4260557421130;0
at_MarketplaceBooster_Vegavero (Marketplace Seller)_VEGAVERO EAA;625771660;8.5.2026;cpc;0,51;;2;1;50;0;0,51;0;0;upmGMXXY9;4260557420744;0,51
at_CrossSellReRank_Vegavero (Marketplace Seller)_VEGAVERO Mushroom Mix Complex;658280095;8.5.2026;cpc;0,31;;3;0;0;0;0;0;0;upm4XDXPR;4260557422045;0
it_CrossSellReRank_Vegavero (Marketplace Seller)_VEGAVERO Cumino Nero BIO;658352478;8.5.2026;cpc;0,31;;3;0;0;0;0;0;0;upmEUZ9F7;4260557421376;0
com_CrossSellReRank_Vegavero (Marketplace Seller)_VEGAVERO L-Glutamin Pulver;643141362;8.5.2026;cpc;0,31;;2;0;0;0;0;0;0;upmUPTFMH;4260557423233;0
it_MarketplaceBooster_Vegavero (Marketplace Seller)_VEGAVERO Reishi;658296411;8.5.2026;cpc;0,51;;2;0;0;0;0;0;0;14251013;4260309481665;0
it_CrossSellReRank_Vegavero (Marketplace Seller)_VEGAVERO Chaga BIO;649104196;8.5.2026;cpc;0,31;;4;0;0;0;0;0;0;upmPYECDL;4260557422298;0
com_CrossSellReRank_Vegavero (Marketplace Seller)_VEGAVERO Vitamin K2;658347334;8.5.2026;cpc;0,31;;3;1;50;0;0,31;0;0;upmFYFHAU;4260557423424;0,31
com_MarketplaceBooster_Vegavero (Marketplace Seller)_VEGAVERO Tribulus terrestris Extrakt;619660805;8.5.2026;cpc;0,51;;2;1;50;0;0,51;0;0;14251088;4260309481313;0,51
it_CrossSellReRank_Vegavero (Marketplace Seller)_VEGAVERO Lievito di Birra;658296221;8.5.2026;cpc;0,31;;5;0;0;0;0;0;0;upmKUKGHH;4260557423332;0
at_CrossSellReRank_Vegavero (Marketplace Seller)_VEGAVERO Liver Active Complex;658279984;8.5.2026;cpc;0,31;;3;0;0;0;0;0;0;14250812;4260557420188;0
com_CrossSellReRank_Vegavero (Marketplace Seller)_VEGAVERO Liver Active Complex;643084947;8.5.2026;cpc;0,31;;4;0;0;0;0;0;0;14250812;4260557420188;0
at_CrossSellReRank_Vegavero (Marketplace Seller)_VEGAVERO Glucosamin Plus;658295896;8.5.2026;cpc;0,31;;3;0;0;0;0;0;0;upmKWW3MD;4260557423349;0
at_MarketplaceBooster_Vegavero (Marketplace Seller)_VEGAVERO Tribulus terrestris Extrakt;658279972;8.5.2026;cpc;0,51;;2;0;0;0;0;0;0;14251088;4260309481313;0
com_CrossSellReRank_Vegavero (Marketplace Seller)_VEGAVERO Pro Bio Kulturenkomplex;643080114;8.5.2026;cpc;0,31;;2;0;0;0;0;0;0;14250976;4260557420034;0
it_CrossSellReRank_Vegavero (Marketplace Seller)_VEGAVERO Acido Ialuronico;649164301;8.5.2026;cpc;0,31;;2;0;0;0;0;0;0;upmPMLEP9;4260557423103;0
at_CrossSellReRank_Vegavero (Marketplace Seller)_VEGAVERO Maitake BIO;658280016;8.5.2026;cpc;0,31;;2;0;0;0;0;0;0;upmW4TZYD;4260557420874;0
com_CrossSellReRank_Vegavero (Marketplace Seller)_VEGAVERO Salbei BIO;643089690;8.5.2026;cpc;0,31;;3;0;0;0;0;0;0;upmMMLDZE;4260557420966;0
at_CrossSellReRank_Vegavero (Marketplace Seller)_VEGAVERO Bockshornklee BIO;658280184;8.5.2026;cpc;0,31;;3;0;0;0;0;0;0;upm7AL3PG;4260557422977;0
at_MarketplaceBooster_Vegavero (Marketplace Seller)_VEGAVERO Brennnessel BIO;625775256;8.5.2026;cpc;0,51;;2;0;0;0;0;0;0;upm9RX43T;4260557421031;0
at_CrossSellReRank_Vegavero (Marketplace Seller)_VEGAVERO Triphala BIO;658280010;8.5.2026;cpc;0,31;;2;0;0;0;0;0;0;upmGL239Y;4260557420812;0
it_CrossSellReRank_Vegavero (Marketplace Seller)_VEGAVERO Enotera;658296335;8.5.2026;cpc;0,61;;2;0;0;0;0;0;0;upm7DM474;4260557423448;0
at_MarketplaceBooster_Vegavero (Marketplace Seller)_VEGAVERO Cordyceps Extrakt;658347645;8.5.2026;cpc;0,51;;2;0;0;0;0;0;0;14250611;4260309483218;0
it_MarketplaceBooster_Vegavero (Marketplace Seller)_VEGAVERO Glicina in Polvere;658334361;8.5.2026;cpc;1,01;;2;1;50;0;1,01;0;0;upmR9H4DE;4260557422595;1,01
at_MarketplaceBooster_Vegavero (Marketplace Seller)_VEGAVERO Cholin Trio;658280067;8.5.2026;cpc;1,01;;2;0;0;0;0;0;0;upm97PFY9;4260557421826;0
SOLD_OUT_at_MarketplaceBooster_Vegavero (Marketplace Seller)_VEGAVERO Guggul;658280040;8.5.2026;cpc;0,51;;2;0;0;0;0;0;0;upmT99EZK;4260557421123;0
com_MarketplaceBooster_Vegavero (Marketplace Seller)_VEGAVERO Apple Cider Vinegar Gummies;620564989;8.5.2026;cpc;0,51;;2;0;0;0;0;0;0;upmF2EYPK;4260557423172;0
com_MarketplaceBooster_Vegavero (Marketplace Seller)_VEGAVERO Shiitake Extrakt;619721567;8.5.2026;cpc;0,51;;2;0;0;0;0;0;0;upmZ7P4AX;4260557421970;0
at_CrossSellReRank_Vegavero (Marketplace Seller)_VEGAVERO Sugar Balance Complex;658280126;8.5.2026;cpc;0,31;;5;0;0;0;0;0;0;upmAD4HK4;4260557422403;0
at_MarketplaceBooster_Vegavero (Marketplace Seller)_VEGAVERO Chaga BIO;625789278;8.5.2026;cpc;0,51;;2;0;0;0;0;0;0;upmPYECDL;4260557422298;0
at_CrossSellReRank_Vegavero (Marketplace Seller)_VEGAVERO Griffonia;658283010;8.5.2026;cpc;1,51;;4;0;0;0;0;0;0;upmG7RZLC;4260557423318;0
com_CrossSellReRank_Vegavero (Marketplace Seller)_VEGAVERO Apple Cider Vinegar Gummies;643140412;8.5.2026;cpc;0,31;;2;0;0;0;0;0;0;upmF2EYPK;4260557423172;0
it_MarketplaceBooster_Vegavero (Marketplace Seller)_VEGAVERO L-Triptofano;658352472;8.5.2026;cpc;0,51;;2;0;0;0;0;0;0;14250841;4260309481108;0
at_MarketplaceBooster_Vegavero (Marketplace Seller)_VEGAVERO Hagebutte BIO;658280037;8.5.2026;cpc;0,51;;2;0;0;0;0;0;0;upmWRWWCG;4260557421048;0
com_MarketplaceBooster_Vegavero (Marketplace Seller)_VEGAVERO Youth Biotics;658469892;8.5.2026;cpc;1,01;;2;0;0;0;0;0;0;upmW7Y7DL;4260557423462;0
com_CrossSellReRank_Vegavero (Marketplace Seller)_VEGAVERO Boswellia Extrakt;643094189;8.5.2026;cpc;0,31;;3;0;0;0;0;0;0;upmEH2K74;4260557422588;0
com_CrossSellReRank_Vegavero (Marketplace Seller)_VEGAVERO Cordyceps sinensis BIO;658295815;8.5.2026;cpc;0,31;;3;0;0;0;0;0;0;upmTG77MW;4260557422991;0
at_MarketplaceBooster_Vegavero (Marketplace Seller)_VEGAVERO EAA Pulver Pfirsich;658445040;8.5.2026;cpc;1,01;;2;0;0;0;0;0;0;upmP94YR7;4260557423530;0
at_CrossSellReRank_Vegavero (Marketplace Seller)_VEGAVERO MSM Pulver DOSE;658279976;8.5.2026;cpc;0,61;;4;0;0;0;0;0;0;upmTLUPGT;4260309483881;0
at_CrossSellReRank_Vegavero (Marketplace Seller)_VEGAVERO Astragalus BIO;658280053;8.5.2026;cpc;0,31;;2;2;100;0;0,62;0;0;upmCGKMCH;4260557421222;0,31
it_MarketplaceBooster_Vegavero (Marketplace Seller)_VEGAVERO Nattokinase;649159872;8.5.2026;cpc;0,51;;2;0;0;0;0;0;0;upm2ZL4CL;4260557423264;0
at_CrossSellReRank_Vegavero (Marketplace Seller)_VEGAVERO Multivitamin Spray Junior;658280046;8.5.2026;cpc;0,31;;3;0;0;0;0;0;0;upm9ZTF3H;4260557421178;0
com_MarketplaceBooster_Vegavero (Marketplace Seller)_VEGAVERO Ackerschachtelhalm BIO;653634560;8.5.2026;cpc;0,51;;2;0;0;0;0;0;0;upmDKAWH3;4260557421307;0
at_CrossSellReRank_Vegavero (Marketplace Seller)_VEGAVERO Magnesium + Kalium;658279990;8.5.2026;cpc;0,31;;5;0;0;0;0;0;0;upm32MART;4260557420287;0
at_MarketplaceBooster_Vegavero (Marketplace Seller)_VEGAVERO Glucomannan BIO;658347634;8.5.2026;cpc;0,51;;2;0;0;0;0;0;0;upmLXEUT7;4260557423240;0
at_CrossSellReRank_Vegavero (Marketplace Seller)_VEGAVERO Cordyceps sinensis BIO;658282808;8.5.2026;cpc;0,31;;4;0;0;0;0;0;0;upmTG77MW;4260557422991;0
at_CrossSellReRank_Vegavero (Marketplace Seller)_VEGAVERO Griffonia Plus;658280154;8.5.2026;cpc;0,31;;3;0;0;0;0;0;0;upmHCULGA;4260557422755;0
com_CrossSellReRank_Vegavero (Marketplace Seller)_VEGAVERO Shiitake Extrakt;643093288;8.5.2026;cpc;0,31;;3;0;0;0;0;0;0;upmZ7P4AX;4260557421970;0
at_CrossSellReRank_Vegavero (Marketplace Seller)_VEGAVERO Keto Power;658282947;8.5.2026;cpc;0,31;;1;0;0;0;0;0;0;upmP77L3M;4260557423288;0
com_MarketplaceBooster_Vegavero (Marketplace Seller)_VEGAVERO Chaga BIO;629497666;8.5.2026;cpc;0,51;;1;0;0;0;0;0;0;upmPYECDL;4260557422298;0
at_CrossSellReRank_Vegavero (Marketplace Seller)_VEGAVERO Chrom Plus;658280180;8.5.2026;cpc;0,31;;2;0;0;0;0;0;0;upmL7ZDD2;4260557422946;0
com_CrossSellReRank_Vegavero (Marketplace Seller)_VEGAVERO Vegan Essentials Complex;643092356;8.5.2026;cpc;0,31;;3;0;0;0;0;0;0;upmHHT433;4260557421390;0
com_MarketplaceBooster_Vegavero (Marketplace Seller)_VEGAVERO Brahmi BIO;619717869;8.5.2026;cpc;0,51;;1;0;0;0;0;0;0;upmHFPDDK;4260557421956;0
at_CrossSellReRank_Vegavero (Marketplace Seller)_VEGAVERO L-Glutamin Pulver;658282832;8.5.2026;cpc;0,31;;1;0;0;0;0;0;0;upmUPTFMH;4260557423233;0
SOLD_OUT_at_CrossSellReRank_Vegavero (Marketplace Seller)_VEGAVERO Taurin Plus;658282814;8.5.2026;cpc;0,31;;6;0;0;0;0;0;0;upmXXW9XA;4260557423059;0
it_MarketplaceBooster_Vegavero (Marketplace Seller)_VEGAVERO Triphala BIO;620567265;8.5.2026;cpc;0,51;;1;0;0;0;0;0;0;upmGL239Y;4260557420812;0
it_CrossSellReRank_Vegavero (Marketplace Seller)_VEGAVERO Triphala BIO;649077190;8.5.2026;cpc;0,31;;2;0;0;0;0;0;0;upmGL239Y;4260557420812;0
at_CrossSellReRank_Vegavero (Marketplace Seller)_VEGAVERO Nachtkerzen und Borretsch?l BIO;658295856;8.5.2026;cpc;0,31;;1;0;0;0;0;0;0;upm7KTFPH;4260557421420;0
at_MarketplaceBooster_Vegavero (Marketplace Seller)_VEGAVERO Maitake BIO;658295833;8.5.2026;cpc;0,51;;1;0;0;0;0;0;0;upmW4TZYD;4260557420874;0
com_CrossSellReRank_Vegavero (Marketplace Seller)_VEGAVERO Glucomannan BIO;658283041;8.5.2026;cpc;0,31;;2;0;0;0;0;0;0;upmLXEUT7;4260557423240;0
SOLD_OUT_it_MarketplaceBooster_Vegavero (Marketplace Seller)_VEGAVERO L-Tirosina Plus;649142984;8.5.2026;cpc;0,51;;1;0;0;0;0;0;0;upm2FC2LC;4260557422885;0
com_CrossSellReRank_Vegavero (Marketplace Seller)_VEGAVERO Elektrolyte Plus;643130058;8.5.2026;cpc;0,31;;1;0;0;0;0;0;0;upmD23XCL;4260557422823;0
it_MarketplaceBooster_Vegavero (Marketplace Seller)_VEGAVERO Cordyceps Sinensis BIO;626451122;8.5.2026;cpc;0,51;;1;0;0;0;0;0;0;upmTG77MW;4260557422991;0
at_CrossSellReRank_Vegavero (Marketplace Seller)_VEGAVERO EAA Pulver Pfirsich;658445042;8.5.2026;cpc;0,61;;1;0;0;0;0;0;0;upmP94YR7;4260557423530;0
it_CrossSellReRank_Vegavero (Marketplace Seller)_VEGAVERO OPC Trio;649150121;8.5.2026;cpc;0,31;;2;0;0;0;0;0;0;upmWFGGMG;4260557423097;0
com_CrossSellReRank_Vegavero (Marketplace Seller)_VEGAVERO Mushroom Mix Complex;643093879;8.5.2026;cpc;0,31;;1;0;0;0;0;0;0;upm4XDXPR;4260557422045;0
it_CrossSellReRank_Vegavero (Marketplace Seller)_VEGAVERO Beta-Alanina in Polvere;658296317;8.5.2026;cpc;0,61;;2;0;0;0;0;0;0;upmFKHFRA;4260557423431;0
com_MarketplaceBooster_Vegavero (Marketplace Seller)_VEGAVERO Cordyceps Extrakt;658347556;8.5.2026;cpc;1,01;;1;0;0;0;0;0;0;14250611;4260309483218;0
at_MarketplaceBooster_Vegavero (Marketplace Seller)_VEGAVERO Triphala BIO;625772285;8.5.2026;cpc;0,51;;1;0;0;0;0;0;0;upmGL239Y;4260557420812;0
it_CrossSellReRank_Vegavero (Marketplace Seller)_VEGAVERO EAA in Polvere;658381331;8.5.2026;cpc;0,61;;1;0;0;0;0;0;0;upmP94YR7;4260557423530;0
com_CrossSellReRank_Vegavero (Marketplace Seller)_VEGAVERO Curcuma BIO;643130748;8.5.2026;cpc;0,31;;1;0;0;0;0;0;0;upm27X4XW;4260557422878;0
at_CrossSellReRank_Vegavero (Marketplace Seller)_VEGAVERO Curcuma BIO;658280163;8.5.2026;cpc;0,31;;2;0;0;0;0;0;0;upm27X4XW;4260557422878;0
com_CrossSellReRank_Vegavero (Marketplace Seller)_VEGAVERO MSM Pulver DOSE;643236175;8.5.2026;cpc;0,61;;1;0;0;0;0;0;0;upmTLUPGT;4260309483881;0
com_CrossSellReRank_Vegavero (Marketplace Seller)_VEGAVERO Colon Care Complex;643084949;8.5.2026;cpc;0,31;;1;0;0;0;0;0;0;14250605;4260557420201;0
at_CrossSellReRank_Vegavero (Marketplace Seller)_VEGAVERO D-Mannose Pulver;658295900;8.5.2026;cpc;0,31;;2;0;0;0;0;0;0;14250686;4260309481603;0
com_CrossSellReRank_Vegavero (Marketplace Seller)_VEGAVERO Ashwagandha BIO;643088001;8.5.2026;cpc;0,31;;1;0;0;0;0;0;0;upmUPLLZH;4260557420676;0
com_CrossSellReRank_Vegavero (Marketplace Seller)_VEGAVERO Vitamin C liposomal;643129759;8.5.2026;cpc;0,31;;4;0;0;0;0;0;0;upm77WEEP;4260557422786;0
at_CrossSellReRank_Vegavero (Marketplace Seller)_VEGAVERO Saccharomyces boulardii;658347619;8.5.2026;cpc;0,81;;4;0;0;0;0;0;0;upmWDER3T;4260557421949;0
it_CrossSellReRank_Vegavero (Marketplace Seller)_VEGAVERO Bacopa BIO;649096403;8.5.2026;cpc;0,31;;2;0;0;0;0;0;0;upmHFPDDK;4260557421956;0
com_CrossSellReRank_Vegavero (Marketplace Seller)_VEGAVERO Astaxanthin ?l;643093279;8.5.2026;cpc;0,31;;1;0;0;0;0;0;0;upmYPTY2W;4260557421925;0
com_MarketplaceBooster_Vegavero (Marketplace Seller)_VEGAVERO Hyaluronsaeure;620565217;8.5.2026;cpc;1,51;;1;0;0;0;0;0;0;upmKMAH3F;4260557420539;0
com_MarketplaceBooster_Vegavero (Marketplace Seller)_VEGAVERO Ingwer BIO;619663942;8.5.2026;cpc;0,51;;1;0;0;0;0;0;0;upmPX4TPU;4260557420386;0
com_CrossSellReRank_Vegavero (Marketplace Seller)_VEGAVERO EAA Pulver Pfirsich;658445056;8.5.2026;cpc;0,31;;1;0;0;0;0;0;0;upmP94YR7;4260557423530;0
at_MarketplaceBooster_Vegavero (Marketplace Seller)_VEGAVERO Saccharomyces boulardii;658347617;8.5.2026;cpc;0,51;;1;0;0;0;0;0;0;upmWDER3T;4260557421949;0
SOLD_OUT_com_MarketplaceBooster_Vegavero (Marketplace Seller)_VEGAVERO Guggul;652847799;8.5.2026;cpc;0,51;;1;0;0;0;0;0;0;upmT99EZK;4260557421123;0
it_CrossSellReRank_Vegavero (Marketplace Seller)_VEGAVERO Vitamina D3 + K2;649091298;8.5.2026;cpc;1,11;;1;0;0;0;0;0;0;upm7FHKKZ;4260557421437;0
it_MarketplaceBooster_Vegavero (Marketplace Seller)_VEGAVERO Cannella Ceylon BIO;641627330;8.5.2026;cpc;0,51;;1;0;0;0;0;0;0;upmW9KKTG;4260557422618;0
at_MarketplaceBooster_Vegavero (Marketplace Seller)_VEGAVERO Papaya Enzym;625793359;8.5.2026;cpc;0,51;;1;0;0;0;0;0;0;14250930;4260309482648;0
com_CrossSellReRank_Vegavero (Marketplace Seller)_VEGAVERO Triphala BIO;643089502;8.5.2026;cpc;0,31;;1;0;0;0;0;0;0;upmGL239Y;4260557420812;0
it_MarketplaceBooster_Vegavero (Marketplace Seller)_VEGAVERO Lecitina BIO;626459035;8.5.2026;cpc;0,51;;1;0;0;0;0;0;0;upm2HFKPC;4260557422021;0
at_CrossSellReRank_Vegavero (Marketplace Seller)_VEGAVERO BCAA Pulver Mango;658445038;8.5.2026;cpc;0,61;;1;0;0;0;0;0;0;upmWWWMYX;4260557423523;0
at_CrossSellReRank_Vegavero (Marketplace Seller)_VEGAVERO Koffein;658282821;8.5.2026;cpc;0,31;;3;0;0;0;0;0;0;upm4XZRWY;4260557423127;0
at_CrossSellReRank_Vegavero (Marketplace Seller)_VEGAVERO Papaya Enzym;658280137;8.5.2026;cpc;0,31;;3;0;0;0;0;0;0;14250930;4260309482648;0
at_CrossSellReRank_Vegavero (Marketplace Seller)_VEGAVERO Tribulus terrestris Extrakt;658279971;8.5.2026;cpc;0,31;;2;0;0;0;0;0;0;14251088;4260309481313;0
at_CrossSellReRank_Vegavero (Marketplace Seller)_VEGAVERO Vitamin B12 Spray Junior;658280108;8.5.2026;cpc;0,31;;1;0;0;0;0;0;0;upm3RXHUC;4260557422229;0
com_MarketplaceBooster_Vegavero (Marketplace Seller)_VEGAVERO Reishi Extrakt;619660758;8.5.2026;cpc;0,51;;1;0;0;0;0;0;0;14251013;4260309481665;0
com_CrossSellReRank_Vegavero (Marketplace Seller)_VEGAVERO Tribulus terrestris Extrakt;643082758;8.5.2026;cpc;0,31;;3;0;0;0;0;0;0;14251088;4260309481313;0
com_MarketplaceBooster_Vegavero (Marketplace Seller)_VEGAVERO Vitamin K2;658347316;8.5.2026;cpc;1,01;;0;0;0;0;0;0;0;upmFYFHAU;4260557423424;0
com_CrossSellReRank_Vegavero (Marketplace Seller)_VEGAVERO Chlorella BIO + Spirulina BIO;643078910;8.5.2026;cpc;1,01;;1;0;0;0;0;0;0;14250597;4260309484185;0
at_MarketplaceBooster_Vegavero (Marketplace Seller)_VEGAVERO Cholin Bitartrat;658283012;8.5.2026;cpc;0,51;;0;0;0;0;0;0;0;upmU9FP9M;4260557423325;0
it_MarketplaceBooster_Vegavero (Marketplace Seller)_VEGAVERO Lievito di Birra;658296220;8.5.2026;cpc;0,51;;0;0;0;0;0;0;0;upmKUKGHH;4260557423332;0
it_CrossSellReRank_Vegavero (Marketplace Seller)_VEGAVERO Keto Power;658295963;8.5.2026;cpc;0,31;;1;0;0;0;0;0;0;upmP77L3M;4260557423288;0
it_MarketplaceBooster_Vegavero (Marketplace Seller)_VEGAVERO Griffonia;658296090;8.5.2026;cpc;0,51;;0;0;0;0;0;0;0;upmG7RZLC;4260557423318;0
com_CrossSellReRank_Vegavero (Marketplace Seller)_VEGAVERO Chaga BIO;643093999;8.5.2026;cpc;0,31;;4;0;0;0;0;0;0;upmPYECDL;4260557422298;0
at_MarketplaceBooster_Vegavero (Marketplace Seller)_VEGAVERO Psyllium BIO;658282984;8.5.2026;cpc;0,51;;0;0;0;0;0;0;0;upmERYMM3;4260557423295;0
com_CrossSellReRank_Vegavero (Marketplace Seller)_VEGAVERO Griffonia;658283048;8.5.2026;cpc;1,41;;1;0;0;0;0;0;0;upmG7RZLC;4260557423318;0
at_MarketplaceBooster_Vegavero (Marketplace Seller)_VEGAVERO Reishi Extrakt;625763780;8.5.2026;cpc;0,51;;1;0;0;0;0;0;0;14251013;4260309481665;0
at_CrossSellReRank_Vegavero (Marketplace Seller)_VEGAVERO Apple Cider Vinegar;658282824;8.5.2026;cpc;0,31;;0;0;0;0;0;0;0;upmUTDZP9;4260557423158;0
com_MarketplaceBooster_Vegavero (Marketplace Seller)_VEGAVERO Nachtkerzen ?l;658291478;8.5.2026;cpc;1,01;;0;0;0;0;0;0;0;upm7DM474;4260557423448;0
at_MarketplaceBooster_Vegavero (Marketplace Seller)_VEGAVERO Party Hero;658283016;8.5.2026;cpc;0,51;;0;0;0;0;0;0;0;upmFACEA7;4260557423356;0
it_MarketplaceBooster_Vegavero (Marketplace Seller)_VEGAVERO Taurina;658296229;8.5.2026;cpc;0,51;;0;0;0;0;0;0;0;upmHULHZD;4260557423370;0
com_MarketplaceBooster_Vegavero (Marketplace Seller)_VEGAVERO Brennnessel BIO;619682703;8.5.2026;cpc;0,51;;0;0;0;0;0;0;0;upm9RX43T;4260557421031;0
it_MarketplaceBooster_Vegavero (Marketplace Seller)_VEGAVERO Beta-Alanina in Polvere;658296313;8.5.2026;cpc;1,01;;0;0;0;0;0;0;0;upmFKHFRA;4260557423431;0
com_MarketplaceBooster_Vegavero (Marketplace Seller)_VEGAVERO Glucosamin Plus;658347207;8.5.2026;cpc;1,01;;0;0;0;0;0;0;0;upmKWW3MD;4260557423349;0
com_MarketplaceBooster_Vegavero (Marketplace Seller)_VEGAVERO Maitake BIO;629496632;8.5.2026;cpc;0,51;;0;0;0;0;0;0;0;upmW4TZYD;4260557420874;0
at_CrossSellReRank_Vegavero (Marketplace Seller)_VEGAVERO Chaga BIO;658280111;8.5.2026;cpc;0,31;;2;0;0;0;0;0;0;upmPYECDL;4260557422298;0
com_CrossSellReRank_Vegavero (Marketplace Seller)_VEGAVERO D-Mannose Complex;643077907;8.5.2026;cpc;0,31;;1;0;0;0;0;0;0;14250640;4260309482747;0
at_MarketplaceBooster_Vegavero (Marketplace Seller)_VEGAVERO Keto Power;658282839;8.5.2026;cpc;0,51;;0;0;0;0;0;0;0;upmP77L3M;4260557423288;0
at_MarketplaceBooster_Vegavero (Marketplace Seller)_VEGAVERO Koffein;626443345;8.5.2026;cpc;0,51;;0;0;0;0;0;0;0;upm4XZRWY;4260557423127;0
it_MarketplaceBooster_Vegavero (Marketplace Seller)_VEGAVERO Strong Bones;658296086;8.5.2026;cpc;0,51;;0;0;0;0;0;0;0;upmAP9MLM;4260557423301;0
it_MarketplaceBooster_Vegavero (Marketplace Seller)_VEGAVERO Glicina in Polvere;658296346;8.5.2026;cpc;1,01;;0;0;0;0;0;0;0;upmTGWG29;4260557423479;0
com_MarketplaceBooster_Vegavero (Marketplace Seller)_VEGAVERO EAA;619674321;8.5.2026;cpc;0,51;;0;0;0;0;0;0;0;upmGMXXY9;4260557420744;0
at_MarketplaceBooster_Vegavero (Marketplace Seller)_VEGAVERO Glycin Pulver;658280143;8.5.2026;cpc;1,01;;0;0;0;0;0;0;0;upmTGWG29;4260557423479;0
at_MarketplaceBooster_Vegavero (Marketplace Seller)_VEGAVERO Strong Bones;658283003;8.5.2026;cpc;0,51;;0;0;0;0;0;0;0;upmAP9MLM;4260557423301;0
at_MarketplaceBooster_Vegavero (Marketplace Seller)_VEGAVERO Griffonia;658283007;8.5.2026;cpc;1,61;;0;0;0;0;0;0;0;upmG7RZLC;4260557423318;0
it_MarketplaceBooster_Vegavero (Marketplace Seller)_VEGAVERO Vitamina K2;658296232;8.5.2026;cpc;0,51;;0;0;0;0;0;0;0;upmFYFHAU;4260557423424;0
it_MarketplaceBooster_Vegavero (Marketplace Seller)_VEGAVERO Enotera;658296331;8.5.2026;cpc;1,01;;0;0;0;0;0;0;0;upm7DM474;4260557423448;0
it_MarketplaceBooster_Vegavero (Marketplace Seller)_VEGAVERO Party Hero;658331695;8.5.2026;cpc;0,51;;0;0;0;0;0;0;0;upmFACEA7;4260557423356;0
com_MarketplaceBooster_Vegavero (Marketplace Seller)_VEGAVERO Triphala BIO;619677150;8.5.2026;cpc;0,51;;0;0;0;0;0;0;0;upmGL239Y;4260557420812;0
at_CrossSellReRank_Vegavero (Marketplace Seller)_VEGAVERO Vitamin B3 (Nicotinamid);658280014;8.5.2026;cpc;0,51;;3;0;0;0;0;0;0;upmUEXHE2;4260557420850;0
at_MarketplaceBooster_Vegavero (Marketplace Seller)_VEGAVERO Taurin Pulver;658283030;8.5.2026;cpc;0,51;;0;0;0;0;0;0;0;upmHULHZD;4260557423370;0
at_CrossSellReRank_Vegavero (Marketplace Seller)_VEGAVERO Shilajit Mumijo;658280062;8.5.2026;cpc;0,31;;1;0;0;0;0;0;0;upmR33A3P;4260557421406;0
it_MarketplaceBooster_Vegavero (Marketplace Seller)_VEGAVERO Colina Bitartrato;658296180;8.5.2026;cpc;0,51;;0;0;0;0;0;0;0;upmU9FP9M;4260557423325;0
com_MarketplaceBooster_Vegavero (Marketplace Seller)_VEGAVERO Strong Bones;658283044;8.5.2026;cpc;0,51;;0;0;0;0;0;0;0;upmAP9MLM;4260557423301;0
it_CrossSellReRank_Vegavero (Marketplace Seller)_VEGAVERO Chrom Plus;649145953;8.5.2026;cpc;0,31;;2;0;0;0;0;0;0;upmL7ZDD2;4260557422946;0
at_MarketplaceBooster_Vegavero (Marketplace Seller)_VEGAVERO Beta-Alanin Pulver;658283036;8.5.2026;cpc;1,01;;0;0;0;0;0;0;0;upmFKHFRA;4260557423431;0
it_MarketplaceBooster_Vegavero (Marketplace Seller)_VEGAVERO Chrom Plus;641642728;8.5.2026;cpc;0,51;;0;0;0;0;0;0;0;upmL7ZDD2;4260557422946;0
at_CrossSellReRank_Vegavero (Marketplace Seller)_VEGAVERO Mariendistel Plus;658280174;8.5.2026;cpc;0,31;;1;0;0;0;0;0;0;upmR9H2HU;4260557422892;0
at_MarketplaceBooster_Vegavero (Marketplace Seller)_VEGAVERO Apple Cider Vinegar Gummies;626443801;8.5.2026;cpc;0,51;;0;0;0;0;0;0;0;upmF2EYPK;4260557423172;0
at_MarketplaceBooster_Vegavero (Marketplace Seller)_VEGAVERO Brewers Yeast;658347642;8.5.2026;cpc;0,51;;0;0;0;0;0;0;0;upmKUKGHH;4260557423332;0
at_CrossSellReRank_Vegavero (Marketplace Seller)_VEGAVERO Vegan Essentials Complex;658280060;8.5.2026;cpc;0,31;;1;0;0;0;0;0;0;upmHHT433;4260557421390;0
it_MarketplaceBooster_Vegavero (Marketplace Seller)_VEGAVERO Creatina in Polvere;658331593;8.5.2026;cpc;0,51;;0;0;0;0;0;0;0;upmFRZEFX;4260557423226;0
com_CrossSellReRank_Vegavero (Marketplace Seller)_VEGAVERO BIO Astaxanthin ?l;643093116;8.5.2026;cpc;0,91;;0;0;0;0;0;0;0;upm7GZX42;4260557423165;0
at_CrossSellReRank_Vegavero (Marketplace Seller)_VEGAVERO Cholin Trio;658280068;8.5.2026;cpc;0,31;;1;0;0;0;0;0;0;upm97PFY9;4260557421826;0
at_MarketplaceBooster_Vegavero (Marketplace Seller)_VEGAVERO Glucosamin Plus;658295895;8.5.2026;cpc;0,51;;0;0;0;0;0;0;0;upmKWW3MD;4260557423349;0
com_MarketplaceBooster_Vegavero (Marketplace Seller)_VEGAVERO Beifu? Extrakt;658295464;8.5.2026;cpc;0,61;;0;0;0;0;0;0;0;upmWMGCRY;4260557422090;0
at_CrossSellReRank_Vegavero (Marketplace Seller)_VEGAVERO Vitamin B12 Spray Cherry;643057333;8.5.2026;cpc;0,31;;4;0;0;0;0;0;0;14251102;4260557420027;0
it_CrossSellReRank_Vegavero (Marketplace Seller)_VEGAVERO Youth Biotics;658445087;8.5.2026;cpc;0,61;;0;0;0;0;0;0;0;upmW7Y7DL;4260557423462;0
at_MarketplaceBooster_Vegavero (Marketplace Seller)_VEGAVERO Vitamin K2;658295902;8.5.2026;cpc;0,51;;0;0;0;0;0;0;0;upmFYFHAU;4260557423424;0
at_CrossSellReRank_Vegavero (Marketplace Seller)_VEGAVERO Hyaluronsaeure;643052336;8.5.2026;cpc;0,31;;0;0;0;0;0;0;0;upmKMAH3F;4260557420539;0
at_CrossSellReRank_Vegavero (Marketplace Seller)_VEGAVERO Vitamin C liposomal;658280156;8.5.2026;cpc;0,31;;1;0;0;0;0;0;0;upm77WEEP;4260557422786;0
it_CrossSellReRank_Vegavero (Marketplace Seller)_VEGAVERO Taurina;658296231;8.5.2026;cpc;0,31;;1;0;0;0;0;0;0;upmHULHZD;4260557423370;0
it_CrossSellReRank_Vegavero (Marketplace Seller)_VEGAVERO Igname Selvatico +  Zinco;658353188;8.5.2026;cpc;0,31;;1;0;0;0;0;0;0;14251183;4260309481672;0
at_CrossSellReRank_Vegavero (Marketplace Seller)_VEGAVERO Zimt Extrakt BIO;658280146;8.5.2026;cpc;0,31;;2;0;0;0;0;0;0;upmW9KKTG;4260557422618;0
it_CrossSellReRank_Vegavero (Marketplace Seller)_VEGAVERO Drena Flux;649110222;8.5.2026;cpc;0,31;;2;0;0;0;0;0;0;upm2XGYDU;4260557422489;0
it_MarketplaceBooster_Vegavero (Marketplace Seller)_VEGAVERO Keto Power;658295962;8.5.2026;cpc;0,51;;0;0;0;0;0;0;0;upmP77L3M;4260557423288;0
at_MarketplaceBooster_Vegavero (Marketplace Seller)_VEGAVERO Nachtkerzen ?l;658283038;8.5.2026;cpc;1,01;;0;0;0;0;0;0;0;upm7DM474;4260557423448;0